=== ABCDE experiment started at Sat Aug  8 10:50:41 +07 2026 (marker: 2026-08-08T03:50:41Z) ===
--- [10:50:41] Training Set A ---

🔧 Using Hyperparameter Set A: A - Fast (Baseline)
   LSTM Epochs: 20, LGB Estimators: 20, XGB Estimators: 20


🚀 RETRAIN + GENERATE FORECAST
============================================================
🧠 Pipeline: LSTM (Primary) + LightGBM/XGBoost (Support) → Weighted Ensemble
   LSTM weight prior ≈ 20% | LGB ≈ 40% | XGB ≈ 40%
============================================================

============================================================
📋 DATA SUMMARY (All Rooms)
============================================================

📌 ภาพรวม
   จำนวน booking ทั้งหมด : 7,253 ครั้ง
   ช่วงวันที่            : 2023-04-24 → 2026-07-22
   จำนวนวันทั้งหมด       : 1,186 วัน
   วันที่มี booking       : 839 วัน
   วันที่ไม่มี booking    : 347 วัน

⏱️  ระยะเวลาการจอง (ชั่วโมง)
   เฉลี่ย    : 3.91 ชม.
   ต่ำสุด    : 0.50 ชม.
   สูงสุด    : 12.00 ชม.
   รวมทั้งหมด: 28344.5 ชม.

🎯 Target: ชั่วโมงรวม/วัน
   เฉลี่ย   : 33.78 ชม./วัน
   ต่ำสุด   : 0.50 ชม./วัน
   สูงสุด   : 107.50 ชม./วัน
   มัธยฐาน  : 36.00 ชม./วัน

🕐 การกระจายตามชั่วโมง (start_time)
   08:00  ████████████                    12039.0 ชม. (42.5%)
   09:00  █████                           4754.5 ชม. (16.8%)
   10:00                                  151.0 ชม. (0.5%)
   11:00                                  111.5 ชม. (0.4%)
   12:00  █████                           5014.5 ชม. (17.7%)
   13:00  ████                            3919.5 ชม. (13.8%)
   14:00                                  324.5 ชม. (1.1%)
   15:00  █                               1488.5 ชม. (5.3%)
   16:00                                  524.0 ชม. (1.8%)
   17:00                                  5.0 ชม. (0.0%)
   18:00                                  8.5 ชม. (0.0%)
   19:00                                  4.0 ชม. (0.0%)

📅 การกระจายตามวันในสัปดาห์
   จันทร์  ████████████████████  5708.5 ชม.
   อังคาร  █████████████████     4941.0 ชม.
   พุธ     ██████████████████    5332.0 ชม.
   พฤหัส   █████████████████     4942.0 ชม.
   ศุกร์   ███████████████       4524.5 ชม.
   เสาร์   ██████                1848.5 ชม.
   อาทิตย์  ███                   1048.0 ชม.
============================================================

🏠 ห้องกันเกรา
   🧠 [1/3] LSTM (Primary) – ห้องกันเกรา
      📈 LSTM training history: epochs=20 train_loss=1.1377 val_loss=1.1908 train_acc=0.6888 val_acc=0.6506
         ✅ success
   🌿 [2/3] LightGBM (Support)
   ⚡ [3/3] XGBoost (Support)
    🟢 LightGBM training: TrainLoss=0.2434 CalLoss=0.2393 TrainAcc=0.9495 CalAcc=0.9398
    ⚡ XGBoost training: TrainLoss=0.2380 CalLoss=0.3076 TrainAcc=0.9547 CalAcc=0.8795

  🎯 ENSEMBLE – ห้องกันเกรา [id=438]

  📊 Classification Metrics – ห้องกันเกรา [id=438]
  ──────────────────────────────────────────────────
  Accuracy  : 0.9277  (92.8%)
  F1 Score  : 0.9288  (weighted avg)
  Recall    : 0.9277  (weighted avg)
  Precision : 0.9308  (weighted avg)
  CE Loss   : 0.3673

  📋 Classification Report:
                   precision    recall  f1-score   support
     
              low       0.97      0.99      0.98        69
           medium       0.96      0.91      0.93        53
             high       0.50      0.57      0.53         7
           urgent       0.89      0.92      0.91        37
     
         accuracy                           0.93       166
        macro avg       0.83      0.85      0.84       166
     weighted avg       0.93      0.93      0.93       166
     
  ──────────────────────────────────────────────────
  📊 ENSEMBLE  : Accuracy= 97.6% | Loss=0.2308 | R²=0.9628 | MAE=0.3165
  📊 LIGHTGBM  : Accuracy= 96.4% | Loss=0.2649 | R²=0.9748 | MAE=0.2829
  📊 XGBOOST   : Accuracy= 94.0% | Loss=0.3332 | R²=0.9037 | MAE=0.4189
  📊 LSTM      : Accuracy= 84.3% | Loss=0.6063 | R²=0.5702 | MAE=1.1271
✅ ห้องกันเกรา....... [ประชุม/จัดเลี้ยง/นิทรรศการ] +LSTM✓  R²:0.963  MAE:0.32ชม  sMAPE:31.9%  Acc:0.928  F1:0.929  conf:68.1%

🏠 ห้องประดู่1–6
   🧠 [1/3] LSTM (Primary) – ห้องประดู่1–6
      📈 LSTM training history: epochs=20 train_loss=1.2277 val_loss=1.2529 train_acc=0.6729 val_acc=0.5422
         ✅ success
   🌿 [2/3] LightGBM (Support)
   ⚡ [3/3] XGBoost (Support)
    🟢 LightGBM training: TrainLoss=0.2434 CalLoss=0.2393 TrainAcc=0.9495 CalAcc=0.9398
    ⚡ XGBoost training: TrainLoss=0.2380 CalLoss=0.3076 TrainAcc=0.9547 CalAcc=0.8795

  🎯 ENSEMBLE – ห้องประดู่1–6 [id=439]

  📊 Classification Metrics – ห้องประดู่1–6 [id=439]
  ──────────────────────────────────────────────────
  Accuracy  : 0.9217  (92.2%)
  F1 Score  : 0.9241  (weighted avg)
  Recall    : 0.9217  (weighted avg)
  Precision : 0.9282  (weighted avg)
  CE Loss   : 0.3844

  📋 Classification Report:
                   precision    recall  f1-score   support
     
              low       0.97      0.99      0.98        69
           medium       0.96      0.89      0.92        53
             high       0.44      0.57      0.50         7
           urgent       0.89      0.92      0.91        37
     
         accuracy                           0.92       166
        macro avg       0.82      0.84      0.83       166
     weighted avg       0.93      0.92      0.92       166
     
  ──────────────────────────────────────────────────
  📊 ENSEMBLE  : Accuracy= 98.2% | Loss=0.2137 | R²=0.9625 | MAE=0.3165
  📊 LIGHTGBM  : Accuracy= 96.4% | Loss=0.2649 | R²=0.9748 | MAE=0.2829
  📊 XGBOOST   : Accuracy= 94.0% | Loss=0.3332 | R²=0.9037 | MAE=0.4189
  📊 LSTM      : Accuracy= 81.9% | Loss=0.6745 | R²=0.5735 | MAE=1.1773
✅ ห้องประดู่1–6..... [ประชุม/จัดกิจกรรม] +LSTM✓  R²:0.963  MAE:0.32ชม  sMAPE:31.7%  Acc:0.922  F1:0.924  conf:68.3%

🏠 ห้องพวงพยอม
   🧠 [1/3] LSTM (Primary) – ห้องพวงพยอม
      📈 LSTM training history: epochs=20 train_loss=1.1099 val_loss=1.1063 train_acc=0.6848 val_acc=0.6084
         ✅ success
   🌿 [2/3] LightGBM (Support)
   ⚡ [3/3] XGBoost (Support)
    🟢 LightGBM training: TrainLoss=0.2434 CalLoss=0.2393 TrainAcc=0.9495 CalAcc=0.9398
    ⚡ XGBoost training: TrainLoss=0.2380 CalLoss=0.3076 TrainAcc=0.9547 CalAcc=0.8795

  🎯 ENSEMBLE – ห้องพวงพยอม [id=440]

  📊 Classification Metrics – ห้องพวงพยอม [id=440]
  ──────────────────────────────────────────────────
  Accuracy  : 0.9277  (92.8%)
  F1 Score  : 0.9288  (weighted avg)
  Recall    : 0.9277  (weighted avg)
  Precision : 0.9308  (weighted avg)
  CE Loss   : 0.3673

  📋 Classification Report:
                   precision    recall  f1-score   support
     
              low       0.97      0.99      0.98        69
           medium       0.96      0.91      0.93        53
             high       0.50      0.57      0.53         7
           urgent       0.89      0.92      0.91        37
     
         accuracy                           0.93       166
        macro avg       0.83      0.85      0.84       166
     weighted avg       0.93      0.93      0.93       166
     
  ──────────────────────────────────────────────────
  📊 ENSEMBLE  : Accuracy= 98.8% | Loss=0.1967 | R²=0.9623 | MAE=0.3200
  📊 LIGHTGBM  : Accuracy= 96.4% | Loss=0.2649 | R²=0.9748 | MAE=0.2829
  📊 XGBOOST   : Accuracy= 94.0% | Loss=0.3332 | R²=0.9037 | MAE=0.4189
  📊 LSTM      : Accuracy= 80.7% | Loss=0.7087 | R²=0.5668 | MAE=1.1134
✅ ห้องพวงพยอม....... [ประชุม    ] +LSTM✓  R²:0.962  MAE:0.32ชม  sMAPE:32.0%  Acc:0.928  F1:0.929  conf:68.0%

🏠 ห้องชัยพฤกษ์
   🧠 [1/3] LSTM (Primary) – ห้องชัยพฤกษ์
      📈 LSTM training history: epochs=20 train_loss=1.2243 val_loss=1.3195 train_acc=0.6649 val_acc=0.5542
         ✅ success
   🌿 [2/3] LightGBM (Support)
   ⚡ [3/3] XGBoost (Support)
    🟢 LightGBM training: TrainLoss=0.2434 CalLoss=0.2393 TrainAcc=0.9495 CalAcc=0.9398
    ⚡ XGBoost training: TrainLoss=0.2380 CalLoss=0.3076 TrainAcc=0.9547 CalAcc=0.8795

  🎯 ENSEMBLE – ห้องชัยพฤกษ์ [id=441]

  📊 Classification Metrics – ห้องชัยพฤกษ์ [id=441]
  ──────────────────────────────────────────────────
  Accuracy  : 0.9157  (91.6%)
  F1 Score  : 0.9172  (weighted avg)
  Recall    : 0.9157  (weighted avg)
  Precision : 0.9202  (weighted avg)
  CE Loss   : 0.4015

  📋 Classification Report:
                   precision    recall  f1-score   support
     
              low       0.97      0.99      0.98        69
           medium       0.96      0.89      0.92        53
             high       0.38      0.43      0.40         7
           urgent       0.87      0.92      0.89        37
     
         accuracy                           0.92       166
        macro avg       0.79      0.80      0.80       166
     weighted avg       0.92      0.92      0.92       166
     
  ──────────────────────────────────────────────────
  📊 ENSEMBLE  : Accuracy= 98.2% | Loss=0.2137 | R²=0.9627 | MAE=0.3162
  📊 LIGHTGBM  : Accuracy= 96.4% | Loss=0.2649 | R²=0.9748 | MAE=0.2829
  📊 XGBOOST   : Accuracy= 94.0% | Loss=0.3332 | R²=0.9037 | MAE=0.4189
  📊 LSTM      : Accuracy= 81.3% | Loss=0.6916 | R²=0.5750 | MAE=1.1873
✅ ห้องชัยพฤกษ์...... [ประชุม/จัดเลี้ยง/นิทรรศการ] +LSTM✓  R²:0.963  MAE:0.32ชม  sMAPE:31.7%  Acc:0.916  F1:0.917  conf:68.3%

🏠 1C-MEETING
   🧠 [1/3] LSTM (Primary) – 1C-MEETING
      📈 LSTM training history: epochs=20 train_loss=0.3279 val_loss=0.1888 train_acc=0.9043 val_acc=0.9650
         ✅ success
   🌿 [2/3] LightGBM (Support)
   ⚡ [3/3] XGBoost (Support)
    🟢 LightGBM training: TrainLoss=0.0248 CalLoss=0.0171 TrainAcc=0.9955 CalAcc=0.9860
    ⚡ XGBoost training: TrainLoss=0.0195 CalLoss=0.0201 TrainAcc=0.9970 CalAcc=0.9860

  🎯 ENSEMBLE – 1C-MEETING [id=442]

  📊 Classification Metrics – 1C-MEETING [id=442]
  ──────────────────────────────────────────────────
  Accuracy  : 0.9931  (99.3%)
  F1 Score  : 0.9896  (weighted avg)
  Recall    : 0.9931  (weighted avg)
  Precision : 0.9862  (weighted avg)
  CE Loss   : 0.1822

  📋 Classification Report:
                   precision    recall  f1-score   support
     
              low       0.99      1.00      1.00       140
           medium       0.00      0.00      0.00         1
             high       0.00      0.00      0.00         0
           urgent       1.00      1.00      1.00         3
     
         accuracy                           0.99       144
        macro avg       0.50      0.50      0.50       144
     weighted avg       0.99      0.99      0.99       144
     
  ──────────────────────────────────────────────────
  📊 ENSEMBLE  : Accuracy=100.0% | Loss=0.1625 | R²=-0.2000 | MAE=0.2462
  📊 LIGHTGBM  : Accuracy=100.0% | Loss=0.1625 | R²=0.9673 | MAE=0.0113
  📊 XGBOOST   : Accuracy=100.0% | Loss=0.1625 | R²=-4.5278 | MAE=0.5205
  📊 LSTM      : Accuracy= 98.6% | Loss=0.2019 | R²=-0.0415 | MAE=0.0938
✅ 1C-MEETING........ [ห้องประชุม] [no LSTM]  R²:-0.200  MAE:0.25ชม  sMAPE:26.5%  Acc:0.993  F1:0.990  conf:73.5%

🏠 2C05-06
   🧠 [1/3] LSTM (Primary) – 2C05-06
      📈 LSTM training history: epochs=20 train_loss=2.0539 val_loss=2.1660 train_acc=0.6698 val_acc=0.6951
         ✅ success
   🌿 [2/3] LightGBM (Support)
   ⚡ [3/3] XGBoost (Support)
    🟢 LightGBM training: TrainLoss=0.3770 CalLoss=0.5643 TrainAcc=0.9503 CalAcc=0.8720
    ⚡ XGBoost training: TrainLoss=0.3839 CalLoss=0.6123 TrainAcc=0.9582 CalAcc=0.8415

  🎯 ENSEMBLE – 2C05-06 [id=443]

  📊 Classification Metrics – 2C05-06 [id=443]
  ──────────────────────────────────────────────────
  Accuracy  : 0.8476  (84.8%)
  F1 Score  : 0.8446  (weighted avg)
  Recall    : 0.8476  (weighted avg)
  Precision : 0.8441  (weighted avg)
  CE Loss   : 0.5944

  📋 Classification Report:
                   precision    recall  f1-score   support
     
              low       0.85      0.92      0.88        74
           medium       0.82      0.80      0.81        59
             high       0.00      0.00      0.00         3
           urgent       0.96      0.86      0.91        28
     
         accuracy                           0.85       164
        macro avg       0.66      0.64      0.65       164
     weighted avg       0.84      0.85      0.84       164
     
  ──────────────────────────────────────────────────
  📊 ENSEMBLE  : Accuracy= 98.8% | Loss=0.1971 | R²=0.9780 | MAE=0.3950
  📊 LIGHTGBM  : Accuracy= 97.6% | Loss=0.2316 | R²=0.9769 | MAE=0.4195
  📊 XGBOOST   : Accuracy= 99.4% | Loss=0.1798 | R²=0.9648 | MAE=0.4934
  📊 LSTM      : Accuracy= 78.7% | Loss=0.7672 | R²=0.2366 | MAE=2.2975
✅ 2C05-06........... [ห้องปฏิบัติการคอมพิวเตอร์] +LSTM✓  R²:0.978  MAE:0.40ชม  sMAPE:39.4%  Acc:0.848  F1:0.845  conf:60.6%

🏠 2C07
   🧠 [1/3] LSTM (Primary) – 2C07
      📈 LSTM training history: epochs=20 train_loss=1.1559 val_loss=1.2480 train_acc=0.6888 val_acc=0.5723
         ✅ success
   🌿 [2/3] LightGBM (Support)
   ⚡ [3/3] XGBoost (Support)
    🟢 LightGBM training: TrainLoss=0.2434 CalLoss=0.2393 TrainAcc=0.9495 CalAcc=0.9398
    ⚡ XGBoost training: TrainLoss=0.2380 CalLoss=0.3076 TrainAcc=0.9547 CalAcc=0.8795

  🎯 ENSEMBLE – 2C07 [id=444]

  📊 Classification Metrics – 2C07 [id=444]
  ──────────────────────────────────────────────────
  Accuracy  : 0.9217  (92.2%)
  F1 Score  : 0.9241  (weighted avg)
  Recall    : 0.9217  (weighted avg)
  Precision : 0.9282  (weighted avg)
  CE Loss   : 0.3844

  📋 Classification Report:
                   precision    recall  f1-score   support
     
              low       0.97      0.99      0.98        69
           medium       0.96      0.89      0.92        53
             high       0.44      0.57      0.50         7
           urgent       0.89      0.92      0.91        37
     
         accuracy                           0.92       166
        macro avg       0.82      0.84      0.83       166
     weighted avg       0.93      0.92      0.92       166
     
  ──────────────────────────────────────────────────
  📊 ENSEMBLE  : Accuracy= 98.2% | Loss=0.2137 | R²=0.9626 | MAE=0.3164
  📊 LIGHTGBM  : Accuracy= 96.4% | Loss=0.2649 | R²=0.9748 | MAE=0.2829
  📊 XGBOOST   : Accuracy= 94.0% | Loss=0.3332 | R²=0.9037 | MAE=0.4189
  📊 LSTM      : Accuracy= 82.5% | Loss=0.6575 | R²=0.6123 | MAE=1.1090
✅ 2C07.............. [ห้องปฏิบัติการ imac] +LSTM✓  R²:0.963  MAE:0.32ชม  sMAPE:31.8%  Acc:0.922  F1:0.924  conf:68.2%

🏠 2C09
   🧠 [1/3] LSTM (Primary) – 2C09
      📈 LSTM training history: epochs=20 train_loss=1.4345 val_loss=2.4143 train_acc=0.7785 val_acc=0.5915
         ✅ success
   🌿 [2/3] LightGBM (Support)
   ⚡ [3/3] XGBoost (Support)
    🟢 LightGBM training: TrainLoss=0.2160 CalLoss=0.3371 TrainAcc=0.9425 CalAcc=0.9695
    ⚡ XGBoost training: TrainLoss=0.2264 CalLoss=0.3980 TrainAcc=0.9399 CalAcc=0.9695

  🎯 ENSEMBLE – 2C09 [id=445]

  📊 Classification Metrics – 2C09 [id=445]
  ──────────────────────────────────────────────────
  Accuracy  : 0.9756  (97.6%)
  F1 Score  : 0.9731  (weighted avg)
  Recall    : 0.9756  (weighted avg)
  Precision : 0.9778  (weighted avg)
  CE Loss   : 0.2316

  📋 Classification Report:
                   precision    recall  f1-score   support
     
              low       1.00      0.99      1.00       135
           medium       0.88      1.00      0.94        22
             high       1.00      0.33      0.50         3
           urgent       0.75      0.75      0.75         4
     
         accuracy                           0.98       164
        macro avg       0.91      0.77      0.80       164
     weighted avg       0.98      0.98      0.97       164
     
  ──────────────────────────────────────────────────
  📊 ENSEMBLE  : Accuracy= 98.8% | Loss=0.1971 | R²=0.9771 | MAE=0.1581
  📊 LIGHTGBM  : Accuracy= 98.8% | Loss=0.1971 | R²=0.9697 | MAE=0.1861
  📊 XGBOOST   : Accuracy= 98.8% | Loss=0.1971 | R²=0.9743 | MAE=0.1687
  📊 LSTM      : Accuracy= 93.3% | Loss=0.3526 | R²=-0.1710 | MAE=1.5699
✅ 2C09.............. [ห้องปฏิบัติการคอมพิวเตอร์] +LSTM✓  R²:0.977  MAE:0.16ชม  sMAPE:42.0%  Acc:0.976  F1:0.973  conf:58.0%

🏠 2C10-11
   🧠 [1/3] LSTM (Primary) – 2C10-11
      📈 LSTM training history: epochs=20 train_loss=2.1506 val_loss=2.1686 train_acc=0.6872 val_acc=0.5915
         ✅ success
   🌿 [2/3] LightGBM (Support)
   ⚡ [3/3] XGBoost (Support)
    🟢 LightGBM training: TrainLoss=0.3681 CalLoss=0.4748 TrainAcc=0.9268 CalAcc=0.8659
    ⚡ XGBoost training: TrainLoss=0.3555 CalLoss=0.4428 TrainAcc=0.9255 CalAcc=0.8659

  🎯 ENSEMBLE – 2C10-11 [id=446]

  📊 Classification Metrics – 2C10-11 [id=446]
  ──────────────────────────────────────────────────
  Accuracy  : 0.9146  (91.5%)
  F1 Score  : 0.9115  (weighted avg)
  Recall    : 0.9146  (weighted avg)
  Precision : 0.9148  (weighted avg)
  CE Loss   : 0.4044

  📋 Classification Report:
                   precision    recall  f1-score   support
     
              low       0.92      1.00      0.96        96
           medium       0.87      0.81      0.84        42
             high       1.00      0.50      0.67         2
           urgent       0.95      0.79      0.86        24
     
         accuracy                           0.91       164
        macro avg       0.94      0.78      0.83       164
     weighted avg       0.91      0.91      0.91       164
     
  ──────────────────────────────────────────────────
  📊 ENSEMBLE  : Accuracy= 97.0% | Loss=0.2489 | R²=0.9577 | MAE=0.4773
  📊 LIGHTGBM  : Accuracy= 95.1% | Loss=0.3007 | R²=0.9425 | MAE=0.5434
  📊 XGBOOST   : Accuracy= 98.2% | Loss=0.2143 | R²=0.9449 | MAE=0.5553
  📊 LSTM      : Accuracy= 79.9% | Loss=0.7326 | R²=0.1269 | MAE=2.3322
✅ 2C10-11........... [ห้องปฏิบัติการคอมพิวเตอร์] +LSTM✓  R²:0.958  MAE:0.48ชม  sMAPE:42.6%  Acc:0.915  F1:0.911  conf:57.4%

🏠 2C16-17
   🧠 [1/3] LSTM (Primary) – 2C16-17
      📈 LSTM training history: epochs=20 train_loss=1.9741 val_loss=2.4693 train_acc=0.6550 val_acc=0.5854
         ✅ success
   🌿 [2/3] LightGBM (Support)
   ⚡ [3/3] XGBoost (Support)
    🟢 LightGBM training: TrainLoss=0.3032 CalLoss=0.6168 TrainAcc=0.9438 CalAcc=0.8780
    ⚡ XGBoost training: TrainLoss=0.3233 CalLoss=0.5388 TrainAcc=0.9490 CalAcc=0.9024

  🎯 ENSEMBLE – 2C16-17 [id=447]

  📊 Classification Metrics – 2C16-17 [id=447]
  ──────────────────────────────────────────────────
  Accuracy  : 0.8476  (84.8%)
  F1 Score  : 0.8227  (weighted avg)
  Recall    : 0.8476  (weighted avg)
  Precision : 0.8764  (weighted avg)
  CE Loss   : 0.5944

  📋 Classification Report:
                   precision    recall  f1-score   support
     
              low       0.99      0.97      0.98       101
           medium       0.57      0.96      0.72        28
             high       0.80      0.17      0.28        24
           urgent       0.77      0.91      0.83        11
     
         accuracy                           0.85       164
        macro avg       0.78      0.75      0.70       164
     weighted avg       0.88      0.85      0.82       164
     
  ──────────────────────────────────────────────────
  📊 ENSEMBLE  : Accuracy= 96.3% | Loss=0.2662 | R²=0.9710 | MAE=0.4296
  📊 LIGHTGBM  : Accuracy= 93.9% | Loss=0.3353 | R²=0.9675 | MAE=0.4435
  📊 XGBOOST   : Accuracy= 97.0% | Loss=0.2489 | R²=0.9697 | MAE=0.4629
  📊 LSTM      : Accuracy= 67.7% | Loss=1.0781 | R²=0.2096 | MAE=2.3504
✅ 2C16-17........... [ห้องปฏิบัติการคอมพิวเตอร์] +LSTM✓  R²:0.971  MAE:0.43ชม  sMAPE:53.5%  Acc:0.848  F1:0.823  conf:46.5%

🏠 3C05-06
   🧠 [1/3] LSTM (Primary) – 3C05-06
      📈 LSTM training history: epochs=20 train_loss=2.0013 val_loss=2.2718 train_acc=0.6324 val_acc=0.6258
         ✅ success
   🌿 [2/3] LightGBM (Support)
   ⚡ [3/3] XGBoost (Support)
    🟢 LightGBM training: TrainLoss=0.3944 CalLoss=0.5348 TrainAcc=0.9329 CalAcc=0.8834
    ⚡ XGBoost training: TrainLoss=0.3709 CalLoss=0.5069 TrainAcc=0.9421 CalAcc=0.9080

  🎯 ENSEMBLE – 3C05-06 [id=448]

  📊 Classification Metrics – 3C05-06 [id=448]
  ──────────────────────────────────────────────────
  Accuracy  : 0.7853  (78.5%)
  F1 Score  : 0.7678  (weighted avg)
  Recall    : 0.7853  (weighted avg)
  Precision : 0.7907  (weighted avg)
  CE Loss   : 0.7709

  📋 Classification Report:
                   precision    recall  f1-score   support
     
              low       0.74      0.99      0.85        72
           medium       0.79      0.47      0.59        47
             high       0.40      0.29      0.33         7
           urgent       0.97      0.89      0.93        37
     
         accuracy                           0.79       163
        macro avg       0.72      0.66      0.67       163
     weighted avg       0.79      0.79      0.77       163
     
  ──────────────────────────────────────────────────
  📊 ENSEMBLE  : Accuracy= 98.2% | Loss=0.2147 | R²=0.9481 | MAE=0.6345
  📊 LIGHTGBM  : Accuracy= 96.3% | Loss=0.2668 | R²=0.9447 | MAE=0.6751
  📊 XGBOOST   : Accuracy= 98.8% | Loss=0.1973 | R²=0.9498 | MAE=0.5951
  📊 LSTM      : Accuracy= 78.5% | Loss=0.7709 | R²=0.4723 | MAE=2.1950
✅ 3C05-06........... [ห้องปฏิบัติการคอมพิวเตอร์] +LSTM✓  R²:0.948  MAE:0.63ชม  sMAPE:42.4%  Acc:0.785  F1:0.768  conf:57.6%

🏠 3C10-11(SMARTCLASSROOM)
   🧠 [1/3] LSTM (Primary) – 3C10-11(SMARTCLASSROOM)
      📈 LSTM training history: epochs=20 train_loss=1.2044 val_loss=1.3071 train_acc=0.6769 val_acc=0.6024
         ✅ success
   🌿 [2/3] LightGBM (Support)
   ⚡ [3/3] XGBoost (Support)
    🟢 LightGBM training: TrainLoss=0.2434 CalLoss=0.2393 TrainAcc=0.9495 CalAcc=0.9398
    ⚡ XGBoost training: TrainLoss=0.2380 CalLoss=0.3076 TrainAcc=0.9547 CalAcc=0.8795

  🎯 ENSEMBLE – 3C10-11(SMARTCLASSROOM) [id=449]

  📊 Classification Metrics – 3C10-11(SMARTCLASSROOM) [id=449]
  ──────────────────────────────────────────────────
  Accuracy  : 0.9157  (91.6%)
  F1 Score  : 0.9172  (weighted avg)
  Recall    : 0.9157  (weighted avg)
  Precision : 0.9202  (weighted avg)
  CE Loss   : 0.4015

  📋 Classification Report:
                   precision    recall  f1-score   support
     
              low       0.97      0.99      0.98        69
           medium       0.96      0.89      0.92        53
             high       0.38      0.43      0.40         7
           urgent       0.87      0.92      0.89        37
     
         accuracy                           0.92       166
        macro avg       0.79      0.80      0.80       166
     weighted avg       0.92      0.92      0.92       166
     
  ──────────────────────────────────────────────────
  📊 ENSEMBLE  : Accuracy= 97.6% | Loss=0.2308 | R²=0.9626 | MAE=0.3173
  📊 LIGHTGBM  : Accuracy= 96.4% | Loss=0.2649 | R²=0.9748 | MAE=0.2829
  📊 XGBOOST   : Accuracy= 94.0% | Loss=0.3332 | R²=0.9037 | MAE=0.4189
  📊 LSTM      : Accuracy= 81.3% | Loss=0.6916 | R²=0.5097 | MAE=1.2823
✅ 3C10-11(SMARTCLASSROOM) [smart classroom] +LSTM✓  R²:0.963  MAE:0.32ชม  sMAPE:31.8%  Acc:0.916  F1:0.917  conf:68.2%

🏠 3C12
   🧠 [1/3] LSTM (Primary) – 3C12
      📈 LSTM training history: epochs=20 train_loss=1.1485 val_loss=1.2034 train_acc=0.6742 val_acc=0.6024
         ✅ success
   🌿 [2/3] LightGBM (Support)
   ⚡ [3/3] XGBoost (Support)
    🟢 LightGBM training: TrainLoss=0.2434 CalLoss=0.2393 TrainAcc=0.9495 CalAcc=0.9398
    ⚡ XGBoost training: TrainLoss=0.2380 CalLoss=0.3076 TrainAcc=0.9547 CalAcc=0.8795

  🎯 ENSEMBLE – 3C12 [id=450]

  📊 Classification Metrics – 3C12 [id=450]
  ──────────────────────────────────────────────────
  Accuracy  : 0.9157  (91.6%)
  F1 Score  : 0.9158  (weighted avg)
  Recall    : 0.9157  (weighted avg)
  Precision : 0.9176  (weighted avg)
  CE Loss   : 0.4015

  📋 Classification Report:
                   precision    recall  f1-score   support
     
              low       0.97      0.99      0.98        69
           medium       0.96      0.89      0.92        53
             high       0.43      0.43      0.43         7
           urgent       0.85      0.92      0.88        37
     
         accuracy                           0.92       166
        macro avg       0.80      0.80      0.80       166
     weighted avg       0.92      0.92      0.92       166
     
  ──────────────────────────────────────────────────
  📊 ENSEMBLE  : Accuracy= 97.6% | Loss=0.2308 | R²=0.9626 | MAE=0.3172
  📊 LIGHTGBM  : Accuracy= 96.4% | Loss=0.2649 | R²=0.9748 | MAE=0.2829
  📊 XGBOOST   : Accuracy= 94.0% | Loss=0.3332 | R²=0.9037 | MAE=0.4189
  📊 LSTM      : Accuracy= 84.3% | Loss=0.6063 | R²=0.5864 | MAE=1.1112
✅ 3C12.............. [ห้องประชุม/สัมมนา] +LSTM✓  R²:0.963  MAE:0.32ชม  sMAPE:31.8%  Acc:0.916  F1:0.916  conf:68.2%

🏠 3C15-16
   🧠 [1/3] LSTM (Primary) – 3C15-16
      📈 LSTM training history: epochs=20 train_loss=1.2527 val_loss=1.2832 train_acc=0.6858 val_acc=0.6364
         ✅ success
   🌿 [2/3] LightGBM (Support)
   ⚡ [3/3] XGBoost (Support)
    🟢 LightGBM training: TrainLoss=0.2725 CalLoss=0.2834 TrainAcc=0.9533 CalAcc=0.9091
    ⚡ XGBoost training: TrainLoss=0.2623 CalLoss=0.3396 TrainAcc=0.9326 CalAcc=0.8727

  🎯 ENSEMBLE – 3C15-16 [id=451]

  📊 Classification Metrics – 3C15-16 [id=451]
  ──────────────────────────────────────────────────
  Accuracy  : 0.9277  (92.8%)
  F1 Score  : 0.9291  (weighted avg)
  Recall    : 0.9277  (weighted avg)
  Precision : 0.9309  (weighted avg)
  CE Loss   : 0.3673

  📋 Classification Report:
                   precision    recall  f1-score   support
     
              low       0.99      1.00      0.99        69
           medium       0.95      0.91      0.93        57
             high       0.38      0.43      0.40         7
           urgent       0.91      0.91      0.91        33
     
         accuracy                           0.93       166
        macro avg       0.80      0.81      0.81       166
     weighted avg       0.93      0.93      0.93       166
     
  ──────────────────────────────────────────────────
  📊 ENSEMBLE  : Accuracy= 95.2% | Loss=0.2991 | R²=0.9697 | MAE=0.3429
  📊 LIGHTGBM  : Accuracy= 95.8% | Loss=0.2820 | R²=0.9717 | MAE=0.3223
  📊 XGBOOST   : Accuracy= 94.6% | Loss=0.3161 | R²=0.9587 | MAE=0.4045
  📊 LSTM      : Accuracy= 80.7% | Loss=0.7087 | R²=0.5846 | MAE=1.2488
✅ 3C15-16........... [ห้องปฏิบัติการคอมพิวเตอร์] +LSTM✓  R²:0.970  MAE:0.34ชม  sMAPE:33.1%  Acc:0.928  F1:0.929  conf:66.9%

🏠 4C05(VDOCONFERENCE)
   🧠 [1/3] LSTM (Primary) – 4C05(VDOCONFERENCE)
      📈 LSTM training history: epochs=20 train_loss=1.1189 val_loss=1.0956 train_acc=0.6902 val_acc=0.6627
         ✅ success
   🌿 [2/3] LightGBM (Support)
   ⚡ [3/3] XGBoost (Support)
    🟢 LightGBM training: TrainLoss=0.2434 CalLoss=0.2393 TrainAcc=0.9495 CalAcc=0.9398
    ⚡ XGBoost training: TrainLoss=0.2380 CalLoss=0.3076 TrainAcc=0.9547 CalAcc=0.8795

  🎯 ENSEMBLE – 4C05(VDOCONFERENCE) [id=452]

  📊 Classification Metrics – 4C05(VDOCONFERENCE) [id=452]
  ──────────────────────────────────────────────────
  Accuracy  : 0.9217  (92.2%)
  F1 Score  : 0.9218  (weighted avg)
  Recall    : 0.9217  (weighted avg)
  Precision : 0.9227  (weighted avg)
  CE Loss   : 0.3844

  📋 Classification Report:
                   precision    recall  f1-score   support
     
              low       0.97      0.99      0.98        69
           medium       0.96      0.91      0.93        53
             high       0.43      0.43      0.43         7
           urgent       0.87      0.92      0.89        37
     
         accuracy                           0.92       166
        macro avg       0.81      0.81      0.81       166
     weighted avg       0.92      0.92      0.92       166
     
  ──────────────────────────────────────────────────
  📊 ENSEMBLE  : Accuracy= 98.2% | Loss=0.2137 | R²=0.9623 | MAE=0.3192
  📊 LIGHTGBM  : Accuracy= 96.4% | Loss=0.2649 | R²=0.9748 | MAE=0.2829
  📊 XGBOOST   : Accuracy= 94.0% | Loss=0.3332 | R²=0.9037 | MAE=0.4189
  📊 LSTM      : Accuracy= 82.5% | Loss=0.6575 | R²=0.5538 | MAE=1.1233
✅ 4C05(VDOCONFERENCE) [ห้องประชุม/vdo conference] +LSTM✓  R²:0.962  MAE:0.32ชม  sMAPE:32.0%  Acc:0.922  F1:0.922  conf:68.0%

🏠 ห้องบรรยาย2110
   🧠 [1/3] LSTM (Primary) – ห้องบรรยาย2110
      📈 LSTM training history: epochs=20 train_loss=1.1210 val_loss=1.0549 train_acc=0.7008 val_acc=0.6627
         ✅ success
   🌿 [2/3] LightGBM (Support)
   ⚡ [3/3] XGBoost (Support)
    🟢 LightGBM training: TrainLoss=0.2434 CalLoss=0.2393 TrainAcc=0.9495 CalAcc=0.9398
    ⚡ XGBoost training: TrainLoss=0.2380 CalLoss=0.3076 TrainAcc=0.9547 CalAcc=0.8795

  🎯 ENSEMBLE – ห้องบรรยาย2110 [id=453]

  📊 Classification Metrics – ห้องบรรยาย2110 [id=453]
  ──────────────────────────────────────────────────
  Accuracy  : 0.9277  (92.8%)
  F1 Score  : 0.9288  (weighted avg)
  Recall    : 0.9277  (weighted avg)
  Precision : 0.9308  (weighted avg)
  CE Loss   : 0.3673

  📋 Classification Report:
                   precision    recall  f1-score   support
     
              low       0.97      0.99      0.98        69
           medium       0.96      0.91      0.93        53
             high       0.50      0.57      0.53         7
           urgent       0.89      0.92      0.91        37
     
         accuracy                           0.93       166
        macro avg       0.83      0.85      0.84       166
     weighted avg       0.93      0.93      0.93       166
     
  ──────────────────────────────────────────────────
  📊 ENSEMBLE  : Accuracy= 97.0% | Loss=0.2479 | R²=0.9622 | MAE=0.3200
  📊 LIGHTGBM  : Accuracy= 96.4% | Loss=0.2649 | R²=0.9748 | MAE=0.2829
  📊 XGBOOST   : Accuracy= 94.0% | Loss=0.3332 | R²=0.9037 | MAE=0.4189
  📊 LSTM      : Accuracy= 83.7% | Loss=0.6233 | R²=0.5961 | MAE=1.1015
✅ ห้องบรรยาย2110.... [ห้องบรรยาย] +LSTM✓  R²:0.962  MAE:0.32ชม  sMAPE:31.9%  Acc:0.928  F1:0.929  conf:68.1%

🏠 ห้องบรรยาย2201
   🧠 [1/3] LSTM (Primary) – ห้องบรรยาย2201
      📈 LSTM training history: epochs=20 train_loss=1.1878 val_loss=1.2644 train_acc=0.6689 val_acc=0.6265
         ✅ success
   🌿 [2/3] LightGBM (Support)
   ⚡ [3/3] XGBoost (Support)
    🟢 LightGBM training: TrainLoss=0.2434 CalLoss=0.2393 TrainAcc=0.9495 CalAcc=0.9398
    ⚡ XGBoost training: TrainLoss=0.2380 CalLoss=0.3076 TrainAcc=0.9547 CalAcc=0.8795

  🎯 ENSEMBLE – ห้องบรรยาย2201 [id=454]

  📊 Classification Metrics – ห้องบรรยาย2201 [id=454]
  ──────────────────────────────────────────────────
  Accuracy  : 0.9157  (91.6%)
  F1 Score  : 0.9172  (weighted avg)
  Recall    : 0.9157  (weighted avg)
  Precision : 0.9202  (weighted avg)
  CE Loss   : 0.4015

  📋 Classification Report:
                   precision    recall  f1-score   support
     
              low       0.97      0.99      0.98        69
           medium       0.96      0.89      0.92        53
             high       0.38      0.43      0.40         7
           urgent       0.87      0.92      0.89        37
     
         accuracy                           0.92       166
        macro avg       0.79      0.80      0.80       166
     weighted avg       0.92      0.92      0.92       166
     
  ──────────────────────────────────────────────────
  📊 ENSEMBLE  : Accuracy= 97.6% | Loss=0.2308 | R²=0.9626 | MAE=0.3167
  📊 LIGHTGBM  : Accuracy= 96.4% | Loss=0.2649 | R²=0.9748 | MAE=0.2829
  📊 XGBOOST   : Accuracy= 94.0% | Loss=0.3332 | R²=0.9037 | MAE=0.4189
  📊 LSTM      : Accuracy= 81.9% | Loss=0.6745 | R²=0.5823 | MAE=1.1647
✅ ห้องบรรยาย2201.... [ห้องบรรยาย] +LSTM✓  R²:0.963  MAE:0.32ชม  sMAPE:31.8%  Acc:0.916  F1:0.917  conf:68.2%

🏠 ห้องบรรยาย2203
   🧠 [1/3] LSTM (Primary) – ห้องบรรยาย2203
      📈 LSTM training history: epochs=20 train_loss=1.1201 val_loss=1.1598 train_acc=0.6875 val_acc=0.6145
         ✅ success
   🌿 [2/3] LightGBM (Support)
   ⚡ [3/3] XGBoost (Support)
    🟢 LightGBM training: TrainLoss=0.2434 CalLoss=0.2393 TrainAcc=0.9495 CalAcc=0.9398
    ⚡ XGBoost training: TrainLoss=0.2380 CalLoss=0.3076 TrainAcc=0.9547 CalAcc=0.8795

  🎯 ENSEMBLE – ห้องบรรยาย2203 [id=455]

  📊 Classification Metrics – ห้องบรรยาย2203 [id=455]
  ──────────────────────────────────────────────────
  Accuracy  : 0.9217  (92.2%)
  F1 Score  : 0.9218  (weighted avg)
  Recall    : 0.9217  (weighted avg)
  Precision : 0.9227  (weighted avg)
  CE Loss   : 0.3844

  📋 Classification Report:
                   precision    recall  f1-score   support
     
              low       0.97      0.99      0.98        69
           medium       0.96      0.91      0.93        53
             high       0.43      0.43      0.43         7
           urgent       0.87      0.92      0.89        37
     
         accuracy                           0.92       166
        macro avg       0.81      0.81      0.81       166
     weighted avg       0.92      0.92      0.92       166
     
  ──────────────────────────────────────────────────
  📊 ENSEMBLE  : Accuracy= 98.8% | Loss=0.1967 | R²=0.9626 | MAE=0.3174
  📊 LIGHTGBM  : Accuracy= 96.4% | Loss=0.2649 | R²=0.9748 | MAE=0.2829
  📊 XGBOOST   : Accuracy= 94.0% | Loss=0.3332 | R²=0.9037 | MAE=0.4189
  📊 LSTM      : Accuracy= 83.1% | Loss=0.6404 | R²=0.6365 | MAE=1.0552
✅ ห้องบรรยาย2203.... [ห้องบรรยาย] +LSTM✓  R²:0.963  MAE:0.32ชม  sMAPE:31.8%  Acc:0.922  F1:0.922  conf:68.2%

🏠 ห้องบรรยาย2205
   🧠 [1/3] LSTM (Primary) – ห้องบรรยาย2205
      📈 LSTM training history: epochs=20 train_loss=1.1328 val_loss=1.0801 train_acc=0.6795 val_acc=0.6205
         ✅ success
   🌿 [2/3] LightGBM (Support)
   ⚡ [3/3] XGBoost (Support)
    🟢 LightGBM training: TrainLoss=0.2434 CalLoss=0.2393 TrainAcc=0.9495 CalAcc=0.9398
    ⚡ XGBoost training: TrainLoss=0.2380 CalLoss=0.3076 TrainAcc=0.9547 CalAcc=0.8795

  🎯 ENSEMBLE – ห้องบรรยาย2205 [id=456]

  📊 Classification Metrics – ห้องบรรยาย2205 [id=456]
  ──────────────────────────────────────────────────
  Accuracy  : 0.9277  (92.8%)
  F1 Score  : 0.9288  (weighted avg)
  Recall    : 0.9277  (weighted avg)
  Precision : 0.9308  (weighted avg)
  CE Loss   : 0.3673

  📋 Classification Report:
                   precision    recall  f1-score   support
     
              low       0.97      0.99      0.98        69
           medium       0.96      0.91      0.93        53
             high       0.50      0.57      0.53         7
           urgent       0.89      0.92      0.91        37
     
         accuracy                           0.93       166
        macro avg       0.83      0.85      0.84       166
     weighted avg       0.93      0.93      0.93       166
     
  ──────────────────────────────────────────────────
  📊 ENSEMBLE  : Accuracy= 97.6% | Loss=0.2308 | R²=0.9619 | MAE=0.3222
  📊 LIGHTGBM  : Accuracy= 96.4% | Loss=0.2649 | R²=0.9748 | MAE=0.2829
  📊 XGBOOST   : Accuracy= 94.0% | Loss=0.3332 | R²=0.9037 | MAE=0.4189
  📊 LSTM      : Accuracy= 80.1% | Loss=0.7257 | R²=0.5912 | MAE=1.1728
✅ ห้องบรรยาย2205.... [ห้องบรรยาย] +LSTM✓  R²:0.962  MAE:0.32ชม  sMAPE:31.9%  Acc:0.928  F1:0.929  conf:68.1%

🏠 ห้องบรรยาย2209
   🧠 [1/3] LSTM (Primary) – ห้องบรรยาย2209
      📈 LSTM training history: epochs=20 train_loss=1.0969 val_loss=1.0823 train_acc=0.6968 val_acc=0.6506
         ✅ success
   🌿 [2/3] LightGBM (Support)
   ⚡ [3/3] XGBoost (Support)
    🟢 LightGBM training: TrainLoss=0.2434 CalLoss=0.2393 TrainAcc=0.9495 CalAcc=0.9398
    ⚡ XGBoost training: TrainLoss=0.2380 CalLoss=0.3076 TrainAcc=0.9547 CalAcc=0.8795

  🎯 ENSEMBLE – ห้องบรรยาย2209 [id=457]

  📊 Classification Metrics – ห้องบรรยาย2209 [id=457]
  ──────────────────────────────────────────────────
  Accuracy  : 0.9217  (92.2%)
  F1 Score  : 0.9218  (weighted avg)
  Recall    : 0.9217  (weighted avg)
  Precision : 0.9227  (weighted avg)
  CE Loss   : 0.3844

  📋 Classification Report:
                   precision    recall  f1-score   support
     
              low       0.97      0.99      0.98        69
           medium       0.96      0.91      0.93        53
             high       0.43      0.43      0.43         7
           urgent       0.87      0.92      0.89        37
     
         accuracy                           0.92       166
        macro avg       0.81      0.81      0.81       166
     weighted avg       0.92      0.92      0.92       166
     
  ──────────────────────────────────────────────────
  📊 ENSEMBLE  : Accuracy= 97.0% | Loss=0.2479 | R²=0.9620 | MAE=0.3211
  📊 LIGHTGBM  : Accuracy= 96.4% | Loss=0.2649 | R²=0.9748 | MAE=0.2829
  📊 XGBOOST   : Accuracy= 94.0% | Loss=0.3332 | R²=0.9037 | MAE=0.4189
  📊 LSTM      : Accuracy= 83.1% | Loss=0.6404 | R²=0.5768 | MAE=1.0945
✅ ห้องบรรยาย2209.... [ห้องบรรยาย] +LSTM✓  R²:0.962  MAE:0.32ชม  sMAPE:32.0%  Acc:0.922  F1:0.922  conf:68.0%

🏠 ห้องบรรยาย2305
   🧠 [1/3] LSTM (Primary) – ห้องบรรยาย2305
      📈 LSTM training history: epochs=20 train_loss=1.1460 val_loss=1.1800 train_acc=0.6715 val_acc=0.6084
         ✅ success
   🌿 [2/3] LightGBM (Support)
   ⚡ [3/3] XGBoost (Support)
    🟢 LightGBM training: TrainLoss=0.2434 CalLoss=0.2393 TrainAcc=0.9495 CalAcc=0.9398
    ⚡ XGBoost training: TrainLoss=0.2380 CalLoss=0.3076 TrainAcc=0.9547 CalAcc=0.8795

  🎯 ENSEMBLE – ห้องบรรยาย2305 [id=458]

  📊 Classification Metrics – ห้องบรรยาย2305 [id=458]
  ──────────────────────────────────────────────────
  Accuracy  : 0.9217  (92.2%)
  F1 Score  : 0.9218  (weighted avg)
  Recall    : 0.9217  (weighted avg)
  Precision : 0.9227  (weighted avg)
  CE Loss   : 0.3844

  📋 Classification Report:
                   precision    recall  f1-score   support
     
              low       0.97      0.99      0.98        69
           medium       0.96      0.91      0.93        53
             high       0.43      0.43      0.43         7
           urgent       0.87      0.92      0.89        37
     
         accuracy                           0.92       166
        macro avg       0.81      0.81      0.81       166
     weighted avg       0.92      0.92      0.92       166
     
  ──────────────────────────────────────────────────
  📊 ENSEMBLE  : Accuracy= 97.6% | Loss=0.2308 | R²=0.9628 | MAE=0.3155
  📊 LIGHTGBM  : Accuracy= 96.4% | Loss=0.2649 | R²=0.9748 | MAE=0.2829
  📊 XGBOOST   : Accuracy= 94.0% | Loss=0.3332 | R²=0.9037 | MAE=0.4189
  📊 LSTM      : Accuracy= 83.7% | Loss=0.6233 | R²=0.6087 | MAE=1.0213
✅ ห้องบรรยาย2305.... [ห้องบรรยาย] +LSTM✓  R²:0.963  MAE:0.32ชม  sMAPE:31.9%  Acc:0.922  F1:0.922  conf:68.1%

🏠 1C-MEETING
   🧠 [1/3] LSTM (Primary) – 1C-MEETING
      📈 LSTM training history: epochs=20 train_loss=0.3279 val_loss=0.1888 train_acc=0.9043 val_acc=0.9650
         ✅ success
   🌿 [2/3] LightGBM (Support)
   ⚡ [3/3] XGBoost (Support)
    🟢 LightGBM training: TrainLoss=0.0248 CalLoss=0.0171 TrainAcc=0.9955 CalAcc=0.9860
    ⚡ XGBoost training: TrainLoss=0.0195 CalLoss=0.0201 TrainAcc=0.9970 CalAcc=0.9860

  🎯 ENSEMBLE – 1C-MEETING [id=459]

  📊 Classification Metrics – 1C-MEETING [id=459]
  ──────────────────────────────────────────────────
  Accuracy  : 0.9931  (99.3%)
  F1 Score  : 0.9896  (weighted avg)
  Recall    : 0.9931  (weighted avg)
  Precision : 0.9862  (weighted avg)
  CE Loss   : 0.1822

  📋 Classification Report:
                   precision    recall  f1-score   support
     
              low       0.99      1.00      1.00       140
           medium       0.00      0.00      0.00         1
             high       0.00      0.00      0.00         0
           urgent       1.00      1.00      1.00         3
     
         accuracy                           0.99       144
        macro avg       0.50      0.50      0.50       144
     weighted avg       0.99      0.99      0.99       144
     
  ──────────────────────────────────────────────────
  📊 ENSEMBLE  : Accuracy=100.0% | Loss=0.1625 | R²=-0.2000 | MAE=0.2462
  📊 LIGHTGBM  : Accuracy=100.0% | Loss=0.1625 | R²=0.9673 | MAE=0.0113
  📊 XGBOOST   : Accuracy=100.0% | Loss=0.1625 | R²=-4.5278 | MAE=0.5205
  📊 LSTM      : Accuracy= 98.6% | Loss=0.2019 | R²=-0.0415 | MAE=0.0938
✅ 1C-MEETING........ [ห้องประชุม] [no LSTM]  R²:-0.200  MAE:0.25ชม  sMAPE:26.5%  Acc:0.993  F1:0.990  conf:73.5%

🏠 POL123(สำนักงานชั้น1)
   🧠 [1/3] LSTM (Primary) – POL123(สำนักงานชั้น1)
      📈 LSTM training history: epochs=20 train_loss=0.3279 val_loss=0.1888 train_acc=0.9043 val_acc=0.9650
         ✅ success
   🌿 [2/3] LightGBM (Support)
   ⚡ [3/3] XGBoost (Support)
    🟢 LightGBM training: TrainLoss=0.0248 CalLoss=0.0171 TrainAcc=0.9955 CalAcc=0.9860
    ⚡ XGBoost training: TrainLoss=0.0195 CalLoss=0.0201 TrainAcc=0.9970 CalAcc=0.9860

  🎯 ENSEMBLE – POL123(สำนักงานชั้น1) [id=460]

  📊 Classification Metrics – POL123(สำนักงานชั้น1) [id=460]
  ──────────────────────────────────────────────────
  Accuracy  : 0.9931  (99.3%)
  F1 Score  : 0.9896  (weighted avg)
  Recall    : 0.9931  (weighted avg)
  Precision : 0.9862  (weighted avg)
  CE Loss   : 0.1822

  📋 Classification Report:
                   precision    recall  f1-score   support
     
              low       0.99      1.00      1.00       140
           medium       0.00      0.00      0.00         1
             high       0.00      0.00      0.00         0
           urgent       1.00      1.00      1.00         3
     
         accuracy                           0.99       144
        macro avg       0.50      0.50      0.50       144
     weighted avg       0.99      0.99      0.99       144
     
  ──────────────────────────────────────────────────
  📊 ENSEMBLE  : Accuracy=100.0% | Loss=0.1625 | R²=-0.2000 | MAE=0.2462
  📊 LIGHTGBM  : Accuracy=100.0% | Loss=0.1625 | R²=0.9673 | MAE=0.0113
  📊 XGBOOST   : Accuracy=100.0% | Loss=0.1625 | R²=-4.5278 | MAE=0.5205
  📊 LSTM      : Accuracy= 98.6% | Loss=0.2019 | R²=-0.0415 | MAE=0.0938
✅ POL123(สำนักงานชั้น1) [ห้องประชุม] [no LSTM]  R²:-0.200  MAE:0.25ชม  sMAPE:26.5%  Acc:0.993  F1:0.990  conf:73.5%

🏠 POL228ห้องเรียนชั้น2
   🧠 [1/3] LSTM (Primary) – POL228ห้องเรียนชั้น2
      📈 LSTM training history: epochs=20 train_loss=1.2463 val_loss=1.3321 train_acc=0.6556 val_acc=0.5723
         ✅ success
   🌿 [2/3] LightGBM (Support)
   ⚡ [3/3] XGBoost (Support)
    🟢 LightGBM training: TrainLoss=0.2434 CalLoss=0.2393 TrainAcc=0.9495 CalAcc=0.9398
    ⚡ XGBoost training: TrainLoss=0.2380 CalLoss=0.3076 TrainAcc=0.9547 CalAcc=0.8795

  🎯 ENSEMBLE – POL228ห้องเรียนชั้น2 [id=461]

  📊 Classification Metrics – POL228ห้องเรียนชั้น2 [id=461]
  ──────────────────────────────────────────────────
  Accuracy  : 0.9157  (91.6%)
  F1 Score  : 0.9172  (weighted avg)
  Recall    : 0.9157  (weighted avg)
  Precision : 0.9202  (weighted avg)
  CE Loss   : 0.4015

  📋 Classification Report:
                   precision    recall  f1-score   support
     
              low       0.97      0.99      0.98        69
           medium       0.96      0.89      0.92        53
             high       0.38      0.43      0.40         7
           urgent       0.87      0.92      0.89        37
     
         accuracy                           0.92       166
        macro avg       0.79      0.80      0.80       166
     weighted avg       0.92      0.92      0.92       166
     
  ──────────────────────────────────────────────────
  📊 ENSEMBLE  : Accuracy= 97.6% | Loss=0.2308 | R²=0.9628 | MAE=0.3158
  📊 LIGHTGBM  : Accuracy= 96.4% | Loss=0.2649 | R²=0.9748 | MAE=0.2829
  📊 XGBOOST   : Accuracy= 94.0% | Loss=0.3332 | R²=0.9037 | MAE=0.4189
  📊 LSTM      : Accuracy= 82.5% | Loss=0.6575 | R²=0.5737 | MAE=1.1798
✅ POL228ห้องเรียนชั้น2 [ห้องเรียน ] +LSTM✓  R²:0.963  MAE:0.32ชม  sMAPE:31.7%  Acc:0.916  F1:0.917  conf:68.3%

🏠 POLSMARTCLASSROOM(C)
   🧠 [1/3] LSTM (Primary) – POLSMARTCLASSROOM(C)
      📈 LSTM training history: epochs=20 train_loss=1.1286 val_loss=1.1647 train_acc=0.6968 val_acc=0.6566
         ✅ success
   🌿 [2/3] LightGBM (Support)
   ⚡ [3/3] XGBoost (Support)
    🟢 LightGBM training: TrainLoss=0.2434 CalLoss=0.2393 TrainAcc=0.9495 CalAcc=0.9398
    ⚡ XGBoost training: TrainLoss=0.2380 CalLoss=0.3076 TrainAcc=0.9547 CalAcc=0.8795

  🎯 ENSEMBLE – POLSMARTCLASSROOM(C) [id=462]

  📊 Classification Metrics – POLSMARTCLASSROOM(C) [id=462]
  ──────────────────────────────────────────────────
  Accuracy  : 0.9277  (92.8%)
  F1 Score  : 0.9288  (weighted avg)
  Recall    : 0.9277  (weighted avg)
  Precision : 0.9308  (weighted avg)
  CE Loss   : 0.3673

  📋 Classification Report:
                   precision    recall  f1-score   support
     
              low       0.97      0.99      0.98        69
           medium       0.96      0.91      0.93        53
             high       0.50      0.57      0.53         7
           urgent       0.89      0.92      0.91        37
     
         accuracy                           0.93       166
        macro avg       0.83      0.85      0.84       166
     weighted avg       0.93      0.93      0.93       166
     
  ──────────────────────────────────────────────────
  📊 ENSEMBLE  : Accuracy= 98.2% | Loss=0.2137 | R²=0.9624 | MAE=0.3178
  📊 LIGHTGBM  : Accuracy= 96.4% | Loss=0.2649 | R²=0.9748 | MAE=0.2829
  📊 XGBOOST   : Accuracy= 94.0% | Loss=0.3332 | R²=0.9037 | MAE=0.4189
  📊 LSTM      : Accuracy= 80.7% | Loss=0.7087 | R²=0.5581 | MAE=1.1674
✅ POLSMARTCLASSROOM(C) [smart classroom] +LSTM✓  R²:0.962  MAE:0.32ชม  sMAPE:31.9%  Acc:0.928  F1:0.929  conf:68.1%

🏠 BIOACTIVELEARNING(บรรยาย5ชั้น1)
   🧠 [1/3] LSTM (Primary) – BIOACTIVELEARNING(บรรยาย5ชั้น1)
      📈 LSTM training history: epochs=20 train_loss=1.1697 val_loss=1.1608 train_acc=0.6862 val_acc=0.6145
         ✅ success
   🌿 [2/3] LightGBM (Support)
   ⚡ [3/3] XGBoost (Support)
    🟢 LightGBM training: TrainLoss=0.2434 CalLoss=0.2393 TrainAcc=0.9495 CalAcc=0.9398
    ⚡ XGBoost training: TrainLoss=0.2380 CalLoss=0.3076 TrainAcc=0.9547 CalAcc=0.8795

  🎯 ENSEMBLE – BIOACTIVELEARNING(บรรยาย5ชั้น1) [id=463]

  📊 Classification Metrics – BIOACTIVELEARNING(บรรยาย5ชั้น1) [id=463]
  ──────────────────────────────────────────────────
  Accuracy  : 0.9157  (91.6%)
  F1 Score  : 0.9158  (weighted avg)
  Recall    : 0.9157  (weighted avg)
  Precision : 0.9176  (weighted avg)
  CE Loss   : 0.4015

  📋 Classification Report:
                   precision    recall  f1-score   support
     
              low       0.97      0.99      0.98        69
           medium       0.96      0.89      0.92        53
             high       0.43      0.43      0.43         7
           urgent       0.85      0.92      0.88        37
     
         accuracy                           0.92       166
        macro avg       0.80      0.80      0.80       166
     weighted avg       0.92      0.92      0.92       166
     
  ──────────────────────────────────────────────────
  📊 ENSEMBLE  : Accuracy= 98.2% | Loss=0.2137 | R²=0.9623 | MAE=0.3189
  📊 LIGHTGBM  : Accuracy= 96.4% | Loss=0.2649 | R²=0.9748 | MAE=0.2829
  📊 XGBOOST   : Accuracy= 94.0% | Loss=0.3332 | R²=0.9037 | MAE=0.4189
  📊 LSTM      : Accuracy= 81.3% | Loss=0.6916 | R²=0.5787 | MAE=1.1302
✅ BIOACTIVELEARNING(บรรยาย5ชั้น1) [ห้องเรียน/active learning] +LSTM✓  R²:0.962  MAE:0.32ชม  sMAPE:31.8%  Acc:0.916  F1:0.916  conf:68.2%

🏠 BIO1ห้องบรรยาย1ชั้น1
   🧠 [1/3] LSTM (Primary) – BIO1ห้องบรรยาย1ชั้น1
      📈 LSTM training history: epochs=20 train_loss=1.1082 val_loss=1.1180 train_acc=0.6955 val_acc=0.6205
         ✅ success
   🌿 [2/3] LightGBM (Support)
   ⚡ [3/3] XGBoost (Support)
    🟢 LightGBM training: TrainLoss=0.2434 CalLoss=0.2393 TrainAcc=0.9495 CalAcc=0.9398
    ⚡ XGBoost training: TrainLoss=0.2380 CalLoss=0.3076 TrainAcc=0.9547 CalAcc=0.8795

  🎯 ENSEMBLE – BIO1ห้องบรรยาย1ชั้น1 [id=464]

  📊 Classification Metrics – BIO1ห้องบรรยาย1ชั้น1 [id=464]
  ──────────────────────────────────────────────────
  Accuracy  : 0.9277  (92.8%)
  F1 Score  : 0.9288  (weighted avg)
  Recall    : 0.9277  (weighted avg)
  Precision : 0.9308  (weighted avg)
  CE Loss   : 0.3673

  📋 Classification Report:
                   precision    recall  f1-score   support
     
              low       0.97      0.99      0.98        69
           medium       0.96      0.91      0.93        53
             high       0.50      0.57      0.53         7
           urgent       0.89      0.92      0.91        37
     
         accuracy                           0.93       166
        macro avg       0.83      0.85      0.84       166
     weighted avg       0.93      0.93      0.93       166
     
  ──────────────────────────────────────────────────
  📊 ENSEMBLE  : Accuracy= 98.2% | Loss=0.2137 | R²=0.9621 | MAE=0.3190
  📊 LIGHTGBM  : Accuracy= 96.4% | Loss=0.2649 | R²=0.9748 | MAE=0.2829
  📊 XGBOOST   : Accuracy= 94.0% | Loss=0.3332 | R²=0.9037 | MAE=0.4189
  📊 LSTM      : Accuracy= 81.3% | Loss=0.6916 | R²=0.5483 | MAE=1.1164
✅ BIO1ห้องบรรยาย1ชั้น1 [ห้องบรรยาย] +LSTM✓  R²:0.962  MAE:0.32ชม  sMAPE:32.0%  Acc:0.928  F1:0.929  conf:68.0%

🏠 BIO3ห้องบรรยาย3ชั้น3
   🧠 [1/3] LSTM (Primary) – BIO3ห้องบรรยาย3ชั้น3
      📈 LSTM training history: epochs=20 train_loss=1.1317 val_loss=1.1772 train_acc=0.6795 val_acc=0.5783
         ✅ success
   🌿 [2/3] LightGBM (Support)
   ⚡ [3/3] XGBoost (Support)
    🟢 LightGBM training: TrainLoss=0.2434 CalLoss=0.2393 TrainAcc=0.9495 CalAcc=0.9398
    ⚡ XGBoost training: TrainLoss=0.2380 CalLoss=0.3076 TrainAcc=0.9547 CalAcc=0.8795

  🎯 ENSEMBLE – BIO3ห้องบรรยาย3ชั้น3 [id=465]

  📊 Classification Metrics – BIO3ห้องบรรยาย3ชั้น3 [id=465]
  ──────────────────────────────────────────────────
  Accuracy  : 0.9277  (92.8%)
  F1 Score  : 0.9278  (weighted avg)
  Recall    : 0.9277  (weighted avg)
  Precision : 0.9287  (weighted avg)
  CE Loss   : 0.3673

  📋 Classification Report:
                   precision    recall  f1-score   support
     
              low       0.97      0.99      0.98        69
           medium       0.96      0.91      0.93        53
             high       0.57      0.57      0.57         7
           urgent       0.87      0.92      0.89        37
     
         accuracy                           0.93       166
        macro avg       0.84      0.85      0.84       166
     weighted avg       0.93      0.93      0.93       166
     
  ──────────────────────────────────────────────────
  📊 ENSEMBLE  : Accuracy= 98.2% | Loss=0.2137 | R²=0.9624 | MAE=0.3181
  📊 LIGHTGBM  : Accuracy= 96.4% | Loss=0.2649 | R²=0.9748 | MAE=0.2829
  📊 XGBOOST   : Accuracy= 94.0% | Loss=0.3332 | R²=0.9037 | MAE=0.4189
  📊 LSTM      : Accuracy= 81.3% | Loss=0.6916 | R²=0.5583 | MAE=1.1684
✅ BIO3ห้องบรรยาย3ชั้น3 [ห้องบรรยาย] +LSTM✓  R²:0.962  MAE:0.32ชม  sMAPE:31.8%  Acc:0.928  F1:0.928  conf:68.2%

🏠 BIO4ห้องบรรยาย4ชั้น1
   🧠 [1/3] LSTM (Primary) – BIO4ห้องบรรยาย4ชั้น1
      📈 LSTM training history: epochs=20 train_loss=1.3238 val_loss=1.4249 train_acc=0.6316 val_acc=0.5060
         ✅ success
   🌿 [2/3] LightGBM (Support)
   ⚡ [3/3] XGBoost (Support)
    🟢 LightGBM training: TrainLoss=0.2434 CalLoss=0.2393 TrainAcc=0.9495 CalAcc=0.9398
    ⚡ XGBoost training: TrainLoss=0.2380 CalLoss=0.3076 TrainAcc=0.9547 CalAcc=0.8795

  🎯 ENSEMBLE – BIO4ห้องบรรยาย4ชั้น1 [id=466]

  📊 Classification Metrics – BIO4ห้องบรรยาย4ชั้น1 [id=466]
  ──────────────────────────────────────────────────
  Accuracy  : 0.9157  (91.6%)
  F1 Score  : 0.9191  (weighted avg)
  Recall    : 0.9157  (weighted avg)
  Precision : 0.9248  (weighted avg)
  CE Loss   : 0.4015

  📋 Classification Report:
                   precision    recall  f1-score   support
     
              low       0.97      0.99      0.98        69
           medium       0.98      0.89      0.93        53
             high       0.33      0.43      0.38         7
           urgent       0.87      0.92      0.89        37
     
         accuracy                           0.92       166
        macro avg       0.79      0.80      0.79       166
     weighted avg       0.92      0.92      0.92       166
     
  ──────────────────────────────────────────────────
  📊 ENSEMBLE  : Accuracy= 97.6% | Loss=0.2308 | R²=0.9628 | MAE=0.3146
  📊 LIGHTGBM  : Accuracy= 96.4% | Loss=0.2649 | R²=0.9748 | MAE=0.2829
  📊 XGBOOST   : Accuracy= 94.0% | Loss=0.3332 | R²=0.9037 | MAE=0.4189
  📊 LSTM      : Accuracy= 80.1% | Loss=0.7257 | R²=0.5129 | MAE=1.2803
✅ BIO4ห้องบรรยาย4ชั้น1 [ห้องบรรยาย] +LSTM✓  R²:0.963  MAE:0.31ชม  sMAPE:31.7%  Acc:0.916  F1:0.919  conf:68.3%

🏠 SC302ชั้น3
   🧠 [1/3] LSTM (Primary) – SC302ชั้น3
      📈 LSTM training history: epochs=20 train_loss=1.2106 val_loss=1.2761 train_acc=0.6596 val_acc=0.5602
         ✅ success
   🌿 [2/3] LightGBM (Support)
   ⚡ [3/3] XGBoost (Support)
    🟢 LightGBM training: TrainLoss=0.2434 CalLoss=0.2393 TrainAcc=0.9495 CalAcc=0.9398
    ⚡ XGBoost training: TrainLoss=0.2380 CalLoss=0.3076 TrainAcc=0.9547 CalAcc=0.8795

  🎯 ENSEMBLE – SC302ชั้น3 [id=467]

  📊 Classification Metrics – SC302ชั้น3 [id=467]
  ──────────────────────────────────────────────────
  Accuracy  : 0.9217  (92.2%)
  F1 Score  : 0.9218  (weighted avg)
  Recall    : 0.9217  (weighted avg)
  Precision : 0.9227  (weighted avg)
  CE Loss   : 0.3844

  📋 Classification Report:
                   precision    recall  f1-score   support
     
              low       0.97      0.99      0.98        69
           medium       0.96      0.91      0.93        53
             high       0.43      0.43      0.43         7
           urgent       0.87      0.92      0.89        37
     
         accuracy                           0.92       166
        macro avg       0.81      0.81      0.81       166
     weighted avg       0.92      0.92      0.92       166
     
  ──────────────────────────────────────────────────
  📊 ENSEMBLE  : Accuracy= 97.6% | Loss=0.2308 | R²=0.9625 | MAE=0.3178
  📊 LIGHTGBM  : Accuracy= 96.4% | Loss=0.2649 | R²=0.9748 | MAE=0.2829
  📊 XGBOOST   : Accuracy= 94.0% | Loss=0.3332 | R²=0.9037 | MAE=0.4189
  📊 LSTM      : Accuracy= 81.9% | Loss=0.6745 | R²=0.5403 | MAE=1.2075
✅ SC302ชั้น3........ [ห้องเรียน/ประชุม] +LSTM✓  R²:0.962  MAE:0.32ชม  sMAPE:31.8%  Acc:0.922  F1:0.922  conf:68.2%

🏠 SC349ชั้น3
   🧠 [1/3] LSTM (Primary) – SC349ชั้น3
      📈 LSTM training history: epochs=20 train_loss=1.1131 val_loss=1.0969 train_acc=0.6902 val_acc=0.6446
         ✅ success
   🌿 [2/3] LightGBM (Support)
   ⚡ [3/3] XGBoost (Support)
    🟢 LightGBM training: TrainLoss=0.2434 CalLoss=0.2393 TrainAcc=0.9495 CalAcc=0.9398
    ⚡ XGBoost training: TrainLoss=0.2380 CalLoss=0.3076 TrainAcc=0.9547 CalAcc=0.8795

  🎯 ENSEMBLE – SC349ชั้น3 [id=468]

  📊 Classification Metrics – SC349ชั้น3 [id=468]
  ──────────────────────────────────────────────────
  Accuracy  : 0.9277  (92.8%)
  F1 Score  : 0.9288  (weighted avg)
  Recall    : 0.9277  (weighted avg)
  Precision : 0.9308  (weighted avg)
  CE Loss   : 0.3673

  📋 Classification Report:
                   precision    recall  f1-score   support
     
              low       0.97      0.99      0.98        69
           medium       0.96      0.91      0.93        53
             high       0.50      0.57      0.53         7
           urgent       0.89      0.92      0.91        37
     
         accuracy                           0.93       166
        macro avg       0.83      0.85      0.84       166
     weighted avg       0.93      0.93      0.93       166
     
  ──────────────────────────────────────────────────
  📊 ENSEMBLE  : Accuracy= 98.2% | Loss=0.2137 | R²=0.9622 | MAE=0.3191
  📊 LIGHTGBM  : Accuracy= 96.4% | Loss=0.2649 | R²=0.9748 | MAE=0.2829
  📊 XGBOOST   : Accuracy= 94.0% | Loss=0.3332 | R²=0.9037 | MAE=0.4189
  📊 LSTM      : Accuracy= 83.7% | Loss=0.6233 | R²=0.5775 | MAE=1.1104
✅ SC349ชั้น3........ [ห้องเรียน/ประชุม] +LSTM✓  R²:0.962  MAE:0.32ชม  sMAPE:31.9%  Acc:0.928  F1:0.929  conf:68.1%

🏠 SC350ชั้น3
   🧠 [1/3] LSTM (Primary) – SC350ชั้น3
      📈 LSTM training history: epochs=20 train_loss=1.1330 val_loss=1.1157 train_acc=0.6968 val_acc=0.5723
         ✅ success
   🌿 [2/3] LightGBM (Support)
   ⚡ [3/3] XGBoost (Support)
    🟢 LightGBM training: TrainLoss=0.2434 CalLoss=0.2393 TrainAcc=0.9495 CalAcc=0.9398
    ⚡ XGBoost training: TrainLoss=0.2380 CalLoss=0.3076 TrainAcc=0.9547 CalAcc=0.8795

  🎯 ENSEMBLE – SC350ชั้น3 [id=469]

  📊 Classification Metrics – SC350ชั้น3 [id=469]
  ──────────────────────────────────────────────────
  Accuracy  : 0.9277  (92.8%)
  F1 Score  : 0.9288  (weighted avg)
  Recall    : 0.9277  (weighted avg)
  Precision : 0.9308  (weighted avg)
  CE Loss   : 0.3673

  📋 Classification Report:
                   precision    recall  f1-score   support
     
              low       0.97      0.99      0.98        69
           medium       0.96      0.91      0.93        53
             high       0.50      0.57      0.53         7
           urgent       0.89      0.92      0.91        37
     
         accuracy                           0.93       166
        macro avg       0.83      0.85      0.84       166
     weighted avg       0.93      0.93      0.93       166
     
  ──────────────────────────────────────────────────
  📊 ENSEMBLE  : Accuracy= 98.2% | Loss=0.2137 | R²=0.9622 | MAE=0.3194
  📊 LIGHTGBM  : Accuracy= 96.4% | Loss=0.2649 | R²=0.9748 | MAE=0.2829
  📊 XGBOOST   : Accuracy= 94.0% | Loss=0.3332 | R²=0.9037 | MAE=0.4189
  📊 LSTM      : Accuracy= 81.3% | Loss=0.6916 | R²=0.5629 | MAE=1.1445
✅ SC350ชั้น3........ [ห้องเรียน/ประชุม] +LSTM✓  R²:0.962  MAE:0.32ชม  sMAPE:31.9%  Acc:0.928  F1:0.929  conf:68.1%

🏠 EN6206ปฏิบัติการคอมพิวเตอร์
   🧠 [1/3] LSTM (Primary) – EN6206ปฏิบัติการคอมพิวเตอร์
      📈 LSTM training history: epochs=20 train_loss=1.2332 val_loss=1.2687 train_acc=0.7111 val_acc=0.6545
         ✅ success
   🌿 [2/3] LightGBM (Support)
   ⚡ [3/3] XGBoost (Support)
    🟢 LightGBM training: TrainLoss=0.2725 CalLoss=0.2834 TrainAcc=0.9533 CalAcc=0.9091
    ⚡ XGBoost training: TrainLoss=0.2623 CalLoss=0.3396 TrainAcc=0.9326 CalAcc=0.8727

  🎯 ENSEMBLE – EN6206ปฏิบัติการคอมพิวเตอร์ [id=470]

  📊 Classification Metrics – EN6206ปฏิบัติการคอมพิวเตอร์ [id=470]
  ──────────────────────────────────────────────────
  Accuracy  : 0.9277  (92.8%)
  F1 Score  : 0.9291  (weighted avg)
  Recall    : 0.9277  (weighted avg)
  Precision : 0.9308  (weighted avg)
  CE Loss   : 0.3673

  📋 Classification Report:
                   precision    recall  f1-score   support
     
              low       0.99      1.00      0.99        69
           medium       0.93      0.91      0.92        57
             high       0.38      0.43      0.40         7
           urgent       0.94      0.91      0.92        33
     
         accuracy                           0.93       166
        macro avg       0.81      0.81      0.81       166
     weighted avg       0.93      0.93      0.93       166
     
  ──────────────────────────────────────────────────
  📊 ENSEMBLE  : Accuracy= 95.2% | Loss=0.2991 | R²=0.9692 | MAE=0.3459
  📊 LIGHTGBM  : Accuracy= 95.8% | Loss=0.2820 | R²=0.9717 | MAE=0.3223
  📊 XGBOOST   : Accuracy= 94.6% | Loss=0.3161 | R²=0.9587 | MAE=0.4045
  📊 LSTM      : Accuracy= 80.7% | Loss=0.7087 | R²=0.5465 | MAE=1.2770
✅ EN6206ปฏิบัติการคอมพิวเตอร์ [ห้องปฏิบัติการคอมพิวเตอร์] +LSTM✓  R²:0.969  MAE:0.35ชม  sMAPE:33.1%  Acc:0.928  F1:0.929  conf:66.9%

🏠 1C-MEETING
   🧠 [1/3] LSTM (Primary) – 1C-MEETING
      📈 LSTM training history: epochs=20 train_loss=0.3279 val_loss=0.1888 train_acc=0.9043 val_acc=0.9650
         ✅ success
   🌿 [2/3] LightGBM (Support)
   ⚡ [3/3] XGBoost (Support)
    🟢 LightGBM training: TrainLoss=0.0248 CalLoss=0.0171 TrainAcc=0.9955 CalAcc=0.9860
    ⚡ XGBoost training: TrainLoss=0.0195 CalLoss=0.0201 TrainAcc=0.9970 CalAcc=0.9860

  🎯 ENSEMBLE – 1C-MEETING [id=471]

  📊 Classification Metrics – 1C-MEETING [id=471]
  ──────────────────────────────────────────────────
  Accuracy  : 0.9931  (99.3%)
  F1 Score  : 0.9896  (weighted avg)
  Recall    : 0.9931  (weighted avg)
  Precision : 0.9862  (weighted avg)
  CE Loss   : 0.1822

  📋 Classification Report:
                   precision    recall  f1-score   support
     
              low       0.99      1.00      1.00       140
           medium       0.00      0.00      0.00         1
             high       0.00      0.00      0.00         0
           urgent       1.00      1.00      1.00         3
     
         accuracy                           0.99       144
        macro avg       0.50      0.50      0.50       144
     weighted avg       0.99      0.99      0.99       144
     
  ──────────────────────────────────────────────────
  📊 ENSEMBLE  : Accuracy=100.0% | Loss=0.1625 | R²=-0.2000 | MAE=0.2462
  📊 LIGHTGBM  : Accuracy=100.0% | Loss=0.1625 | R²=0.9673 | MAE=0.0113
  📊 XGBOOST   : Accuracy=100.0% | Loss=0.1625 | R²=-4.5278 | MAE=0.5205
  📊 LSTM      : Accuracy= 98.6% | Loss=0.2019 | R²=-0.0415 | MAE=0.0938
✅ 1C-MEETING........ [ห้องประชุม] [no LSTM]  R²:-0.200  MAE:0.25ชม  sMAPE:26.5%  Acc:0.993  F1:0.990  conf:73.5%

🏠 ลานกิจกรรมEN6ชั้น1ZONEB
   🧠 [1/3] LSTM (Primary) – ลานกิจกรรมEN6ชั้น1ZONEB
      📈 LSTM training history: epochs=20 train_loss=1.1668 val_loss=1.1973 train_acc=0.6769 val_acc=0.5663
         ✅ success
   🌿 [2/3] LightGBM (Support)
   ⚡ [3/3] XGBoost (Support)
    🟢 LightGBM training: TrainLoss=0.2434 CalLoss=0.2393 TrainAcc=0.9495 CalAcc=0.9398
    ⚡ XGBoost training: TrainLoss=0.2380 CalLoss=0.3076 TrainAcc=0.9547 CalAcc=0.8795

  🎯 ENSEMBLE – ลานกิจกรรมEN6ชั้น1ZONEB [id=472]

  📊 Classification Metrics – ลานกิจกรรมEN6ชั้น1ZONEB [id=472]
  ──────────────────────────────────────────────────
  Accuracy  : 0.9217  (92.2%)
  F1 Score  : 0.9218  (weighted avg)
  Recall    : 0.9217  (weighted avg)
  Precision : 0.9227  (weighted avg)
  CE Loss   : 0.3844

  📋 Classification Report:
                   precision    recall  f1-score   support
     
              low       0.97      0.99      0.98        69
           medium       0.96      0.91      0.93        53
             high       0.43      0.43      0.43         7
           urgent       0.87      0.92      0.89        37
     
         accuracy                           0.92       166
        macro avg       0.81      0.81      0.81       166
     weighted avg       0.92      0.92      0.92       166
     
  ──────────────────────────────────────────────────
  📊 ENSEMBLE  : Accuracy= 97.6% | Loss=0.2308 | R²=0.9627 | MAE=0.3166
  📊 LIGHTGBM  : Accuracy= 96.4% | Loss=0.2649 | R²=0.9748 | MAE=0.2829
  📊 XGBOOST   : Accuracy= 94.0% | Loss=0.3332 | R²=0.9037 | MAE=0.4189
  📊 LSTM      : Accuracy= 83.7% | Loss=0.6233 | R²=0.6085 | MAE=1.0992
✅ ลานกิจกรรมEN6ชั้น1ZONEB [ลานกิจกรรม] +LSTM✓  R²:0.963  MAE:0.32ชม  sMAPE:31.8%  Acc:0.922  F1:0.922  conf:68.2%

🏠 AGCOMPUTER1
   🧠 [1/3] LSTM (Primary) – AGCOMPUTER1
      📈 LSTM training history: epochs=20 train_loss=1.2353 val_loss=1.2682 train_acc=0.7097 val_acc=0.6182
         ✅ success
   🌿 [2/3] LightGBM (Support)
   ⚡ [3/3] XGBoost (Support)
    🟢 LightGBM training: TrainLoss=0.2725 CalLoss=0.2834 TrainAcc=0.9533 CalAcc=0.9091
    ⚡ XGBoost training: TrainLoss=0.2623 CalLoss=0.3396 TrainAcc=0.9326 CalAcc=0.8727

  🎯 ENSEMBLE – AGCOMPUTER1 [id=473]

  📊 Classification Metrics – AGCOMPUTER1 [id=473]
  ──────────────────────────────────────────────────
  Accuracy  : 0.9217  (92.2%)
  F1 Score  : 0.9266  (weighted avg)
  Recall    : 0.9217  (weighted avg)
  Precision : 0.9330  (weighted avg)
  CE Loss   : 0.3844

  📋 Classification Report:
                   precision    recall  f1-score   support
     
              low       0.99      1.00      0.99        69
           medium       0.94      0.89      0.92        57
             high       0.30      0.43      0.35         7
           urgent       0.94      0.91      0.92        33
     
         accuracy                           0.92       166
        macro avg       0.79      0.81      0.80       166
     weighted avg       0.93      0.92      0.93       166
     
  ──────────────────────────────────────────────────
  📊 ENSEMBLE  : Accuracy= 95.2% | Loss=0.2991 | R²=0.9691 | MAE=0.3457
  📊 LIGHTGBM  : Accuracy= 95.8% | Loss=0.2820 | R²=0.9717 | MAE=0.3223
  📊 XGBOOST   : Accuracy= 94.6% | Loss=0.3161 | R²=0.9587 | MAE=0.4045
  📊 LSTM      : Accuracy= 80.1% | Loss=0.7257 | R²=0.5530 | MAE=1.2846
✅ AGCOMPUTER1....... [ห้องปฏิบัติการคอมพิวเตอร์] +LSTM✓  R²:0.969  MAE:0.35ชม  sMAPE:33.1%  Acc:0.922  F1:0.927  conf:66.9%

🏠 AGCOMPUTER2
   🧠 [1/3] LSTM (Primary) – AGCOMPUTER2
      📈 LSTM training history: epochs=20 train_loss=1.2257 val_loss=1.2620 train_acc=0.7150 val_acc=0.6364
         ✅ success
   🌿 [2/3] LightGBM (Support)
   ⚡ [3/3] XGBoost (Support)
    🟢 LightGBM training: TrainLoss=0.2725 CalLoss=0.2834 TrainAcc=0.9533 CalAcc=0.9091
    ⚡ XGBoost training: TrainLoss=0.2623 CalLoss=0.3396 TrainAcc=0.9326 CalAcc=0.8727

  🎯 ENSEMBLE – AGCOMPUTER2 [id=474]

  📊 Classification Metrics – AGCOMPUTER2 [id=474]
  ──────────────────────────────────────────────────
  Accuracy  : 0.9277  (92.8%)
  F1 Score  : 0.9291  (weighted avg)
  Recall    : 0.9277  (weighted avg)
  Precision : 0.9309  (weighted avg)
  CE Loss   : 0.3673

  📋 Classification Report:
                   precision    recall  f1-score   support
     
              low       0.99      1.00      0.99        69
           medium       0.95      0.91      0.93        57
             high       0.38      0.43      0.40         7
           urgent       0.91      0.91      0.91        33
     
         accuracy                           0.93       166
        macro avg       0.80      0.81      0.81       166
     weighted avg       0.93      0.93      0.93       166
     
  ──────────────────────────────────────────────────
  📊 ENSEMBLE  : Accuracy= 95.2% | Loss=0.2991 | R²=0.9694 | MAE=0.3424
  📊 LIGHTGBM  : Accuracy= 95.8% | Loss=0.2820 | R²=0.9717 | MAE=0.3223
  📊 XGBOOST   : Accuracy= 94.6% | Loss=0.3161 | R²=0.9587 | MAE=0.4045
  📊 LSTM      : Accuracy= 83.1% | Loss=0.6404 | R²=0.5969 | MAE=1.2043
✅ AGCOMPUTER2....... [ห้องปฏิบัติการคอมพิวเตอร์] +LSTM✓  R²:0.969  MAE:0.34ชม  sMAPE:33.1%  Acc:0.928  F1:0.929  conf:66.9%

🏠 AGCOMPUTER3
   🧠 [1/3] LSTM (Primary) – AGCOMPUTER3
      📈 LSTM training history: epochs=20 train_loss=1.2500 val_loss=1.1827 train_acc=0.7057 val_acc=0.6485
         ✅ success
   🌿 [2/3] LightGBM (Support)
   ⚡ [3/3] XGBoost (Support)
    🟢 LightGBM training: TrainLoss=0.2725 CalLoss=0.2834 TrainAcc=0.9533 CalAcc=0.9091
    ⚡ XGBoost training: TrainLoss=0.2623 CalLoss=0.3396 TrainAcc=0.9326 CalAcc=0.8727

  🎯 ENSEMBLE – AGCOMPUTER3 [id=475]

  📊 Classification Metrics – AGCOMPUTER3 [id=475]
  ──────────────────────────────────────────────────
  Accuracy  : 0.9337  (93.4%)
  F1 Score  : 0.9347  (weighted avg)
  Recall    : 0.9337  (weighted avg)
  Precision : 0.9367  (weighted avg)
  CE Loss   : 0.3503

  📋 Classification Report:
                   precision    recall  f1-score   support
     
              low       0.99      1.00      0.99        69
           medium       0.95      0.96      0.96        57
             high       0.38      0.43      0.40         7
           urgent       0.93      0.85      0.89        33
     
         accuracy                           0.93       166
        macro avg       0.81      0.81      0.81       166
     weighted avg       0.94      0.93      0.93       166
     
  ──────────────────────────────────────────────────
  📊 ENSEMBLE  : Accuracy= 95.8% | Loss=0.2820 | R²=0.9694 | MAE=0.3394
  📊 LIGHTGBM  : Accuracy= 95.8% | Loss=0.2820 | R²=0.9717 | MAE=0.3223
  📊 XGBOOST   : Accuracy= 94.6% | Loss=0.3161 | R²=0.9587 | MAE=0.4045
  📊 LSTM      : Accuracy= 75.9% | Loss=0.8452 | R²=0.5341 | MAE=1.2897
✅ AGCOMPUTER3....... [ห้องปฏิบัติการคอมพิวเตอร์] +LSTM✓  R²:0.969  MAE:0.34ชม  sMAPE:33.1%  Acc:0.934  F1:0.935  conf:66.9%

🏠 CMP_101ออดิทอเรียม
   🧠 [1/3] LSTM (Primary) – CMP_101ออดิทอเรียม
      📈 LSTM training history: epochs=20 train_loss=1.0981 val_loss=1.1487 train_acc=0.7048 val_acc=0.6325
         ✅ success
   🌿 [2/3] LightGBM (Support)
   ⚡ [3/3] XGBoost (Support)
    🟢 LightGBM training: TrainLoss=0.2434 CalLoss=0.2393 TrainAcc=0.9495 CalAcc=0.9398
    ⚡ XGBoost training: TrainLoss=0.2380 CalLoss=0.3076 TrainAcc=0.9547 CalAcc=0.8795

  🎯 ENSEMBLE – CMP_101ออดิทอเรียม [id=476]

  📊 Classification Metrics – CMP_101ออดิทอเรียม [id=476]
  ──────────────────────────────────────────────────
  Accuracy  : 0.9217  (92.2%)
  F1 Score  : 0.9218  (weighted avg)
  Recall    : 0.9217  (weighted avg)
  Precision : 0.9227  (weighted avg)
  CE Loss   : 0.3844

  📋 Classification Report:
                   precision    recall  f1-score   support
     
              low       0.97      0.99      0.98        69
           medium       0.96      0.91      0.93        53
             high       0.43      0.43      0.43         7
           urgent       0.87      0.92      0.89        37
     
         accuracy                           0.92       166
        macro avg       0.81      0.81      0.81       166
     weighted avg       0.92      0.92      0.92       166
     
  ──────────────────────────────────────────────────
  📊 ENSEMBLE  : Accuracy= 98.2% | Loss=0.2137 | R²=0.9624 | MAE=0.3184
  📊 LIGHTGBM  : Accuracy= 96.4% | Loss=0.2649 | R²=0.9748 | MAE=0.2829
  📊 XGBOOST   : Accuracy= 94.0% | Loss=0.3332 | R²=0.9037 | MAE=0.4189
  📊 LSTM      : Accuracy= 81.3% | Loss=0.6916 | R²=0.5935 | MAE=1.0916
✅ CMP_101ออดิทอเรียม [auditorium] +LSTM✓  R²:0.962  MAE:0.32ชม  sMAPE:31.9%  Acc:0.922  F1:0.922  conf:68.1%

🏠 CMP_103ห้องบรรยาย
   🧠 [1/3] LSTM (Primary) – CMP_103ห้องบรรยาย
      📈 LSTM training history: epochs=20 train_loss=1.1418 val_loss=1.1425 train_acc=0.6941 val_acc=0.6084
         ✅ success
   🌿 [2/3] LightGBM (Support)
   ⚡ [3/3] XGBoost (Support)
    🟢 LightGBM training: TrainLoss=0.2434 CalLoss=0.2393 TrainAcc=0.9495 CalAcc=0.9398
    ⚡ XGBoost training: TrainLoss=0.2380 CalLoss=0.3076 TrainAcc=0.9547 CalAcc=0.8795

  🎯 ENSEMBLE – CMP_103ห้องบรรยาย [id=477]

  📊 Classification Metrics – CMP_103ห้องบรรยาย [id=477]
  ──────────────────────────────────────────────────
  Accuracy  : 0.9277  (92.8%)
  F1 Score  : 0.9288  (weighted avg)
  Recall    : 0.9277  (weighted avg)
  Precision : 0.9308  (weighted avg)
  CE Loss   : 0.3673

  📋 Classification Report:
                   precision    recall  f1-score   support
     
              low       0.97      0.99      0.98        69
           medium       0.96      0.91      0.93        53
             high       0.50      0.57      0.53         7
           urgent       0.89      0.92      0.91        37
     
         accuracy                           0.93       166
        macro avg       0.83      0.85      0.84       166
     weighted avg       0.93      0.93      0.93       166
     
  ──────────────────────────────────────────────────
  📊 ENSEMBLE  : Accuracy= 98.2% | Loss=0.2137 | R²=0.9620 | MAE=0.3214
  📊 LIGHTGBM  : Accuracy= 96.4% | Loss=0.2649 | R²=0.9748 | MAE=0.2829
  📊 XGBOOST   : Accuracy= 94.0% | Loss=0.3332 | R²=0.9037 | MAE=0.4189
  📊 LSTM      : Accuracy= 83.1% | Loss=0.6404 | R²=0.6029 | MAE=1.1771
✅ CMP_103ห้องบรรยาย. [ห้องบรรยาย] +LSTM✓  R²:0.962  MAE:0.32ชม  sMAPE:31.8%  Acc:0.928  F1:0.929  conf:68.2%

🏠 CMP_131SMARTCLASSROOM
   🧠 [1/3] LSTM (Primary) – CMP_131SMARTCLASSROOM
      📈 LSTM training history: epochs=20 train_loss=1.1227 val_loss=1.1119 train_acc=0.6941 val_acc=0.6084
         ✅ success
   🌿 [2/3] LightGBM (Support)
   ⚡ [3/3] XGBoost (Support)
    🟢 LightGBM training: TrainLoss=0.2434 CalLoss=0.2393 TrainAcc=0.9495 CalAcc=0.9398
    ⚡ XGBoost training: TrainLoss=0.2380 CalLoss=0.3076 TrainAcc=0.9547 CalAcc=0.8795

  🎯 ENSEMBLE – CMP_131SMARTCLASSROOM [id=478]

  📊 Classification Metrics – CMP_131SMARTCLASSROOM [id=478]
  ──────────────────────────────────────────────────
  Accuracy  : 0.9217  (92.2%)
  F1 Score  : 0.9218  (weighted avg)
  Recall    : 0.9217  (weighted avg)
  Precision : 0.9227  (weighted avg)
  CE Loss   : 0.3844

  📋 Classification Report:
                   precision    recall  f1-score   support
     
              low       0.97      0.99      0.98        69
           medium       0.96      0.91      0.93        53
             high       0.43      0.43      0.43         7
           urgent       0.87      0.92      0.89        37
     
         accuracy                           0.92       166
        macro avg       0.81      0.81      0.81       166
     weighted avg       0.92      0.92      0.92       166
     
  ──────────────────────────────────────────────────
  📊 ENSEMBLE  : Accuracy= 98.2% | Loss=0.2137 | R²=0.9623 | MAE=0.3190
  📊 LIGHTGBM  : Accuracy= 96.4% | Loss=0.2649 | R²=0.9748 | MAE=0.2829
  📊 XGBOOST   : Accuracy= 94.0% | Loss=0.3332 | R²=0.9037 | MAE=0.4189
  📊 LSTM      : Accuracy= 84.9% | Loss=0.5892 | R²=0.6150 | MAE=1.0982
✅ CMP_131SMARTCLASSROOM [smart classroom] +LSTM✓  R²:0.962  MAE:0.32ชม  sMAPE:31.9%  Acc:0.922  F1:0.922  conf:68.1%

🏠 CMP_201ห้องวิจัย
   🧠 [1/3] LSTM (Primary) – CMP_201ห้องวิจัย
      📈 LSTM training history: epochs=20 train_loss=1.1235 val_loss=1.1090 train_acc=0.6941 val_acc=0.6566
         ✅ success
   🌿 [2/3] LightGBM (Support)
   ⚡ [3/3] XGBoost (Support)
    🟢 LightGBM training: TrainLoss=0.2434 CalLoss=0.2393 TrainAcc=0.9495 CalAcc=0.9398
    ⚡ XGBoost training: TrainLoss=0.2380 CalLoss=0.3076 TrainAcc=0.9547 CalAcc=0.8795

  🎯 ENSEMBLE – CMP_201ห้องวิจัย [id=479]

  📊 Classification Metrics – CMP_201ห้องวิจัย [id=479]
  ──────────────────────────────────────────────────
  Accuracy  : 0.9277  (92.8%)
  F1 Score  : 0.9288  (weighted avg)
  Recall    : 0.9277  (weighted avg)
  Precision : 0.9308  (weighted avg)
  CE Loss   : 0.3673

  📋 Classification Report:
                   precision    recall  f1-score   support
     
              low       0.97      0.99      0.98        69
           medium       0.96      0.91      0.93        53
             high       0.50      0.57      0.53         7
           urgent       0.89      0.92      0.91        37
     
         accuracy                           0.93       166
        macro avg       0.83      0.85      0.84       166
     weighted avg       0.93      0.93      0.93       166
     
  ──────────────────────────────────────────────────
  📊 ENSEMBLE  : Accuracy= 97.6% | Loss=0.2308 | R²=0.9622 | MAE=0.3195
  📊 LIGHTGBM  : Accuracy= 96.4% | Loss=0.2649 | R²=0.9748 | MAE=0.2829
  📊 XGBOOST   : Accuracy= 94.0% | Loss=0.3332 | R²=0.9037 | MAE=0.4189
  📊 LSTM      : Accuracy= 82.5% | Loss=0.6575 | R²=0.5394 | MAE=1.1410
✅ CMP_201ห้องวิจัย.. [ห้องวิจัย ] +LSTM✓  R²:0.962  MAE:0.32ชม  sMAPE:31.9%  Acc:0.928  F1:0.929  conf:68.1%

🏠 CMP_211ปฏิบัติการชีวเคมีฯ
   🧠 [1/3] LSTM (Primary) – CMP_211ปฏิบัติการชีวเคมีฯ
      📈 LSTM training history: epochs=20 train_loss=1.1243 val_loss=1.1708 train_acc=0.6902 val_acc=0.6265
         ✅ success
   🌿 [2/3] LightGBM (Support)
   ⚡ [3/3] XGBoost (Support)
    🟢 LightGBM training: TrainLoss=0.2434 CalLoss=0.2393 TrainAcc=0.9495 CalAcc=0.9398
    ⚡ XGBoost training: TrainLoss=0.2380 CalLoss=0.3076 TrainAcc=0.9547 CalAcc=0.8795

  🎯 ENSEMBLE – CMP_211ปฏิบัติการชีวเคมีฯ [id=480]

  📊 Classification Metrics – CMP_211ปฏิบัติการชีวเคมีฯ [id=480]
  ──────────────────────────────────────────────────
  Accuracy  : 0.9277  (92.8%)
  F1 Score  : 0.9278  (weighted avg)
  Recall    : 0.9277  (weighted avg)
  Precision : 0.9287  (weighted avg)
  CE Loss   : 0.3673

  📋 Classification Report:
                   precision    recall  f1-score   support
     
              low       0.97      0.99      0.98        69
           medium       0.96      0.91      0.93        53
             high       0.57      0.57      0.57         7
           urgent       0.87      0.92      0.89        37
     
         accuracy                           0.93       166
        macro avg       0.84      0.85      0.84       166
     weighted avg       0.93      0.93      0.93       166
     
  ──────────────────────────────────────────────────
  📊 ENSEMBLE  : Accuracy= 97.6% | Loss=0.2308 | R²=0.9626 | MAE=0.3162
  📊 LIGHTGBM  : Accuracy= 96.4% | Loss=0.2649 | R²=0.9748 | MAE=0.2829
  📊 XGBOOST   : Accuracy= 94.0% | Loss=0.3332 | R²=0.9037 | MAE=0.4189
  📊 LSTM      : Accuracy= 79.5% | Loss=0.7428 | R²=0.5721 | MAE=1.1300
✅ CMP_211ปฏิบัติการชีวเคมีฯ [ห้องปฏิบัติการ] +LSTM✓  R²:0.963  MAE:0.32ชม  sMAPE:31.9%  Acc:0.928  F1:0.928  conf:68.1%

🏠 CMP_213ปฏิบัติการสรีรวิทยาฯ
   🧠 [1/3] LSTM (Primary) – CMP_213ปฏิบัติการสรีรวิทยาฯ
      📈 LSTM training history: epochs=20 train_loss=1.1691 val_loss=1.2016 train_acc=0.6769 val_acc=0.5904
         ✅ success
   🌿 [2/3] LightGBM (Support)
   ⚡ [3/3] XGBoost (Support)
    🟢 LightGBM training: TrainLoss=0.2434 CalLoss=0.2393 TrainAcc=0.9495 CalAcc=0.9398
    ⚡ XGBoost training: TrainLoss=0.2380 CalLoss=0.3076 TrainAcc=0.9547 CalAcc=0.8795

  🎯 ENSEMBLE – CMP_213ปฏิบัติการสรีรวิทยาฯ [id=481]

  📊 Classification Metrics – CMP_213ปฏิบัติการสรีรวิทยาฯ [id=481]
  ──────────────────────────────────────────────────
  Accuracy  : 0.9217  (92.2%)
  F1 Score  : 0.9218  (weighted avg)
  Recall    : 0.9217  (weighted avg)
  Precision : 0.9227  (weighted avg)
  CE Loss   : 0.3844

  📋 Classification Report:
                   precision    recall  f1-score   support
     
              low       0.97      0.99      0.98        69
           medium       0.96      0.91      0.93        53
             high       0.43      0.43      0.43         7
           urgent       0.87      0.92      0.89        37
     
         accuracy                           0.92       166
        macro avg       0.81      0.81      0.81       166
     weighted avg       0.92      0.92      0.92       166
     
  ──────────────────────────────────────────────────
  📊 ENSEMBLE  : Accuracy= 98.2% | Loss=0.2137 | R²=0.9625 | MAE=0.3170
  📊 LIGHTGBM  : Accuracy= 96.4% | Loss=0.2649 | R²=0.9748 | MAE=0.2829
  📊 XGBOOST   : Accuracy= 94.0% | Loss=0.3332 | R²=0.9037 | MAE=0.4189
  📊 LSTM      : Accuracy= 81.3% | Loss=0.6916 | R²=0.5497 | MAE=1.1888
✅ CMP_213ปฏิบัติการสรีรวิทยาฯ [ห้องปฏิบัติการ] +LSTM✓  R²:0.963  MAE:0.32ชม  sMAPE:31.8%  Acc:0.922  F1:0.922  conf:68.2%

🏠 1C-MEETING
   🧠 [1/3] LSTM (Primary) – 1C-MEETING
      📈 LSTM training history: epochs=20 train_loss=0.3281 val_loss=0.1891 train_acc=0.9043 val_acc=0.9650
         ✅ success
   🌿 [2/3] LightGBM (Support)
   ⚡ [3/3] XGBoost (Support)
    🟢 LightGBM training: TrainLoss=0.0248 CalLoss=0.0171 TrainAcc=0.9955 CalAcc=0.9860
    ⚡ XGBoost training: TrainLoss=0.0195 CalLoss=0.0201 TrainAcc=0.9970 CalAcc=0.9860

  🎯 ENSEMBLE – 1C-MEETING [id=482]

  📊 Classification Metrics – 1C-MEETING [id=482]
  ──────────────────────────────────────────────────
  Accuracy  : 0.9931  (99.3%)
  F1 Score  : 0.9896  (weighted avg)
  Recall    : 0.9931  (weighted avg)
  Precision : 0.9862  (weighted avg)
  CE Loss   : 0.1822

  📋 Classification Report:
                   precision    recall  f1-score   support
     
              low       0.99      1.00      1.00       140
           medium       0.00      0.00      0.00         1
             high       0.00      0.00      0.00         0
           urgent       1.00      1.00      1.00         3
     
         accuracy                           0.99       144
        macro avg       0.50      0.50      0.50       144
     weighted avg       0.99      0.99      0.99       144
     
  ──────────────────────────────────────────────────
  📊 ENSEMBLE  : Accuracy=100.0% | Loss=0.1625 | R²=-0.2000 | MAE=0.2462
  📊 LIGHTGBM  : Accuracy=100.0% | Loss=0.1625 | R²=0.9673 | MAE=0.0113
  📊 XGBOOST   : Accuracy=100.0% | Loss=0.1625 | R²=-4.5278 | MAE=0.5205
  📊 LSTM      : Accuracy= 98.6% | Loss=0.2019 | R²=-0.0413 | MAE=0.0940
✅ 1C-MEETING........ [ห้องประชุม] [no LSTM]  R²:-0.200  MAE:0.25ชม  sMAPE:26.5%  Acc:0.993  F1:0.990  conf:73.5%

🏠 NTC_313ห้องเรียน
   🧠 [1/3] LSTM (Primary) – NTC_313ห้องเรียน
      📈 LSTM training history: epochs=20 train_loss=1.1627 val_loss=1.1676 train_acc=0.6902 val_acc=0.6024
         ✅ success
   🌿 [2/3] LightGBM (Support)
   ⚡ [3/3] XGBoost (Support)
    🟢 LightGBM training: TrainLoss=0.2434 CalLoss=0.2393 TrainAcc=0.9495 CalAcc=0.9398
    ⚡ XGBoost training: TrainLoss=0.2380 CalLoss=0.3076 TrainAcc=0.9547 CalAcc=0.8795

  🎯 ENSEMBLE – NTC_313ห้องเรียน [id=483]

  📊 Classification Metrics – NTC_313ห้องเรียน [id=483]
  ──────────────────────────────────────────────────
  Accuracy  : 0.9277  (92.8%)
  F1 Score  : 0.9288  (weighted avg)
  Recall    : 0.9277  (weighted avg)
  Precision : 0.9308  (weighted avg)
  CE Loss   : 0.3673

  📋 Classification Report:
                   precision    recall  f1-score   support
     
              low       0.97      0.99      0.98        69
           medium       0.96      0.91      0.93        53
             high       0.50      0.57      0.53         7
           urgent       0.89      0.92      0.91        37
     
         accuracy                           0.93       166
        macro avg       0.83      0.85      0.84       166
     weighted avg       0.93      0.93      0.93       166
     
  ──────────────────────────────────────────────────
  📊 ENSEMBLE  : Accuracy= 97.6% | Loss=0.2308 | R²=0.9623 | MAE=0.3187
  📊 LIGHTGBM  : Accuracy= 96.4% | Loss=0.2649 | R²=0.9748 | MAE=0.2829
  📊 XGBOOST   : Accuracy= 94.0% | Loss=0.3332 | R²=0.9037 | MAE=0.4189
  📊 LSTM      : Accuracy= 80.7% | Loss=0.7087 | R²=0.5556 | MAE=1.1818
✅ NTC_313ห้องเรียน.. [ห้องเรียน ] +LSTM✓  R²:0.962  MAE:0.32ชม  sMAPE:31.8%  Acc:0.928  F1:0.929  conf:68.2%

🏠 NTC_409ห้องเรียน
   🧠 [1/3] LSTM (Primary) – NTC_409ห้องเรียน
      📈 LSTM training history: epochs=20 train_loss=1.1683 val_loss=1.1959 train_acc=0.6888 val_acc=0.5843
         ✅ success
   🌿 [2/3] LightGBM (Support)
   ⚡ [3/3] XGBoost (Support)
    🟢 LightGBM training: TrainLoss=0.2434 CalLoss=0.2393 TrainAcc=0.9495 CalAcc=0.9398
    ⚡ XGBoost training: TrainLoss=0.2380 CalLoss=0.3076 TrainAcc=0.9547 CalAcc=0.8795

  🎯 ENSEMBLE – NTC_409ห้องเรียน [id=484]

  📊 Classification Metrics – NTC_409ห้องเรียน [id=484]
  ──────────────────────────────────────────────────
  Accuracy  : 0.9157  (91.6%)
  F1 Score  : 0.9158  (weighted avg)
  Recall    : 0.9157  (weighted avg)
  Precision : 0.9176  (weighted avg)
  CE Loss   : 0.4015

  📋 Classification Report:
                   precision    recall  f1-score   support
     
              low       0.97      0.99      0.98        69
           medium       0.96      0.89      0.92        53
             high       0.43      0.43      0.43         7
           urgent       0.85      0.92      0.88        37
     
         accuracy                           0.92       166
        macro avg       0.80      0.80      0.80       166
     weighted avg       0.92      0.92      0.92       166
     
  ──────────────────────────────────────────────────
  📊 ENSEMBLE  : Accuracy= 97.6% | Loss=0.2308 | R²=0.9623 | MAE=0.3179
  📊 LIGHTGBM  : Accuracy= 96.4% | Loss=0.2649 | R²=0.9748 | MAE=0.2829
  📊 XGBOOST   : Accuracy= 94.0% | Loss=0.3332 | R²=0.9037 | MAE=0.4189
  📊 LSTM      : Accuracy= 81.9% | Loss=0.6745 | R²=0.5569 | MAE=1.1807
✅ NTC_409ห้องเรียน.. [ห้องเรียน ] +LSTM✓  R²:0.962  MAE:0.32ชม  sMAPE:31.9%  Acc:0.916  F1:0.916  conf:68.1%

🏠 ห้องโถงกิจกรรมชั้น1
   🧠 [1/3] LSTM (Primary) – ห้องโถงกิจกรรมชั้น1
      📈 LSTM training history: epochs=20 train_loss=1.1672 val_loss=1.1782 train_acc=0.6755 val_acc=0.6145
         ✅ success
   🌿 [2/3] LightGBM (Support)
   ⚡ [3/3] XGBoost (Support)
    🟢 LightGBM training: TrainLoss=0.2434 CalLoss=0.2393 TrainAcc=0.9495 CalAcc=0.9398
    ⚡ XGBoost training: TrainLoss=0.2380 CalLoss=0.3076 TrainAcc=0.9547 CalAcc=0.8795

  🎯 ENSEMBLE – ห้องโถงกิจกรรมชั้น1 [id=485]

  📊 Classification Metrics – ห้องโถงกิจกรรมชั้น1 [id=485]
  ──────────────────────────────────────────────────
  Accuracy  : 0.9217  (92.2%)
  F1 Score  : 0.9218  (weighted avg)
  Recall    : 0.9217  (weighted avg)
  Precision : 0.9227  (weighted avg)
  CE Loss   : 0.3844

  📋 Classification Report:
                   precision    recall  f1-score   support
     
              low       0.97      0.99      0.98        69
           medium       0.96      0.91      0.93        53
             high       0.43      0.43      0.43         7
           urgent       0.87      0.92      0.89        37
     
         accuracy                           0.92       166
        macro avg       0.81      0.81      0.81       166
     weighted avg       0.92      0.92      0.92       166
     
  ──────────────────────────────────────────────────
  📊 ENSEMBLE  : Accuracy= 97.6% | Loss=0.2308 | R²=0.9624 | MAE=0.3186
  📊 LIGHTGBM  : Accuracy= 96.4% | Loss=0.2649 | R²=0.9748 | MAE=0.2829
  📊 XGBOOST   : Accuracy= 94.0% | Loss=0.3332 | R²=0.9037 | MAE=0.4189
  📊 LSTM      : Accuracy= 81.3% | Loss=0.6916 | R²=0.5505 | MAE=1.1779
✅ ห้องโถงกิจกรรมชั้น1 [โถง/ห้องกิจกรรม] +LSTM✓  R²:0.962  MAE:0.32ชม  sMAPE:31.8%  Acc:0.922  F1:0.922  conf:68.2%
   🔢 Augment: 1 → 82 วัน (synthetic=81) – ข้อมูลใกล้เคียง

🏠 1C-MEETING
   🧠 [1/3] LSTM (Primary) – 1C-MEETING
      📈 LSTM training history: epochs=20 train_loss=0.0935 val_loss=0.1616 train_acc=0.8108 val_acc=0.5000
         ✅ success
   🌿 [2/3] LightGBM (Support)
   ⚡ [3/3] XGBoost (Support)
    🟢 LightGBM training: TrainLoss=0.0406 CalLoss=0.1029 TrainAcc=0.8421 CalAcc=0.4167
    ⚡ XGBoost training: TrainLoss=0.0206 CalLoss=0.0990 TrainAcc=0.9298 CalAcc=0.5000

  🎯 ENSEMBLE – 1C-MEETING [id=486]

  📊 Classification Metrics – 1C-MEETING [id=486]
  ──────────────────────────────────────────────────
  Accuracy  : 0.6154  (61.5%)
  F1 Score  : 0.4689  (weighted avg)
  Recall    : 0.6154  (weighted avg)
  Precision : 0.3787  (weighted avg)
  CE Loss   : 1.2522

  📋 Classification Report:
                   precision    recall  f1-score   support
     
              low       0.00      0.00      0.00         4
           medium       0.00      0.00      0.00         0
             high       0.00      0.00      0.00         1
           urgent       0.62      1.00      0.76         8
     
         accuracy                           0.62        13
        macro avg       0.15      0.25      0.19        13
     weighted avg       0.38      0.62      0.47        13
     
  ──────────────────────────────────────────────────
  📊 ENSEMBLE  : Accuracy=100.0% | Loss=0.1625 | R²=0.4660 | MAE=0.0804
  📊 LIGHTGBM  : Accuracy=100.0% | Loss=0.1625 | R²=0.4557 | MAE=0.0867
  📊 XGBOOST   : Accuracy=100.0% | Loss=0.1625 | R²=0.4523 | MAE=0.0806
  📊 LSTM      : Accuracy=100.0% | Loss=0.1625 | R²=-0.5079 | MAE=0.1486
✅ 1C-MEETING........ [ห้องประชุม] [no LSTM]  R²:0.466  MAE:0.08ชม  sMAPE:8.3%  Acc:0.615  F1:0.469  conf:91.7%

🏠 1C-MEETING
   🧠 [1/3] LSTM (Primary) – 1C-MEETING
      📈 LSTM training history: epochs=20 train_loss=0.3284 val_loss=0.1888 train_acc=0.9042 val_acc=0.9650
         ✅ success
   🌿 [2/3] LightGBM (Support)
   ⚡ [3/3] XGBoost (Support)
    🟢 LightGBM training: TrainLoss=0.0244 CalLoss=0.0146 TrainAcc=0.9955 CalAcc=0.9930
    ⚡ XGBoost training: TrainLoss=0.0195 CalLoss=0.0201 TrainAcc=0.9970 CalAcc=0.9860

  🎯 ENSEMBLE – 1C-MEETING [id=487]

  📊 Classification Metrics – 1C-MEETING [id=487]
  ──────────────────────────────────────────────────
  Accuracy  : 0.9931  (99.3%)
  F1 Score  : 0.9896  (weighted avg)
  Recall    : 0.9931  (weighted avg)
  Precision : 0.9862  (weighted avg)
  CE Loss   : 0.1822

  📋 Classification Report:
                   precision    recall  f1-score   support
     
              low       0.99      1.00      1.00       140
           medium       0.00      0.00      0.00         1
             high       0.00      0.00      0.00         0
           urgent       1.00      1.00      1.00         3
     
         accuracy                           0.99       144
        macro avg       0.50      0.50      0.50       144
     weighted avg       0.99      0.99      0.99       144
     
  ──────────────────────────────────────────────────
  📊 ENSEMBLE  : Accuracy=100.0% | Loss=0.1625 | R²=-0.0306 | MAE=0.2245
  📊 LIGHTGBM  : Accuracy=100.0% | Loss=0.1625 | R²=0.9640 | MAE=0.0111
  📊 XGBOOST   : Accuracy=100.0% | Loss=0.1625 | R²=-4.6781 | MAE=0.5186
  📊 LSTM      : Accuracy= 98.6% | Loss=0.2019 | R²=-0.0366 | MAE=0.0868
✅ 1C-MEETING........ [ห้องประชุม] [no LSTM]  R²:-0.031  MAE:0.22ชม  sMAPE:26.5%  Acc:0.993  F1:0.990  conf:73.5%

🏠 CLB4100บันทึกวีดิโอ
   🧠 [1/3] LSTM (Primary) – CLB4100บันทึกวีดิโอ
      📈 LSTM training history: epochs=20 train_loss=1.1352 val_loss=1.0990 train_acc=0.6848 val_acc=0.6386
         ✅ success
   🌿 [2/3] LightGBM (Support)
   ⚡ [3/3] XGBoost (Support)
    🟢 LightGBM training: TrainLoss=0.2434 CalLoss=0.2393 TrainAcc=0.9495 CalAcc=0.9398
    ⚡ XGBoost training: TrainLoss=0.2380 CalLoss=0.3076 TrainAcc=0.9547 CalAcc=0.8795

  🎯 ENSEMBLE – CLB4100บันทึกวีดิโอ [id=488]

  📊 Classification Metrics – CLB4100บันทึกวีดิโอ [id=488]
  ──────────────────────────────────────────────────
  Accuracy  : 0.9277  (92.8%)
  F1 Score  : 0.9288  (weighted avg)
  Recall    : 0.9277  (weighted avg)
  Precision : 0.9308  (weighted avg)
  CE Loss   : 0.3673

  📋 Classification Report:
                   precision    recall  f1-score   support
     
              low       0.97      0.99      0.98        69
           medium       0.96      0.91      0.93        53
             high       0.50      0.57      0.53         7
           urgent       0.89      0.92      0.91        37
     
         accuracy                           0.93       166
        macro avg       0.83      0.85      0.84       166
     weighted avg       0.93      0.93      0.93       166
     
  ──────────────────────────────────────────────────
  📊 ENSEMBLE  : Accuracy= 97.6% | Loss=0.2308 | R²=0.9619 | MAE=0.3207
  📊 LIGHTGBM  : Accuracy= 96.4% | Loss=0.2649 | R²=0.9748 | MAE=0.2829
  📊 XGBOOST   : Accuracy= 94.0% | Loss=0.3332 | R²=0.9037 | MAE=0.4189
  📊 LSTM      : Accuracy= 81.3% | Loss=0.6916 | R²=0.5528 | MAE=1.1661
✅ CLB4100บันทึกวีดิโอ [ห้อง vdo recording] +LSTM✓  R²:0.962  MAE:0.32ชม  sMAPE:31.9%  Acc:0.928  F1:0.929  conf:68.1%
   🔢 Augment: 1 → 82 วัน (synthetic=81) – ข้อมูลใกล้เคียง

🏠 CLB4104LIVEONLINE
   🧠 [1/3] LSTM (Primary) – CLB4104LIVEONLINE
      📈 LSTM training history: epochs=20 train_loss=0.2415 val_loss=0.2048 train_acc=0.7568 val_acc=0.8333
         ✅ success
   🌿 [2/3] LightGBM (Support)
   ⚡ [3/3] XGBoost (Support)
    🟢 LightGBM training: TrainLoss=0.0730 CalLoss=0.1710 TrainAcc=0.8421 CalAcc=0.8333
    ⚡ XGBoost training: TrainLoss=0.0434 CalLoss=0.2004 TrainAcc=0.9649 CalAcc=0.8333

  🎯 ENSEMBLE – CLB4104LIVEONLINE [id=489]

  📊 Classification Metrics – CLB4104LIVEONLINE [id=489]
  ──────────────────────────────────────────────────
  Accuracy  : 0.9231  (92.3%)
  F1 Score  : 0.9196  (weighted avg)
  Recall    : 0.9231  (weighted avg)
  Precision : 0.9308  (weighted avg)
  CE Loss   : 0.3805

  📋 Classification Report:
                   precision    recall  f1-score   support
     
              low       1.00      0.75      0.86         4
           medium       0.00      0.00      0.00         0
             high       0.00      0.00      0.00         0
           urgent       0.90      1.00      0.95         9
     
         accuracy                           0.92        13
        macro avg       0.47      0.44      0.45        13
     weighted avg       0.93      0.92      0.92        13
     
  ──────────────────────────────────────────────────
  📊 ENSEMBLE  : Accuracy=100.0% | Loss=0.1625 | R²=0.5269 | MAE=0.2183
  📊 LIGHTGBM  : Accuracy=100.0% | Loss=0.1625 | R²=0.5585 | MAE=0.2163
  📊 XGBOOST   : Accuracy=100.0% | Loss=0.1625 | R²=0.4862 | MAE=0.2203
  📊 LSTM      : Accuracy=100.0% | Loss=0.1625 | R²=-0.0379 | MAE=0.2973
✅ CLB4104LIVEONLINE. [ห้อง live/self-record] [no LSTM]  R²:0.527  MAE:0.22ชม  sMAPE:12.2%  Acc:0.923  F1:0.920  conf:87.8%

🏠 CLB4201SMARTCLASSROOM
   🧠 [1/3] LSTM (Primary) – CLB4201SMARTCLASSROOM
      📈 LSTM training history: epochs=20 train_loss=1.1549 val_loss=1.2379 train_acc=0.6928 val_acc=0.6084
         ✅ success
   🌿 [2/3] LightGBM (Support)
   ⚡ [3/3] XGBoost (Support)
    🟢 LightGBM training: TrainLoss=0.2434 CalLoss=0.2393 TrainAcc=0.9495 CalAcc=0.9398
    ⚡ XGBoost training: TrainLoss=0.2380 CalLoss=0.3076 TrainAcc=0.9547 CalAcc=0.8795

  🎯 ENSEMBLE – CLB4201SMARTCLASSROOM [id=490]

  📊 Classification Metrics – CLB4201SMARTCLASSROOM [id=490]
  ──────────────────────────────────────────────────
  Accuracy  : 0.9217  (92.2%)
  F1 Score  : 0.9206  (weighted avg)
  Recall    : 0.9217  (weighted avg)
  Precision : 0.9208  (weighted avg)
  CE Loss   : 0.3844

  📋 Classification Report:
                   precision    recall  f1-score   support
     
              low       0.97      0.99      0.98        69
           medium       0.96      0.91      0.93        53
             high       0.50      0.43      0.46         7
           urgent       0.85      0.92      0.88        37
     
         accuracy                           0.92       166
        macro avg       0.82      0.81      0.81       166
     weighted avg       0.92      0.92      0.92       166
     
  ──────────────────────────────────────────────────
  📊 ENSEMBLE  : Accuracy= 98.2% | Loss=0.2137 | R²=0.9625 | MAE=0.3173
  📊 LIGHTGBM  : Accuracy= 96.4% | Loss=0.2649 | R²=0.9748 | MAE=0.2829
  📊 XGBOOST   : Accuracy= 94.0% | Loss=0.3332 | R²=0.9037 | MAE=0.4189
  📊 LSTM      : Accuracy= 83.1% | Loss=0.6404 | R²=0.5573 | MAE=1.1891
✅ CLB4201SMARTCLASSROOM [smart classroom vdo] +LSTM✓  R²:0.963  MAE:0.32ชม  sMAPE:31.8%  Acc:0.922  F1:0.921  conf:68.2%

🏠 CLB4202SMARTCLASSROOM
   🧠 [1/3] LSTM (Primary) – CLB4202SMARTCLASSROOM
      📈 LSTM training history: epochs=20 train_loss=1.1401 val_loss=1.1153 train_acc=0.6941 val_acc=0.6446
         ✅ success
   🌿 [2/3] LightGBM (Support)
   ⚡ [3/3] XGBoost (Support)
    🟢 LightGBM training: TrainLoss=0.2434 CalLoss=0.2393 TrainAcc=0.9495 CalAcc=0.9398
    ⚡ XGBoost training: TrainLoss=0.2380 CalLoss=0.3076 TrainAcc=0.9547 CalAcc=0.8795

  🎯 ENSEMBLE – CLB4202SMARTCLASSROOM [id=491]

  📊 Classification Metrics – CLB4202SMARTCLASSROOM [id=491]
  ──────────────────────────────────────────────────
  Accuracy  : 0.9277  (92.8%)
  F1 Score  : 0.9288  (weighted avg)
  Recall    : 0.9277  (weighted avg)
  Precision : 0.9308  (weighted avg)
  CE Loss   : 0.3673

  📋 Classification Report:
                   precision    recall  f1-score   support
     
              low       0.97      0.99      0.98        69
           medium       0.96      0.91      0.93        53
             high       0.50      0.57      0.53         7
           urgent       0.89      0.92      0.91        37
     
         accuracy                           0.93       166
        macro avg       0.83      0.85      0.84       166
     weighted avg       0.93      0.93      0.93       166
     
  ──────────────────────────────────────────────────
  📊 ENSEMBLE  : Accuracy= 97.6% | Loss=0.2308 | R²=0.9623 | MAE=0.3201
  📊 LIGHTGBM  : Accuracy= 96.4% | Loss=0.2649 | R²=0.9748 | MAE=0.2829
  📊 XGBOOST   : Accuracy= 94.0% | Loss=0.3332 | R²=0.9037 | MAE=0.4189
  📊 LSTM      : Accuracy= 80.1% | Loss=0.7257 | R²=0.5381 | MAE=1.1562
✅ CLB4202SMARTCLASSROOM [smart classroom vdo] +LSTM✓  R²:0.962  MAE:0.32ชม  sMAPE:32.0%  Acc:0.928  F1:0.929  conf:68.0%

🏠 CLB4203SMARTCLASSROOM
   🧠 [1/3] LSTM (Primary) – CLB4203SMARTCLASSROOM
      📈 LSTM training history: epochs=20 train_loss=1.2038 val_loss=1.2756 train_acc=0.6702 val_acc=0.6024
         ✅ success
   🌿 [2/3] LightGBM (Support)
   ⚡ [3/3] XGBoost (Support)
    🟢 LightGBM training: TrainLoss=0.2434 CalLoss=0.2393 TrainAcc=0.9495 CalAcc=0.9398
    ⚡ XGBoost training: TrainLoss=0.2380 CalLoss=0.3076 TrainAcc=0.9547 CalAcc=0.8795

  🎯 ENSEMBLE – CLB4203SMARTCLASSROOM [id=492]

  📊 Classification Metrics – CLB4203SMARTCLASSROOM [id=492]
  ──────────────────────────────────────────────────
  Accuracy  : 0.9157  (91.6%)
  F1 Score  : 0.9172  (weighted avg)
  Recall    : 0.9157  (weighted avg)
  Precision : 0.9202  (weighted avg)
  CE Loss   : 0.4015

  📋 Classification Report:
                   precision    recall  f1-score   support
     
              low       0.97      0.99      0.98        69
           medium       0.96      0.89      0.92        53
             high       0.38      0.43      0.40         7
           urgent       0.87      0.92      0.89        37
     
         accuracy                           0.92       166
        macro avg       0.79      0.80      0.80       166
     weighted avg       0.92      0.92      0.92       166
     
  ──────────────────────────────────────────────────
  📊 ENSEMBLE  : Accuracy= 97.6% | Loss=0.2308 | R²=0.9627 | MAE=0.3160
  📊 LIGHTGBM  : Accuracy= 96.4% | Loss=0.2649 | R²=0.9748 | MAE=0.2829
  📊 XGBOOST   : Accuracy= 94.0% | Loss=0.3332 | R²=0.9037 | MAE=0.4189
  📊 LSTM      : Accuracy= 81.3% | Loss=0.6916 | R²=0.5765 | MAE=1.1580
✅ CLB4203SMARTCLASSROOM [smart classroom vdo] +LSTM✓  R²:0.963  MAE:0.32ชม  sMAPE:31.7%  Acc:0.916  F1:0.917  conf:68.3%

🏠 OARทองกวาวVDOSTUDIO
   🧠 [1/3] LSTM (Primary) – OARทองกวาวVDOSTUDIO
      📈 LSTM training history: epochs=20 train_loss=1.1664 val_loss=1.2116 train_acc=0.6809 val_acc=0.6265
         ✅ success
   🌿 [2/3] LightGBM (Support)
   ⚡ [3/3] XGBoost (Support)
    🟢 LightGBM training: TrainLoss=0.2434 CalLoss=0.2393 TrainAcc=0.9495 CalAcc=0.9398
    ⚡ XGBoost training: TrainLoss=0.2380 CalLoss=0.3076 TrainAcc=0.9547 CalAcc=0.8795

  🎯 ENSEMBLE – OARทองกวาวVDOSTUDIO [id=493]

  📊 Classification Metrics – OARทองกวาวVDOSTUDIO [id=493]
  ──────────────────────────────────────────────────
  Accuracy  : 0.9277  (92.8%)
  F1 Score  : 0.9288  (weighted avg)
  Recall    : 0.9277  (weighted avg)
  Precision : 0.9308  (weighted avg)
  CE Loss   : 0.3673

  📋 Classification Report:
                   precision    recall  f1-score   support
     
              low       0.97      0.99      0.98        69
           medium       0.96      0.91      0.93        53
             high       0.50      0.57      0.53         7
           urgent       0.89      0.92      0.91        37
     
         accuracy                           0.93       166
        macro avg       0.83      0.85      0.84       166
     weighted avg       0.93      0.93      0.93       166
     
  ──────────────────────────────────────────────────
  📊 ENSEMBLE  : Accuracy= 98.2% | Loss=0.2137 | R²=0.9625 | MAE=0.3181
  📊 LIGHTGBM  : Accuracy= 96.4% | Loss=0.2649 | R²=0.9748 | MAE=0.2829
  📊 XGBOOST   : Accuracy= 94.0% | Loss=0.3332 | R²=0.9037 | MAE=0.4189
  📊 LSTM      : Accuracy= 80.7% | Loss=0.7087 | R²=0.5577 | MAE=1.2014
✅ OARทองกวาวVDOSTUDIO [vdo studio] +LSTM✓  R²:0.962  MAE:0.32ชม  sMAPE:31.8%  Acc:0.928  F1:0.929  conf:68.2%

🏠 OARยางนาOBSSTUDIO
   🧠 [1/3] LSTM (Primary) – OARยางนาOBSSTUDIO
      📈 LSTM training history: epochs=20 train_loss=1.1575 val_loss=1.1499 train_acc=0.6689 val_acc=0.6145
         ✅ success
   🌿 [2/3] LightGBM (Support)
   ⚡ [3/3] XGBoost (Support)
    🟢 LightGBM training: TrainLoss=0.2434 CalLoss=0.2393 TrainAcc=0.9495 CalAcc=0.9398
    ⚡ XGBoost training: TrainLoss=0.2380 CalLoss=0.3076 TrainAcc=0.9547 CalAcc=0.8795

  🎯 ENSEMBLE – OARยางนาOBSSTUDIO [id=494]

  📊 Classification Metrics – OARยางนาOBSSTUDIO [id=494]
  ──────────────────────────────────────────────────
  Accuracy  : 0.9217  (92.2%)
  F1 Score  : 0.9218  (weighted avg)
  Recall    : 0.9217  (weighted avg)
  Precision : 0.9227  (weighted avg)
  CE Loss   : 0.3844

  📋 Classification Report:
                   precision    recall  f1-score   support
     
              low       0.97      0.99      0.98        69
           medium       0.96      0.91      0.93        53
             high       0.43      0.43      0.43         7
           urgent       0.87      0.92      0.89        37
     
         accuracy                           0.92       166
        macro avg       0.81      0.81      0.81       166
     weighted avg       0.92      0.92      0.92       166
     
  ──────────────────────────────────────────────────
  📊 ENSEMBLE  : Accuracy= 97.6% | Loss=0.2308 | R²=0.9620 | MAE=0.3212
  📊 LIGHTGBM  : Accuracy= 96.4% | Loss=0.2649 | R²=0.9748 | MAE=0.2829
  📊 XGBOOST   : Accuracy= 94.0% | Loss=0.3332 | R²=0.9037 | MAE=0.4189
  📊 LSTM      : Accuracy= 77.7% | Loss=0.7940 | R²=0.5101 | MAE=1.2312
✅ OARยางนาOBSSTUDIO. [obs studio] +LSTM✓  R²:0.962  MAE:0.32ชม  sMAPE:31.9%  Acc:0.922  F1:0.922  conf:68.1%

🏠 บัวบา1
   🧠 [1/3] LSTM (Primary) – บัวบา1
      📈 LSTM training history: epochs=20 train_loss=1.1344 val_loss=1.1165 train_acc=0.6875 val_acc=0.6024
         ✅ success
   🌿 [2/3] LightGBM (Support)
   ⚡ [3/3] XGBoost (Support)
    🟢 LightGBM training: TrainLoss=0.2434 CalLoss=0.2393 TrainAcc=0.9495 CalAcc=0.9398
    ⚡ XGBoost training: TrainLoss=0.2380 CalLoss=0.3076 TrainAcc=0.9547 CalAcc=0.8795

  🎯 ENSEMBLE – บัวบา1 [id=495]

  📊 Classification Metrics – บัวบา1 [id=495]
  ──────────────────────────────────────────────────
  Accuracy  : 0.9277  (92.8%)
  F1 Score  : 0.9288  (weighted avg)
  Recall    : 0.9277  (weighted avg)
  Precision : 0.9308  (weighted avg)
  CE Loss   : 0.3673

  📋 Classification Report:
                   precision    recall  f1-score   support
     
              low       0.97      0.99      0.98        69
           medium       0.96      0.91      0.93        53
             high       0.50      0.57      0.53         7
           urgent       0.89      0.92      0.91        37
     
         accuracy                           0.93       166
        macro avg       0.83      0.85      0.84       166
     weighted avg       0.93      0.93      0.93       166
     
  ──────────────────────────────────────────────────
  📊 ENSEMBLE  : Accuracy= 97.6% | Loss=0.2308 | R²=0.9624 | MAE=0.3183
  📊 LIGHTGBM  : Accuracy= 96.4% | Loss=0.2649 | R²=0.9748 | MAE=0.2829
  📊 XGBOOST   : Accuracy= 94.0% | Loss=0.3332 | R²=0.9037 | MAE=0.4189
  📊 LSTM      : Accuracy= 83.7% | Loss=0.6233 | R²=0.5838 | MAE=1.1097
✅ บัวบา1............ [ห้องกลุ่มย่อย] +LSTM✓  R²:0.962  MAE:0.32ชม  sMAPE:31.9%  Acc:0.928  F1:0.929  conf:68.1%

🏠 บัวบา2
   🧠 [1/3] LSTM (Primary) – บัวบา2
      📈 LSTM training history: epochs=20 train_loss=1.1112 val_loss=1.0783 train_acc=0.6915 val_acc=0.6145
         ✅ success
   🌿 [2/3] LightGBM (Support)
   ⚡ [3/3] XGBoost (Support)
    🟢 LightGBM training: TrainLoss=0.2434 CalLoss=0.2393 TrainAcc=0.9495 CalAcc=0.9398
    ⚡ XGBoost training: TrainLoss=0.2380 CalLoss=0.3076 TrainAcc=0.9547 CalAcc=0.8795

  🎯 ENSEMBLE – บัวบา2 [id=496]

  📊 Classification Metrics – บัวบา2 [id=496]
  ──────────────────────────────────────────────────
  Accuracy  : 0.9277  (92.8%)
  F1 Score  : 0.9288  (weighted avg)
  Recall    : 0.9277  (weighted avg)
  Precision : 0.9308  (weighted avg)
  CE Loss   : 0.3673

  📋 Classification Report:
                   precision    recall  f1-score   support
     
              low       0.97      0.99      0.98        69
           medium       0.96      0.91      0.93        53
             high       0.50      0.57      0.53         7
           urgent       0.89      0.92      0.91        37
     
         accuracy                           0.93       166
        macro avg       0.83      0.85      0.84       166
     weighted avg       0.93      0.93      0.93       166
     
  ──────────────────────────────────────────────────
  📊 ENSEMBLE  : Accuracy= 98.2% | Loss=0.2137 | R²=0.9623 | MAE=0.3190
  📊 LIGHTGBM  : Accuracy= 96.4% | Loss=0.2649 | R²=0.9748 | MAE=0.2829
  📊 XGBOOST   : Accuracy= 94.0% | Loss=0.3332 | R²=0.9037 | MAE=0.4189
  📊 LSTM      : Accuracy= 80.1% | Loss=0.7257 | R²=0.5895 | MAE=1.1180
✅ บัวบา2............ [ห้องกลุ่มย่อย] +LSTM✓  R²:0.962  MAE:0.32ชม  sMAPE:31.9%  Acc:0.928  F1:0.929  conf:68.1%

🏠 บัวบา4
   🧠 [1/3] LSTM (Primary) – บัวบา4
      📈 LSTM training history: epochs=20 train_loss=1.1881 val_loss=1.2262 train_acc=0.6782 val_acc=0.6084
         ✅ success
   🌿 [2/3] LightGBM (Support)
   ⚡ [3/3] XGBoost (Support)
    🟢 LightGBM training: TrainLoss=0.2434 CalLoss=0.2393 TrainAcc=0.9495 CalAcc=0.9398
    ⚡ XGBoost training: TrainLoss=0.2380 CalLoss=0.3076 TrainAcc=0.9547 CalAcc=0.8795

  🎯 ENSEMBLE – บัวบา4 [id=497]

  📊 Classification Metrics – บัวบา4 [id=497]
  ──────────────────────────────────────────────────
  Accuracy  : 0.9157  (91.6%)
  F1 Score  : 0.9191  (weighted avg)
  Recall    : 0.9157  (weighted avg)
  Precision : 0.9248  (weighted avg)
  CE Loss   : 0.4015

  📋 Classification Report:
                   precision    recall  f1-score   support
     
              low       0.97      0.99      0.98        69
           medium       0.98      0.89      0.93        53
             high       0.33      0.43      0.38         7
           urgent       0.87      0.92      0.89        37
     
         accuracy                           0.92       166
        macro avg       0.79      0.80      0.79       166
     weighted avg       0.92      0.92      0.92       166
     
  ──────────────────────────────────────────────────
  📊 ENSEMBLE  : Accuracy= 98.2% | Loss=0.2137 | R²=0.9624 | MAE=0.3185
  📊 LIGHTGBM  : Accuracy= 96.4% | Loss=0.2649 | R²=0.9748 | MAE=0.2829
  📊 XGBOOST   : Accuracy= 94.0% | Loss=0.3332 | R²=0.9037 | MAE=0.4189
  📊 LSTM      : Accuracy= 80.7% | Loss=0.7087 | R²=0.5541 | MAE=1.2226
✅ บัวบา4............ [ห้องกลุ่มย่อย] +LSTM✓  R²:0.962  MAE:0.32ชม  sMAPE:31.8%  Acc:0.916  F1:0.919  conf:68.2%

🏠 บัวบา6
   🧠 [1/3] LSTM (Primary) – บัวบา6
      📈 LSTM training history: epochs=20 train_loss=1.2236 val_loss=1.1933 train_acc=0.6742 val_acc=0.6084
         ✅ success
   🌿 [2/3] LightGBM (Support)
   ⚡ [3/3] XGBoost (Support)
    🟢 LightGBM training: TrainLoss=0.2434 CalLoss=0.2393 TrainAcc=0.9495 CalAcc=0.9398
    ⚡ XGBoost training: TrainLoss=0.2380 CalLoss=0.3076 TrainAcc=0.9547 CalAcc=0.8795

  🎯 ENSEMBLE – บัวบา6 [id=498]

  📊 Classification Metrics – บัวบา6 [id=498]
  ──────────────────────────────────────────────────
  Accuracy  : 0.9157  (91.6%)
  F1 Score  : 0.9172  (weighted avg)
  Recall    : 0.9157  (weighted avg)
  Precision : 0.9202  (weighted avg)
  CE Loss   : 0.4015

  📋 Classification Report:
                   precision    recall  f1-score   support
     
              low       0.97      0.99      0.98        69
           medium       0.96      0.89      0.92        53
             high       0.38      0.43      0.40         7
           urgent       0.87      0.92      0.89        37
     
         accuracy                           0.92       166
        macro avg       0.79      0.80      0.80       166
     weighted avg       0.92      0.92      0.92       166
     
  ──────────────────────────────────────────────────
  📊 ENSEMBLE  : Accuracy= 97.6% | Loss=0.2308 | R²=0.9619 | MAE=0.3217
  📊 LIGHTGBM  : Accuracy= 96.4% | Loss=0.2649 | R²=0.9748 | MAE=0.2829
  📊 XGBOOST   : Accuracy= 94.0% | Loss=0.3332 | R²=0.9037 | MAE=0.4189
  📊 LSTM      : Accuracy= 80.7% | Loss=0.7087 | R²=0.5274 | MAE=1.2403
✅ บัวบา6............ [ห้องกลุ่มย่อย] +LSTM✓  R²:0.962  MAE:0.32ชม  sMAPE:31.9%  Acc:0.916  F1:0.917  conf:68.1%

🏠 บัวบา7
   🧠 [1/3] LSTM (Primary) – บัวบา7
      📈 LSTM training history: epochs=20 train_loss=1.1693 val_loss=1.1915 train_acc=0.6795 val_acc=0.6024
         ✅ success
   🌿 [2/3] LightGBM (Support)
   ⚡ [3/3] XGBoost (Support)
    🟢 LightGBM training: TrainLoss=0.2434 CalLoss=0.2393 TrainAcc=0.9495 CalAcc=0.9398
    ⚡ XGBoost training: TrainLoss=0.2380 CalLoss=0.3076 TrainAcc=0.9547 CalAcc=0.8795

  🎯 ENSEMBLE – บัวบา7 [id=499]

  📊 Classification Metrics – บัวบา7 [id=499]
  ──────────────────────────────────────────────────
  Accuracy  : 0.9277  (92.8%)
  F1 Score  : 0.9288  (weighted avg)
  Recall    : 0.9277  (weighted avg)
  Precision : 0.9308  (weighted avg)
  CE Loss   : 0.3673

  📋 Classification Report:
                   precision    recall  f1-score   support
     
              low       0.97      0.99      0.98        69
           medium       0.96      0.91      0.93        53
             high       0.50      0.57      0.53         7
           urgent       0.89      0.92      0.91        37
     
         accuracy                           0.93       166
        macro avg       0.83      0.85      0.84       166
     weighted avg       0.93      0.93      0.93       166
     
  ──────────────────────────────────────────────────
  📊 ENSEMBLE  : Accuracy= 98.2% | Loss=0.2137 | R²=0.9623 | MAE=0.3190
  📊 LIGHTGBM  : Accuracy= 96.4% | Loss=0.2649 | R²=0.9748 | MAE=0.2829
  📊 XGBOOST   : Accuracy= 94.0% | Loss=0.3332 | R²=0.9037 | MAE=0.4189
  📊 LSTM      : Accuracy= 80.1% | Loss=0.7257 | R²=0.5378 | MAE=1.1694
✅ บัวบา7............ [ห้องกลุ่มย่อย] +LSTM✓  R²:0.962  MAE:0.32ชม  sMAPE:31.9%  Acc:0.928  F1:0.929  conf:68.1%

🏠 บัวบา9
   🧠 [1/3] LSTM (Primary) – บัวบา9
      📈 LSTM training history: epochs=20 train_loss=1.1021 val_loss=1.0998 train_acc=0.6968 val_acc=0.6446
         ✅ success
   🌿 [2/3] LightGBM (Support)
   ⚡ [3/3] XGBoost (Support)
    🟢 LightGBM training: TrainLoss=0.2434 CalLoss=0.2393 TrainAcc=0.9495 CalAcc=0.9398
    ⚡ XGBoost training: TrainLoss=0.2380 CalLoss=0.3076 TrainAcc=0.9547 CalAcc=0.8795

  🎯 ENSEMBLE – บัวบา9 [id=500]

  📊 Classification Metrics – บัวบา9 [id=500]
  ──────────────────────────────────────────────────
  Accuracy  : 0.9217  (92.2%)
  F1 Score  : 0.9218  (weighted avg)
  Recall    : 0.9217  (weighted avg)
  Precision : 0.9227  (weighted avg)
  CE Loss   : 0.3844

  📋 Classification Report:
                   precision    recall  f1-score   support
     
              low       0.97      0.99      0.98        69
           medium       0.96      0.91      0.93        53
             high       0.43      0.43      0.43         7
           urgent       0.87      0.92      0.89        37
     
         accuracy                           0.92       166
        macro avg       0.81      0.81      0.81       166
     weighted avg       0.92      0.92      0.92       166
     
  ──────────────────────────────────────────────────
  📊 ENSEMBLE  : Accuracy= 98.2% | Loss=0.2137 | R²=0.9622 | MAE=0.3197
  📊 LIGHTGBM  : Accuracy= 96.4% | Loss=0.2649 | R²=0.9748 | MAE=0.2829
  📊 XGBOOST   : Accuracy= 94.0% | Loss=0.3332 | R²=0.9037 | MAE=0.4189
  📊 LSTM      : Accuracy= 83.7% | Loss=0.6233 | R²=0.5665 | MAE=1.1176
✅ บัวบา9............ [ห้องกลุ่มย่อย] +LSTM✓  R²:0.962  MAE:0.32ชม  sMAPE:31.9%  Acc:0.922  F1:0.922  conf:68.1%

🏠 ห้องบัวหลวง
   🧠 [1/3] LSTM (Primary) – ห้องบัวหลวง
      📈 LSTM training history: epochs=20 train_loss=0.3279 val_loss=0.1888 train_acc=0.9043 val_acc=0.9650
         ✅ success
   🌿 [2/3] LightGBM (Support)
   ⚡ [3/3] XGBoost (Support)
    🟢 LightGBM training: TrainLoss=0.0248 CalLoss=0.0171 TrainAcc=0.9955 CalAcc=0.9860
    ⚡ XGBoost training: TrainLoss=0.0195 CalLoss=0.0201 TrainAcc=0.9970 CalAcc=0.9860

  🎯 ENSEMBLE – ห้องบัวหลวง [id=501]

  📊 Classification Metrics – ห้องบัวหลวง [id=501]
  ──────────────────────────────────────────────────
  Accuracy  : 0.9931  (99.3%)
  F1 Score  : 0.9896  (weighted avg)
  Recall    : 0.9931  (weighted avg)
  Precision : 0.9862  (weighted avg)
  CE Loss   : 0.1822

  📋 Classification Report:
                   precision    recall  f1-score   support
     
              low       0.99      1.00      1.00       140
           medium       0.00      0.00      0.00         1
             high       0.00      0.00      0.00         0
           urgent       1.00      1.00      1.00         3
     
         accuracy                           0.99       144
        macro avg       0.50      0.50      0.50       144
     weighted avg       0.99      0.99      0.99       144
     
  ──────────────────────────────────────────────────
  📊 ENSEMBLE  : Accuracy=100.0% | Loss=0.1625 | R²=-0.2000 | MAE=0.2462
  📊 LIGHTGBM  : Accuracy=100.0% | Loss=0.1625 | R²=0.9673 | MAE=0.0113
  📊 XGBOOST   : Accuracy=100.0% | Loss=0.1625 | R²=-4.5278 | MAE=0.5205
  📊 LSTM      : Accuracy= 98.6% | Loss=0.2019 | R²=-0.0415 | MAE=0.0938
✅ ห้องบัวหลวง....... [ห้องประชุม] [no LSTM]  R²:-0.200  MAE:0.25ชม  sMAPE:26.5%  Acc:0.993  F1:0.990  conf:73.5%

🏠 ห้องESANZONE
   🧠 [1/3] LSTM (Primary) – ห้องESANZONE
      📈 LSTM training history: epochs=20 train_loss=1.1048 val_loss=1.0717 train_acc=0.7021 val_acc=0.6867
         ✅ success
   🌿 [2/3] LightGBM (Support)
   ⚡ [3/3] XGBoost (Support)
    🟢 LightGBM training: TrainLoss=0.2434 CalLoss=0.2393 TrainAcc=0.9495 CalAcc=0.9398
    ⚡ XGBoost training: TrainLoss=0.2380 CalLoss=0.3076 TrainAcc=0.9547 CalAcc=0.8795

  🎯 ENSEMBLE – ห้องESANZONE [id=502]

  📊 Classification Metrics – ห้องESANZONE [id=502]
  ──────────────────────────────────────────────────
  Accuracy  : 0.9217  (92.2%)
  F1 Score  : 0.9218  (weighted avg)
  Recall    : 0.9217  (weighted avg)
  Precision : 0.9227  (weighted avg)
  CE Loss   : 0.3844

  📋 Classification Report:
                   precision    recall  f1-score   support
     
              low       0.97      0.99      0.98        69
           medium       0.96      0.91      0.93        53
             high       0.43      0.43      0.43         7
           urgent       0.87      0.92      0.89        37
     
         accuracy                           0.92       166
        macro avg       0.81      0.81      0.81       166
     weighted avg       0.92      0.92      0.92       166
     
  ──────────────────────────────────────────────────
  📊 ENSEMBLE  : Accuracy= 98.2% | Loss=0.2137 | R²=0.9615 | MAE=0.3238
  📊 LIGHTGBM  : Accuracy= 96.4% | Loss=0.2649 | R²=0.9748 | MAE=0.2829
  📊 XGBOOST   : Accuracy= 94.0% | Loss=0.3332 | R²=0.9037 | MAE=0.4189
  📊 LSTM      : Accuracy= 80.1% | Loss=0.7257 | R²=0.5518 | MAE=1.1641
✅ ห้องESANZONE...... [ห้องกิจกรรม] +LSTM✓  R²:0.962  MAE:0.32ชม  sMAPE:32.0%  Acc:0.922  F1:0.922  conf:68.0%

🏠 LOCKARD
   🧠 [1/3] LSTM (Primary) – LOCKARD
      📈 LSTM training history: epochs=20 train_loss=1.1930 val_loss=1.2789 train_acc=0.6742 val_acc=0.5301
         ✅ success
   🌿 [2/3] LightGBM (Support)
   ⚡ [3/3] XGBoost (Support)
    🟢 LightGBM training: TrainLoss=0.2434 CalLoss=0.2393 TrainAcc=0.9495 CalAcc=0.9398
    ⚡ XGBoost training: TrainLoss=0.2380 CalLoss=0.3076 TrainAcc=0.9547 CalAcc=0.8795

  🎯 ENSEMBLE – LOCKARD [id=503]

  📊 Classification Metrics – LOCKARD [id=503]
  ──────────────────────────────────────────────────
  Accuracy  : 0.9217  (92.2%)
  F1 Score  : 0.9241  (weighted avg)
  Recall    : 0.9217  (weighted avg)
  Precision : 0.9282  (weighted avg)
  CE Loss   : 0.3844

  📋 Classification Report:
                   precision    recall  f1-score   support
     
              low       0.97      0.99      0.98        69
           medium       0.96      0.89      0.92        53
             high       0.44      0.57      0.50         7
           urgent       0.89      0.92      0.91        37
     
         accuracy                           0.92       166
        macro avg       0.82      0.84      0.83       166
     weighted avg       0.93      0.92      0.92       166
     
  ──────────────────────────────────────────────────
  📊 ENSEMBLE  : Accuracy= 98.2% | Loss=0.2137 | R²=0.9627 | MAE=0.3161
  📊 LIGHTGBM  : Accuracy= 96.4% | Loss=0.2649 | R²=0.9748 | MAE=0.2829
  📊 XGBOOST   : Accuracy= 94.0% | Loss=0.3332 | R²=0.9037 | MAE=0.4189
  📊 LSTM      : Accuracy= 80.7% | Loss=0.7087 | R²=0.5684 | MAE=1.1930
✅ LOCKARD........... [ห้องเรียน ] +LSTM✓  R²:0.963  MAE:0.32ชม  sMAPE:31.7%  Acc:0.922  F1:0.924  conf:68.3%

🏠 ห้องยางนา
   🧠 [1/3] LSTM (Primary) – ห้องยางนา
      📈 LSTM training history: epochs=20 train_loss=0.3281 val_loss=0.1890 train_acc=0.9043 val_acc=0.9650
         ✅ success
   🌿 [2/3] LightGBM (Support)
   ⚡ [3/3] XGBoost (Support)
    🟢 LightGBM training: TrainLoss=0.0248 CalLoss=0.0171 TrainAcc=0.9955 CalAcc=0.9860
    ⚡ XGBoost training: TrainLoss=0.0195 CalLoss=0.0201 TrainAcc=0.9970 CalAcc=0.9860

  🎯 ENSEMBLE – ห้องยางนา [id=504]

  📊 Classification Metrics – ห้องยางนา [id=504]
  ──────────────────────────────────────────────────
  Accuracy  : 0.9931  (99.3%)
  F1 Score  : 0.9896  (weighted avg)
  Recall    : 0.9931  (weighted avg)
  Precision : 0.9862  (weighted avg)
  CE Loss   : 0.1822

  📋 Classification Report:
                   precision    recall  f1-score   support
     
              low       0.99      1.00      1.00       140
           medium       0.00      0.00      0.00         1
             high       0.00      0.00      0.00         0
           urgent       1.00      1.00      1.00         3
     
         accuracy                           0.99       144
        macro avg       0.50      0.50      0.50       144
     weighted avg       0.99      0.99      0.99       144
     
  ──────────────────────────────────────────────────
  📊 ENSEMBLE  : Accuracy=100.0% | Loss=0.1625 | R²=-0.2000 | MAE=0.2462
  📊 LIGHTGBM  : Accuracy=100.0% | Loss=0.1625 | R²=0.9673 | MAE=0.0113
  📊 XGBOOST   : Accuracy=100.0% | Loss=0.1625 | R²=-4.5278 | MAE=0.5205
  📊 LSTM      : Accuracy= 98.6% | Loss=0.2019 | R²=-0.0413 | MAE=0.0940
✅ ห้องยางนา......... [ห้องประชุม] [no LSTM]  R²:-0.200  MAE:0.25ชม  sMAPE:26.5%  Acc:0.993  F1:0.990  conf:73.5%

🏠 3C16-17
   🧠 [1/3] LSTM (Primary) – 3C16-17
      📈 LSTM training history: epochs=20 train_loss=1.7998 val_loss=2.5993 train_acc=0.6856 val_acc=0.4908
         ✅ success
   🌿 [2/3] LightGBM (Support)
   ⚡ [3/3] XGBoost (Support)
    🟢 LightGBM training: TrainLoss=0.3891 CalLoss=0.6037 TrainAcc=0.9525 CalAcc=0.8528
    ⚡ XGBoost training: TrainLoss=0.3800 CalLoss=0.6279 TrainAcc=0.9525 CalAcc=0.8650

  🎯 ENSEMBLE – 3C16-17 [id=505]

  📊 Classification Metrics – 3C16-17 [id=505]
  ──────────────────────────────────────────────────
  Accuracy  : 0.9571  (95.7%)
  F1 Score  : 0.9693  (weighted avg)
  Recall    : 0.9571  (weighted avg)
  Precision : 0.9831  (weighted avg)
  CE Loss   : 0.2842

  📋 Classification Report:
                   precision    recall  f1-score   support
     
              low       0.98      1.00      0.99        63
           medium       0.78      0.88      0.82         8
             high       0.00      0.00      0.00         0
           urgent       1.00      0.93      0.97        92
     
         accuracy                           0.96       163
        macro avg       0.69      0.70      0.70       163
     weighted avg       0.98      0.96      0.97       163
     
  ──────────────────────────────────────────────────
  📊 ENSEMBLE  : Accuracy=100.0% | Loss=0.1625 | R²=0.9846 | MAE=0.4530
  📊 LIGHTGBM  : Accuracy=100.0% | Loss=0.1625 | R²=0.9810 | MAE=0.5307
  📊 XGBOOST   : Accuracy=100.0% | Loss=0.1625 | R²=0.9827 | MAE=0.5244
  📊 LSTM      : Accuracy= 90.8% | Loss=0.4232 | R²=0.6831 | MAE=1.8350
✅ 3C16-17........... [ห้องปฏิบัติการคอมพิวเตอร์] +LSTM✓  R²:0.985  MAE:0.45ชม  sMAPE:39.0%  Acc:0.957  F1:0.969  conf:61.0%

🏠 4C05
   🧠 [1/3] LSTM (Primary) – 4C05
      📈 LSTM training history: epochs=20 train_loss=0.9255 val_loss=1.0244 train_acc=0.7893 val_acc=0.7683
         ✅ success
   🌿 [2/3] LightGBM (Support)
   ⚡ [3/3] XGBoost (Support)
    🟢 LightGBM training: TrainLoss=0.0880 CalLoss=0.1461 TrainAcc=0.9647 CalAcc=0.9390
    ⚡ XGBoost training: TrainLoss=0.0832 CalLoss=0.1400 TrainAcc=0.9686 CalAcc=0.9512

  🎯 ENSEMBLE – 4C05 [id=506]

  📊 Classification Metrics – 4C05 [id=506]
  ──────────────────────────────────────────────────
  Accuracy  : 0.9756  (97.6%)
  F1 Score  : 0.9729  (weighted avg)
  Recall    : 0.9756  (weighted avg)
  Precision : 0.9778  (weighted avg)
  CE Loss   : 0.2316

  📋 Classification Report:
                   precision    recall  f1-score   support
     
              low       0.98      1.00      0.99       129
           medium       1.00      0.91      0.95        22
             high       1.00      0.33      0.50         3
           urgent       0.83      1.00      0.91        10
     
         accuracy                           0.98       164
        macro avg       0.95      0.81      0.84       164
     weighted avg       0.98      0.98      0.97       164
     
  ──────────────────────────────────────────────────
  📊 ENSEMBLE  : Accuracy= 98.8% | Loss=0.1971 | R²=0.9839 | MAE=0.0802
  📊 LIGHTGBM  : Accuracy= 99.4% | Loss=0.1798 | R²=0.9780 | MAE=0.0897
  📊 XGBOOST   : Accuracy= 98.8% | Loss=0.1971 | R²=0.9840 | MAE=0.0795
  📊 LSTM      : Accuracy= 92.1% | Loss=0.3871 | R²=-0.3019 | MAE=0.8476
✅ 4C05.............. [ห้องปฏิบัติการคอมพิวเตอร์] [no LSTM]  R²:0.984  MAE:0.08ชม  sMAPE:15.0%  Acc:0.976  F1:0.973  conf:85.0%

📊 ── สรุปผลการเทรนทั้งหมด ──
   LSTM (Primary)  : 58/69 ห้อง
Room                 Type          LSTM     R²     MAE   sMAPE    Acc     F1    Loss   Conf
----------------------------------------------------------------------------------------------------
  ห้องกันเกรา        ประชุม/จัดเลี้ยง/นิทรรศการ     ✓  0.963   0.32ชม   31.9%  0.928  0.929  0.3673  68.1%
  ห้องประดู่1–6      ประชุม/จัดกิจกรรม     ✓  0.963   0.32ชม   31.7%  0.922  0.924  0.3844  68.3%
  ห้องพวงพยอม        ประชุม           ✓  0.962   0.32ชม   32.0%  0.928  0.929  0.3673  68.0%
  ห้องชัยพฤกษ์       ประชุม/จัดเลี้ยง/นิทรรศการ     ✓  0.963   0.32ชม   31.7%  0.916  0.917  0.4015  68.3%
  1C-MEETING         ห้องประชุม       ✗ -0.200   0.25ชม   26.5%  0.993  0.990  0.1822  73.5%
  2C05-06            ห้องปฏิบัติการคอมพิวเตอร์     ✓  0.978   0.40ชม   39.4%  0.848  0.845  0.5944  60.6%
  2C07               ห้องปฏิบัติการ imac     ✓  0.963   0.32ชม   31.8%  0.922  0.924  0.3844  68.2%
  2C09               ห้องปฏิบัติการคอมพิวเตอร์     ✓  0.977   0.16ชม   42.0%  0.976  0.973  0.2316  58.0%
  2C10-11            ห้องปฏิบัติการคอมพิวเตอร์     ✓  0.958   0.48ชม   42.6%  0.915  0.911  0.4044  57.4%
  2C16-17            ห้องปฏิบัติการคอมพิวเตอร์     ✓  0.971   0.43ชม   53.5%  0.848  0.823  0.5944  46.5%
  3C05-06            ห้องปฏิบัติการคอมพิวเตอร์     ✓  0.948   0.63ชม   42.4%  0.785  0.768  0.7709  57.6%
  3C10-11(SMARTCLASSROOM) smart classroom     ✓  0.963   0.32ชม   31.8%  0.916  0.917  0.4015  68.2%
  3C12               ห้องประชุม/สัมมนา     ✓  0.963   0.32ชม   31.8%  0.916  0.916  0.4015  68.2%
  3C15-16            ห้องปฏิบัติการคอมพิวเตอร์     ✓  0.970   0.34ชม   33.1%  0.928  0.929  0.3673  66.9%
  4C05(VDOCONFERENCE) ห้องประชุม/vdo conference     ✓  0.962   0.32ชม   32.0%  0.922  0.922  0.3844  68.0%
  ห้องบรรยาย2110     ห้องบรรยาย       ✓  0.962   0.32ชม   31.9%  0.928  0.929  0.3673  68.1%
  ห้องบรรยาย2201     ห้องบรรยาย       ✓  0.963   0.32ชม   31.8%  0.916  0.917  0.4015  68.2%
  ห้องบรรยาย2203     ห้องบรรยาย       ✓  0.963   0.32ชม   31.8%  0.922  0.922  0.3844  68.2%
  ห้องบรรยาย2205     ห้องบรรยาย       ✓  0.962   0.32ชม   31.9%  0.928  0.929  0.3673  68.1%
  ห้องบรรยาย2209     ห้องบรรยาย       ✓  0.962   0.32ชม   32.0%  0.922  0.922  0.3844  68.0%
  ห้องบรรยาย2305     ห้องบรรยาย       ✓  0.963   0.32ชม   31.9%  0.922  0.922  0.3844  68.1%
  1C-MEETING         ห้องประชุม       ✗ -0.200   0.25ชม   26.5%  0.993  0.990  0.1822  73.5%
  POL123(สำนักงานชั้น1) ห้องประชุม       ✗ -0.200   0.25ชม   26.5%  0.993  0.990  0.1822  73.5%
  POL228ห้องเรียนชั้น2 ห้องเรียน        ✓  0.963   0.32ชม   31.7%  0.916  0.917  0.4015  68.3%
  POLSMARTCLASSROOM(C) smart classroom     ✓  0.962   0.32ชม   31.9%  0.928  0.929  0.3673  68.1%
  BIOACTIVELEARNING(บรรยาย5ชั้น1) ห้องเรียน/active learning     ✓  0.962   0.32ชม   31.8%  0.916  0.916  0.4015  68.2%
  BIO1ห้องบรรยาย1ชั้น1 ห้องบรรยาย       ✓  0.962   0.32ชม   32.0%  0.928  0.929  0.3673  68.0%
  BIO3ห้องบรรยาย3ชั้น3 ห้องบรรยาย       ✓  0.962   0.32ชม   31.8%  0.928  0.928  0.3673  68.2%
  BIO4ห้องบรรยาย4ชั้น1 ห้องบรรยาย       ✓  0.963   0.31ชม   31.7%  0.916  0.919  0.4015  68.3%
  SC302ชั้น3         ห้องเรียน/ประชุม     ✓  0.962   0.32ชม   31.8%  0.922  0.922  0.3844  68.2%
  SC349ชั้น3         ห้องเรียน/ประชุม     ✓  0.962   0.32ชม   31.9%  0.928  0.929  0.3673  68.1%
  SC350ชั้น3         ห้องเรียน/ประชุม     ✓  0.962   0.32ชม   31.9%  0.928  0.929  0.3673  68.1%
  EN6206ปฏิบัติการคอมพิวเตอร์ ห้องปฏิบัติการคอมพิวเตอร์     ✓  0.969   0.35ชม   33.1%  0.928  0.929  0.3673  66.9%
  1C-MEETING         ห้องประชุม       ✗ -0.200   0.25ชม   26.5%  0.993  0.990  0.1822  73.5%
  ลานกิจกรรมEN6ชั้น1ZONEB ลานกิจกรรม       ✓  0.963   0.32ชม   31.8%  0.922  0.922  0.3844  68.2%
  AGCOMPUTER1        ห้องปฏิบัติการคอมพิวเตอร์     ✓  0.969   0.35ชม   33.1%  0.922  0.927  0.3844  66.9%
  AGCOMPUTER2        ห้องปฏิบัติการคอมพิวเตอร์     ✓  0.969   0.34ชม   33.1%  0.928  0.929  0.3673  66.9%
  AGCOMPUTER3        ห้องปฏิบัติการคอมพิวเตอร์     ✓  0.969   0.34ชม   33.1%  0.934  0.935  0.3503  66.9%
  CMP_101ออดิทอเรียม auditorium       ✓  0.962   0.32ชม   31.9%  0.922  0.922  0.3844  68.1%
  CMP_103ห้องบรรยาย  ห้องบรรยาย       ✓  0.962   0.32ชม   31.8%  0.928  0.929  0.3673  68.2%
  CMP_131SMARTCLASSROOM smart classroom     ✓  0.962   0.32ชม   31.9%  0.922  0.922  0.3844  68.1%
  CMP_201ห้องวิจัย   ห้องวิจัย        ✓  0.962   0.32ชม   31.9%  0.928  0.929  0.3673  68.1%
  CMP_211ปฏิบัติการชีวเคมีฯ ห้องปฏิบัติการ     ✓  0.963   0.32ชม   31.9%  0.928  0.928  0.3673  68.1%
  CMP_213ปฏิบัติการสรีรวิทยาฯ ห้องปฏิบัติการ     ✓  0.963   0.32ชม   31.8%  0.922  0.922  0.3844  68.2%
  1C-MEETING         ห้องประชุม       ✗ -0.200   0.25ชม   26.5%  0.993  0.990  0.1822  73.5%
  NTC_313ห้องเรียน   ห้องเรียน        ✓  0.962   0.32ชม   31.8%  0.928  0.929  0.3673  68.2%
  NTC_409ห้องเรียน   ห้องเรียน        ✓  0.962   0.32ชม   31.9%  0.916  0.916  0.4015  68.1%
  ห้องโถงกิจกรรมชั้น1 โถง/ห้องกิจกรรม     ✓  0.962   0.32ชม   31.8%  0.922  0.922  0.3844  68.2%
  1C-MEETING         ห้องประชุม       ✗  0.466   0.08ชม    8.3%  0.615  0.469  1.2522  91.7%
  1C-MEETING         ห้องประชุม       ✗ -0.031   0.22ชม   26.5%  0.993  0.990  0.1822  73.5%
  CLB4100บันทึกวีดิโอ ห้อง vdo recording     ✓  0.962   0.32ชม   31.9%  0.928  0.929  0.3673  68.1%
  CLB4104LIVEONLINE  ห้อง live/self-record     ✗  0.527   0.22ชม   12.2%  0.923  0.920  0.3805  87.8%
  CLB4201SMARTCLASSROOM smart classroom vdo     ✓  0.963   0.32ชม   31.8%  0.922  0.921  0.3844  68.2%
  CLB4202SMARTCLASSROOM smart classroom vdo     ✓  0.962   0.32ชม   32.0%  0.928  0.929  0.3673  68.0%
  CLB4203SMARTCLASSROOM smart classroom vdo     ✓  0.963   0.32ชม   31.7%  0.916  0.917  0.4015  68.3%
  OARทองกวาวVDOSTUDIO vdo studio       ✓  0.962   0.32ชม   31.8%  0.928  0.929  0.3673  68.2%
  OARยางนาOBSSTUDIO  obs studio       ✓  0.962   0.32ชม   31.9%  0.922  0.922  0.3844  68.1%
  บัวบา1             ห้องกลุ่มย่อย     ✓  0.962   0.32ชม   31.9%  0.928  0.929  0.3673  68.1%
  บัวบา2             ห้องกลุ่มย่อย     ✓  0.962   0.32ชม   31.9%  0.928  0.929  0.3673  68.1%
  บัวบา4             ห้องกลุ่มย่อย     ✓  0.962   0.32ชม   31.8%  0.916  0.919  0.4015  68.2%
  บัวบา6             ห้องกลุ่มย่อย     ✓  0.962   0.32ชม   31.9%  0.916  0.917  0.4015  68.1%
  บัวบา7             ห้องกลุ่มย่อย     ✓  0.962   0.32ชม   31.9%  0.928  0.929  0.3673  68.1%
  บัวบา9             ห้องกลุ่มย่อย     ✓  0.962   0.32ชม   31.9%  0.922  0.922  0.3844  68.1%
  ห้องบัวหลวง        ห้องประชุม       ✗ -0.200   0.25ชม   26.5%  0.993  0.990  0.1822  73.5%
  ห้องESANZONE       ห้องกิจกรรม      ✓  0.962   0.32ชม   32.0%  0.922  0.922  0.3844  68.0%
  LOCKARD            ห้องเรียน        ✓  0.963   0.32ชม   31.7%  0.922  0.924  0.3844  68.3%
  ห้องยางนา          ห้องประชุม       ✗ -0.200   0.25ชม   26.5%  0.993  0.990  0.1822  73.5%
  3C16-17            ห้องปฏิบัติการคอมพิวเตอร์     ✓  0.985   0.45ชม   39.0%  0.957  0.969  0.2842  61.0%
  4C05               ห้องปฏิบัติการคอมพิวเตอร์     ✗  0.984   0.08ชม   15.0%  0.976  0.973  0.2316  85.0%
----------------------------------------------------------------------------------------------------
  เฉลี่ย                                 0.818   0.31ชม   31.4%  0.925  0.922  0.3764  68.6%

🖼️  Run: python ml/saved/generate_plots.py to create training-curve PNGs.

── จำนวน Record ต่อระดับ ──
  urgent  : 1,293
  high    : 7,492
  medium  : 6,489
  low     : 22,940
============================================================
--- [12:37:49] Set A training finished, archiving ---
--- [12:37:57] Set A archived to saved_models_A_new / saved_meta_A_new ---
--- [12:37:58] Training Set B ---

🔧 Using Hyperparameter Set B: B - Balanced
   LSTM Epochs: 40, LGB Estimators: 40, XGB Estimators: 40


🚀 RETRAIN + GENERATE FORECAST
============================================================
🧠 Pipeline: LSTM (Primary) + LightGBM/XGBoost (Support) → Weighted Ensemble
   LSTM weight prior ≈ 20% | LGB ≈ 40% | XGB ≈ 40%
============================================================

============================================================
📋 DATA SUMMARY (All Rooms)
============================================================

📌 ภาพรวม
   จำนวน booking ทั้งหมด : 7,253 ครั้ง
   ช่วงวันที่            : 2023-04-24 → 2026-07-22
   จำนวนวันทั้งหมด       : 1,186 วัน
   วันที่มี booking       : 839 วัน
   วันที่ไม่มี booking    : 347 วัน

⏱️  ระยะเวลาการจอง (ชั่วโมง)
   เฉลี่ย    : 3.91 ชม.
   ต่ำสุด    : 0.50 ชม.
   สูงสุด    : 12.00 ชม.
   รวมทั้งหมด: 28344.5 ชม.

🎯 Target: ชั่วโมงรวม/วัน
   เฉลี่ย   : 33.78 ชม./วัน
   ต่ำสุด   : 0.50 ชม./วัน
   สูงสุด   : 107.50 ชม./วัน
   มัธยฐาน  : 36.00 ชม./วัน

🕐 การกระจายตามชั่วโมง (start_time)
   08:00  ████████████                    12039.0 ชม. (42.5%)
   09:00  █████                           4754.5 ชม. (16.8%)
   10:00                                  151.0 ชม. (0.5%)
   11:00                                  111.5 ชม. (0.4%)
   12:00  █████                           5014.5 ชม. (17.7%)
   13:00  ████                            3919.5 ชม. (13.8%)
   14:00                                  324.5 ชม. (1.1%)
   15:00  █                               1488.5 ชม. (5.3%)
   16:00                                  524.0 ชม. (1.8%)
   17:00                                  5.0 ชม. (0.0%)
   18:00                                  8.5 ชม. (0.0%)
   19:00                                  4.0 ชม. (0.0%)

📅 การกระจายตามวันในสัปดาห์
   จันทร์  ████████████████████  5708.5 ชม.
   อังคาร  █████████████████     4941.0 ชม.
   พุธ     ██████████████████    5332.0 ชม.
   พฤหัส   █████████████████     4942.0 ชม.
   ศุกร์   ███████████████       4524.5 ชม.
   เสาร์   ██████                1848.5 ชม.
   อาทิตย์  ███                   1048.0 ชม.
============================================================

🏠 ห้องกันเกรา
   🧠 [1/3] LSTM (Primary) – ห้องกันเกรา
      📈 LSTM training history: epochs=40 train_loss=0.9678 val_loss=0.9902 train_acc=0.7295 val_acc=0.6145
         ✅ success
   🌿 [2/3] LightGBM (Support)
   ⚡ [3/3] XGBoost (Support)
    🟢 LightGBM training: TrainLoss=0.3205 CalLoss=0.2931 TrainAcc=0.9391 CalAcc=0.9458
    ⚡ XGBoost training: TrainLoss=0.2816 CalLoss=0.3054 TrainAcc=0.9637 CalAcc=0.9036

  🎯 ENSEMBLE – ห้องกันเกรา [id=438]

  📊 Classification Metrics – ห้องกันเกรา [id=438]
  ──────────────────────────────────────────────────
  Accuracy  : 0.9337  (93.4%)
  F1 Score  : 0.9367  (weighted avg)
  Recall    : 0.9337  (weighted avg)
  Precision : 0.9410  (weighted avg)
  CE Loss   : 0.3503

  📋 Classification Report:
                   precision    recall  f1-score   support
     
              low       1.00      1.00      1.00        69
           medium       0.94      0.96      0.95        53
             high       0.33      0.43      0.38         7
           urgent       0.94      0.86      0.90        37
     
         accuracy                           0.93       166
        macro avg       0.80      0.81      0.81       166
     weighted avg       0.94      0.93      0.94       166
     
  ──────────────────────────────────────────────────
  📊 ENSEMBLE  : Accuracy= 96.4% | Loss=0.2649 | R²=0.9561 | MAE=0.3724
  📊 LIGHTGBM  : Accuracy= 97.0% | Loss=0.2479 | R²=0.9675 | MAE=0.3381
  📊 XGBOOST   : Accuracy= 95.2% | Loss=0.2991 | R²=0.9301 | MAE=0.4124
  📊 LSTM      : Accuracy= 84.9% | Loss=0.5892 | R²=0.5872 | MAE=1.0563
✅ ห้องกันเกรา....... [ประชุม/จัดเลี้ยง/นิทรรศการ] +LSTM✓  R²:0.956  MAE:0.37ชม  sMAPE:32.0%  Acc:0.934  F1:0.937  conf:68.0%

🏠 ห้องประดู่1–6
   🧠 [1/3] LSTM (Primary) – ห้องประดู่1–6
      📈 LSTM training history: epochs=40 train_loss=1.0503 val_loss=1.1454 train_acc=0.7131 val_acc=0.5964
         ✅ success
   🌿 [2/3] LightGBM (Support)
   ⚡ [3/3] XGBoost (Support)
    🟢 LightGBM training: TrainLoss=0.3205 CalLoss=0.2931 TrainAcc=0.9391 CalAcc=0.9458
    ⚡ XGBoost training: TrainLoss=0.2816 CalLoss=0.3054 TrainAcc=0.9637 CalAcc=0.9036

  🎯 ENSEMBLE – ห้องประดู่1–6 [id=439]

  📊 Classification Metrics – ห้องประดู่1–6 [id=439]
  ──────────────────────────────────────────────────
  Accuracy  : 0.9217  (92.2%)
  F1 Score  : 0.9216  (weighted avg)
  Recall    : 0.9217  (weighted avg)
  Precision : 0.9219  (weighted avg)
  CE Loss   : 0.3844

  📋 Classification Report:
                   precision    recall  f1-score   support
     
              low       1.00      0.99      0.99        69
           medium       0.93      0.96      0.94        53
             high       0.29      0.29      0.29         7
           urgent       0.89      0.86      0.88        37
     
         accuracy                           0.92       166
        macro avg       0.78      0.77      0.77       166
     weighted avg       0.92      0.92      0.92       166
     
  ──────────────────────────────────────────────────
  📊 ENSEMBLE  : Accuracy= 96.4% | Loss=0.2649 | R²=0.9566 | MAE=0.3714
  📊 LIGHTGBM  : Accuracy= 97.0% | Loss=0.2479 | R²=0.9675 | MAE=0.3381
  📊 XGBOOST   : Accuracy= 95.2% | Loss=0.2991 | R²=0.9301 | MAE=0.4124
  📊 LSTM      : Accuracy= 85.5% | Loss=0.5721 | R²=0.5761 | MAE=1.0935
✅ ห้องประดู่1–6..... [ประชุม/จัดกิจกรรม] +LSTM✓  R²:0.957  MAE:0.37ชม  sMAPE:31.9%  Acc:0.922  F1:0.922  conf:68.1%

🏠 ห้องพวงพยอม
   🧠 [1/3] LSTM (Primary) – ห้องพวงพยอม
      📈 LSTM training history: epochs=40 train_loss=0.9529 val_loss=1.0456 train_acc=0.7117 val_acc=0.6265
         ✅ success
   🌿 [2/3] LightGBM (Support)
   ⚡ [3/3] XGBoost (Support)
    🟢 LightGBM training: TrainLoss=0.3205 CalLoss=0.2931 TrainAcc=0.9391 CalAcc=0.9458
    ⚡ XGBoost training: TrainLoss=0.2816 CalLoss=0.3054 TrainAcc=0.9637 CalAcc=0.9036

  🎯 ENSEMBLE – ห้องพวงพยอม [id=440]

  📊 Classification Metrics – ห้องพวงพยอม [id=440]
  ──────────────────────────────────────────────────
  Accuracy  : 0.9277  (92.8%)
  F1 Score  : 0.9309  (weighted avg)
  Recall    : 0.9277  (weighted avg)
  Precision : 0.9356  (weighted avg)
  CE Loss   : 0.3673

  📋 Classification Report:
                   precision    recall  f1-score   support
     
              low       1.00      0.99      0.99        69
           medium       0.93      0.96      0.94        53
             high       0.33      0.43      0.38         7
           urgent       0.94      0.86      0.90        37
     
         accuracy                           0.93       166
        macro avg       0.80      0.81      0.80       166
     weighted avg       0.94      0.93      0.93       166
     
  ──────────────────────────────────────────────────
  📊 ENSEMBLE  : Accuracy= 95.8% | Loss=0.2820 | R²=0.9562 | MAE=0.3725
  📊 LIGHTGBM  : Accuracy= 97.0% | Loss=0.2479 | R²=0.9675 | MAE=0.3381
  📊 XGBOOST   : Accuracy= 95.2% | Loss=0.2991 | R²=0.9301 | MAE=0.4124
  📊 LSTM      : Accuracy= 81.3% | Loss=0.6916 | R²=0.5926 | MAE=1.0606
✅ ห้องพวงพยอม....... [ประชุม    ] +LSTM✓  R²:0.956  MAE:0.37ชม  sMAPE:31.9%  Acc:0.928  F1:0.931  conf:68.1%

🏠 ห้องชัยพฤกษ์
   🧠 [1/3] LSTM (Primary) – ห้องชัยพฤกษ์
      📈 LSTM training history: epochs=40 train_loss=0.9536 val_loss=0.9692 train_acc=0.7158 val_acc=0.6928
         ✅ success
   🌿 [2/3] LightGBM (Support)
   ⚡ [3/3] XGBoost (Support)
    🟢 LightGBM training: TrainLoss=0.3205 CalLoss=0.2931 TrainAcc=0.9391 CalAcc=0.9458
    ⚡ XGBoost training: TrainLoss=0.2816 CalLoss=0.3054 TrainAcc=0.9637 CalAcc=0.9036

  🎯 ENSEMBLE – ห้องชัยพฤกษ์ [id=441]

  📊 Classification Metrics – ห้องชัยพฤกษ์ [id=441]
  ──────────────────────────────────────────────────
  Accuracy  : 0.9277  (92.8%)
  F1 Score  : 0.9309  (weighted avg)
  Recall    : 0.9277  (weighted avg)
  Precision : 0.9356  (weighted avg)
  CE Loss   : 0.3673

  📋 Classification Report:
                   precision    recall  f1-score   support
     
              low       1.00      0.99      0.99        69
           medium       0.93      0.96      0.94        53
             high       0.33      0.43      0.38         7
           urgent       0.94      0.86      0.90        37
     
         accuracy                           0.93       166
        macro avg       0.80      0.81      0.80       166
     weighted avg       0.94      0.93      0.93       166
     
  ──────────────────────────────────────────────────
  📊 ENSEMBLE  : Accuracy= 95.8% | Loss=0.2820 | R²=0.9556 | MAE=0.3757
  📊 LIGHTGBM  : Accuracy= 97.0% | Loss=0.2479 | R²=0.9675 | MAE=0.3381
  📊 XGBOOST   : Accuracy= 95.2% | Loss=0.2991 | R²=0.9301 | MAE=0.4124
  📊 LSTM      : Accuracy= 81.3% | Loss=0.6916 | R²=0.6075 | MAE=1.0344
✅ ห้องชัยพฤกษ์...... [ประชุม/จัดเลี้ยง/นิทรรศการ] +LSTM✓  R²:0.956  MAE:0.38ชม  sMAPE:32.0%  Acc:0.928  F1:0.931  conf:68.0%

🏠 1C-MEETING
   🧠 [1/3] LSTM (Primary) – 1C-MEETING
      📈 LSTM training history: epochs=40 train_loss=0.3139 val_loss=0.1891 train_acc=0.9092 val_acc=0.9650
         ✅ success
   🌿 [2/3] LightGBM (Support)
   ⚡ [3/3] XGBoost (Support)
    🟢 LightGBM training: TrainLoss=0.0370 CalLoss=0.0163 TrainAcc=0.9955 CalAcc=0.9930
    ⚡ XGBoost training: TrainLoss=0.0303 CalLoss=0.0174 TrainAcc=0.9940 CalAcc=0.9860

  🎯 ENSEMBLE – 1C-MEETING [id=442]

  📊 Classification Metrics – 1C-MEETING [id=442]
  ──────────────────────────────────────────────────
  Accuracy  : 0.9931  (99.3%)
  F1 Score  : 0.9896  (weighted avg)
  Recall    : 0.9931  (weighted avg)
  Precision : 0.9862  (weighted avg)
  CE Loss   : 0.1822

  📋 Classification Report:
                   precision    recall  f1-score   support
     
              low       0.99      1.00      1.00       140
           medium       0.00      0.00      0.00         1
             high       0.00      0.00      0.00         0
           urgent       1.00      1.00      1.00         3
     
         accuracy                           0.99       144
        macro avg       0.50      0.50      0.50       144
     weighted avg       0.99      0.99      0.99       144
     
  ──────────────────────────────────────────────────
  📊 ENSEMBLE  : Accuracy=100.0% | Loss=0.1625 | R²=0.4960 | MAE=0.1600
  📊 LIGHTGBM  : Accuracy=100.0% | Loss=0.1625 | R²=0.9719 | MAE=0.0120
  📊 XGBOOST   : Accuracy=100.0% | Loss=0.1625 | R²=-1.0720 | MAE=0.3179
  📊 LSTM      : Accuracy= 98.6% | Loss=0.2019 | R²=-0.0413 | MAE=0.0940
✅ 1C-MEETING........ [ห้องประชุม] [no LSTM]  R²:0.496  MAE:0.16ชม  sMAPE:31.1%  Acc:0.993  F1:0.990  conf:68.9%

🏠 2C05-06
   🧠 [1/3] LSTM (Primary) – 2C05-06
      📈 LSTM training history: epochs=40 train_loss=1.9603 val_loss=2.6319 train_acc=0.6828 val_acc=0.5610
         ✅ success
   🌿 [2/3] LightGBM (Support)
   ⚡ [3/3] XGBoost (Support)
    🟢 LightGBM training: TrainLoss=0.5202 CalLoss=0.6922 TrainAcc=0.9582 CalAcc=0.8780
    ⚡ XGBoost training: TrainLoss=0.4563 CalLoss=0.6775 TrainAcc=0.9817 CalAcc=0.8659

  🎯 ENSEMBLE – 2C05-06 [id=443]

  📊 Classification Metrics – 2C05-06 [id=443]
  ──────────────────────────────────────────────────
  Accuracy  : 0.8963  (89.6%)
  F1 Score  : 0.8915  (weighted avg)
  Recall    : 0.8963  (weighted avg)
  Precision : 0.8899  (weighted avg)
  CE Loss   : 0.4562

  📋 Classification Report:
                   precision    recall  f1-score   support
     
              low       0.94      0.92      0.93        74
           medium       0.83      0.93      0.88        59
             high       0.00      0.00      0.00         3
           urgent       0.96      0.86      0.91        28
     
         accuracy                           0.90       164
        macro avg       0.68      0.68      0.68       164
     weighted avg       0.89      0.90      0.89       164
     
  ──────────────────────────────────────────────────
  📊 ENSEMBLE  : Accuracy= 99.4% | Loss=0.1798 | R²=0.9670 | MAE=0.5278
  📊 LIGHTGBM  : Accuracy= 98.8% | Loss=0.1971 | R²=0.9587 | MAE=0.6238
  📊 XGBOOST   : Accuracy= 99.4% | Loss=0.1798 | R²=0.9662 | MAE=0.4982
  📊 LSTM      : Accuracy= 82.9% | Loss=0.6462 | R²=0.2757 | MAE=2.2321
✅ 2C05-06........... [ห้องปฏิบัติการคอมพิวเตอร์] [no LSTM]  R²:0.967  MAE:0.53ชม  sMAPE:40.1%  Acc:0.896  F1:0.891  conf:59.9%

🏠 2C07
   🧠 [1/3] LSTM (Primary) – 2C07
      📈 LSTM training history: epochs=40 train_loss=0.9648 val_loss=1.0728 train_acc=0.7281 val_acc=0.6325
         ✅ success
   🌿 [2/3] LightGBM (Support)
   ⚡ [3/3] XGBoost (Support)
    🟢 LightGBM training: TrainLoss=0.3205 CalLoss=0.2931 TrainAcc=0.9391 CalAcc=0.9458
    ⚡ XGBoost training: TrainLoss=0.2816 CalLoss=0.3054 TrainAcc=0.9637 CalAcc=0.9036

  🎯 ENSEMBLE – 2C07 [id=444]

  📊 Classification Metrics – 2C07 [id=444]
  ──────────────────────────────────────────────────
  Accuracy  : 0.9277  (92.8%)
  F1 Score  : 0.9309  (weighted avg)
  Recall    : 0.9277  (weighted avg)
  Precision : 0.9356  (weighted avg)
  CE Loss   : 0.3673

  📋 Classification Report:
                   precision    recall  f1-score   support
     
              low       1.00      0.99      0.99        69
           medium       0.93      0.96      0.94        53
             high       0.33      0.43      0.38         7
           urgent       0.94      0.86      0.90        37
     
         accuracy                           0.93       166
        macro avg       0.80      0.81      0.80       166
     weighted avg       0.94      0.93      0.93       166
     
  ──────────────────────────────────────────────────
  📊 ENSEMBLE  : Accuracy= 95.8% | Loss=0.2820 | R²=0.9564 | MAE=0.3717
  📊 LIGHTGBM  : Accuracy= 97.0% | Loss=0.2479 | R²=0.9675 | MAE=0.3381
  📊 XGBOOST   : Accuracy= 95.2% | Loss=0.2991 | R²=0.9301 | MAE=0.4124
  📊 LSTM      : Accuracy= 83.1% | Loss=0.6404 | R²=0.5975 | MAE=1.0521
✅ 2C07.............. [ห้องปฏิบัติการ imac] +LSTM✓  R²:0.956  MAE:0.37ชม  sMAPE:31.9%  Acc:0.928  F1:0.931  conf:68.1%

🏠 2C09
   🧠 [1/3] LSTM (Primary) – 2C09
      📈 LSTM training history: epochs=40 train_loss=1.2012 val_loss=2.2209 train_acc=0.7876 val_acc=0.5915
         ✅ success
   🌿 [2/3] LightGBM (Support)
   ⚡ [3/3] XGBoost (Support)
    🟢 LightGBM training: TrainLoss=0.2888 CalLoss=0.4354 TrainAcc=0.9137 CalAcc=0.9268
    ⚡ XGBoost training: TrainLoss=0.2782 CalLoss=0.5327 TrainAcc=0.9007 CalAcc=0.9207

  🎯 ENSEMBLE – 2C09 [id=445]

  📊 Classification Metrics – 2C09 [id=445]
  ──────────────────────────────────────────────────
  Accuracy  : 0.9451  (94.5%)
  F1 Score  : 0.9323  (weighted avg)
  Recall    : 0.9451  (weighted avg)
  Precision : 0.9316  (weighted avg)
  CE Loss   : 0.3180

  📋 Classification Report:
                   precision    recall  f1-score   support
     
              low       0.98      1.00      0.99       135
           medium       0.76      0.86      0.81        22
             high       0.00      0.00      0.00         3
           urgent       1.00      0.25      0.40         4
     
         accuracy                           0.95       164
        macro avg       0.68      0.53      0.55       164
     weighted avg       0.93      0.95      0.93       164
     
  ──────────────────────────────────────────────────
  📊 ENSEMBLE  : Accuracy= 98.8% | Loss=0.1971 | R²=0.9663 | MAE=0.1923
  📊 LIGHTGBM  : Accuracy= 98.8% | Loss=0.1971 | R²=0.9642 | MAE=0.1768
  📊 XGBOOST   : Accuracy= 98.8% | Loss=0.1971 | R²=0.9629 | MAE=0.2240
  📊 LSTM      : Accuracy= 92.7% | Loss=0.3698 | R²=-0.2565 | MAE=1.5197
✅ 2C09.............. [ห้องปฏิบัติการคอมพิวเตอร์] +LSTM✓  R²:0.966  MAE:0.19ชม  sMAPE:41.7%  Acc:0.945  F1:0.932  conf:58.3%

🏠 2C10-11
   🧠 [1/3] LSTM (Primary) – 2C10-11
      📈 LSTM training history: epochs=40 train_loss=1.8253 val_loss=2.2046 train_acc=0.7255 val_acc=0.5549
         ✅ success
   🌿 [2/3] LightGBM (Support)
   ⚡ [3/3] XGBoost (Support)
    🟢 LightGBM training: TrainLoss=0.5214 CalLoss=0.4949 TrainAcc=0.9373 CalAcc=0.8659
    ⚡ XGBoost training: TrainLoss=0.5099 CalLoss=0.5397 TrainAcc=0.9608 CalAcc=0.8537

  🎯 ENSEMBLE – 2C10-11 [id=446]

  📊 Classification Metrics – 2C10-11 [id=446]
  ──────────────────────────────────────────────────
  Accuracy  : 0.9146  (91.5%)
  F1 Score  : 0.9124  (weighted avg)
  Recall    : 0.9146  (weighted avg)
  Precision : 0.9160  (weighted avg)
  CE Loss   : 0.4044

  📋 Classification Report:
                   precision    recall  f1-score   support
     
              low       0.92      1.00      0.96        96
           medium       0.87      0.81      0.84        42
             high       0.50      0.50      0.50         2
           urgent       1.00      0.79      0.88        24
     
         accuracy                           0.91       164
        macro avg       0.82      0.78      0.80       164
     weighted avg       0.92      0.91      0.91       164
     
  ──────────────────────────────────────────────────
  📊 ENSEMBLE  : Accuracy= 98.2% | Loss=0.2143 | R²=0.9486 | MAE=0.5267
  📊 LIGHTGBM  : Accuracy= 97.6% | Loss=0.2316 | R²=0.9472 | MAE=0.5620
  📊 XGBOOST   : Accuracy= 98.2% | Loss=0.2143 | R²=0.9441 | MAE=0.5646
  📊 LSTM      : Accuracy= 80.5% | Loss=0.7153 | R²=0.1166 | MAE=2.2754
✅ 2C10-11........... [ห้องปฏิบัติการคอมพิวเตอร์] +LSTM✓  R²:0.949  MAE:0.53ชม  sMAPE:41.4%  Acc:0.915  F1:0.912  conf:58.6%

🏠 2C16-17
   🧠 [1/3] LSTM (Primary) – 2C16-17
      📈 LSTM training history: epochs=40 train_loss=1.9162 val_loss=2.4240 train_acc=0.6759 val_acc=0.5671
         ✅ success
   🌿 [2/3] LightGBM (Support)
   ⚡ [3/3] XGBoost (Support)
    🟢 LightGBM training: TrainLoss=0.4237 CalLoss=0.6671 TrainAcc=0.9346 CalAcc=0.8841
    ⚡ XGBoost training: TrainLoss=0.4110 CalLoss=0.6537 TrainAcc=0.9294 CalAcc=0.8720

  🎯 ENSEMBLE – 2C16-17 [id=447]

  📊 Classification Metrics – 2C16-17 [id=447]
  ──────────────────────────────────────────────────
  Accuracy  : 0.8476  (84.8%)
  F1 Score  : 0.8354  (weighted avg)
  Recall    : 0.8476  (weighted avg)
  Precision : 0.8642  (weighted avg)
  CE Loss   : 0.5944

  📋 Classification Report:
                   precision    recall  f1-score   support
     
              low       0.99      0.98      0.99       101
           medium       0.59      0.96      0.73        28
             high       0.73      0.33      0.46        24
           urgent       0.71      0.45      0.56        11
     
         accuracy                           0.85       164
        macro avg       0.75      0.68      0.68       164
     weighted avg       0.86      0.85      0.84       164
     
  ──────────────────────────────────────────────────
  📊 ENSEMBLE  : Accuracy= 95.7% | Loss=0.2834 | R²=0.9583 | MAE=0.5298
  📊 LIGHTGBM  : Accuracy= 95.7% | Loss=0.2834 | R²=0.9601 | MAE=0.5021
  📊 XGBOOST   : Accuracy= 95.7% | Loss=0.2834 | R²=0.9589 | MAE=0.5351
  📊 LSTM      : Accuracy= 75.6% | Loss=0.8535 | R²=0.1803 | MAE=2.3739
✅ 2C16-17........... [ห้องปฏิบัติการคอมพิวเตอร์] +LSTM✓  R²:0.958  MAE:0.53ชม  sMAPE:53.7%  Acc:0.848  F1:0.835  conf:46.3%

🏠 3C05-06
   🧠 [1/3] LSTM (Primary) – 3C05-06
      📈 LSTM training history: epochs=40 train_loss=1.6934 val_loss=2.2012 train_acc=0.6444 val_acc=0.5276
         ✅ success
   🌿 [2/3] LightGBM (Support)
   ⚡ [3/3] XGBoost (Support)
    🟢 LightGBM training: TrainLoss=0.5092 CalLoss=0.6373 TrainAcc=0.9329 CalAcc=0.9080
    ⚡ XGBoost training: TrainLoss=0.4620 CalLoss=0.6687 TrainAcc=0.9461 CalAcc=0.9018

  🎯 ENSEMBLE – 3C05-06 [id=448]

  📊 Classification Metrics – 3C05-06 [id=448]
  ──────────────────────────────────────────────────
  Accuracy  : 0.8896  (89.0%)
  F1 Score  : 0.8799  (weighted avg)
  Recall    : 0.8896  (weighted avg)
  Precision : 0.8766  (weighted avg)
  CE Loss   : 0.4754

  📋 Classification Report:
                   precision    recall  f1-score   support
     
              low       0.90      1.00      0.95        72
           medium       0.85      0.83      0.84        47
             high       0.33      0.14      0.20         7
           urgent       0.97      0.89      0.93        37
     
         accuracy                           0.89       163
        macro avg       0.76      0.72      0.73       163
     weighted avg       0.88      0.89      0.88       163
     
  ──────────────────────────────────────────────────
  📊 ENSEMBLE  : Accuracy= 98.2% | Loss=0.2147 | R²=0.9341 | MAE=0.7405
  📊 LIGHTGBM  : Accuracy= 97.5% | Loss=0.2320 | R²=0.9394 | MAE=0.7327
  📊 XGBOOST   : Accuracy= 98.8% | Loss=0.1973 | R²=0.9359 | MAE=0.7101
  📊 LSTM      : Accuracy= 76.1% | Loss=0.8404 | R²=0.4393 | MAE=2.0169
✅ 3C05-06........... [ห้องปฏิบัติการคอมพิวเตอร์] +LSTM✓  R²:0.934  MAE:0.74ชม  sMAPE:42.1%  Acc:0.890  F1:0.880  conf:57.9%

🏠 3C10-11(SMARTCLASSROOM)
   🧠 [1/3] LSTM (Primary) – 3C10-11(SMARTCLASSROOM)
      📈 LSTM training history: epochs=40 train_loss=0.9801 val_loss=1.1072 train_acc=0.7213 val_acc=0.6265
         ✅ success
   🌿 [2/3] LightGBM (Support)
   ⚡ [3/3] XGBoost (Support)
    🟢 LightGBM training: TrainLoss=0.3205 CalLoss=0.2931 TrainAcc=0.9391 CalAcc=0.9458
    ⚡ XGBoost training: TrainLoss=0.2816 CalLoss=0.3054 TrainAcc=0.9637 CalAcc=0.9036

  🎯 ENSEMBLE – 3C10-11(SMARTCLASSROOM) [id=449]

  📊 Classification Metrics – 3C10-11(SMARTCLASSROOM) [id=449]
  ──────────────────────────────────────────────────
  Accuracy  : 0.9337  (93.4%)
  F1 Score  : 0.9338  (weighted avg)
  Recall    : 0.9337  (weighted avg)
  Precision : 0.9341  (weighted avg)
  CE Loss   : 0.3503

  📋 Classification Report:
                   precision    recall  f1-score   support
     
              low       1.00      0.99      0.99        69
           medium       0.93      0.96      0.94        53
             high       0.43      0.43      0.43         7
           urgent       0.92      0.89      0.90        37
     
         accuracy                           0.93       166
        macro avg       0.82      0.82      0.82       166
     weighted avg       0.93      0.93      0.93       166
     
  ──────────────────────────────────────────────────
  📊 ENSEMBLE  : Accuracy= 95.8% | Loss=0.2820 | R²=0.9572 | MAE=0.3672
  📊 LIGHTGBM  : Accuracy= 97.0% | Loss=0.2479 | R²=0.9675 | MAE=0.3381
  📊 XGBOOST   : Accuracy= 95.2% | Loss=0.2991 | R²=0.9301 | MAE=0.4124
  📊 LSTM      : Accuracy= 83.7% | Loss=0.6233 | R²=0.6173 | MAE=1.0360
✅ 3C10-11(SMARTCLASSROOM) [smart classroom] +LSTM✓  R²:0.957  MAE:0.37ชม  sMAPE:31.9%  Acc:0.934  F1:0.934  conf:68.1%

🏠 3C12
   🧠 [1/3] LSTM (Primary) – 3C12
      📈 LSTM training history: epochs=40 train_loss=0.9774 val_loss=1.0474 train_acc=0.7186 val_acc=0.6325
         ✅ success
   🌿 [2/3] LightGBM (Support)
   ⚡ [3/3] XGBoost (Support)
    🟢 LightGBM training: TrainLoss=0.3205 CalLoss=0.2931 TrainAcc=0.9391 CalAcc=0.9458
    ⚡ XGBoost training: TrainLoss=0.2816 CalLoss=0.3054 TrainAcc=0.9637 CalAcc=0.9036

  🎯 ENSEMBLE – 3C12 [id=450]

  📊 Classification Metrics – 3C12 [id=450]
  ──────────────────────────────────────────────────
  Accuracy  : 0.9157  (91.6%)
  F1 Score  : 0.9220  (weighted avg)
  Recall    : 0.9157  (weighted avg)
  Precision : 0.9322  (weighted avg)
  CE Loss   : 0.4015

  📋 Classification Report:
                   precision    recall  f1-score   support
     
              low       1.00      0.99      0.99        69
           medium       0.93      0.96      0.94        53
             high       0.27      0.43      0.33         7
           urgent       0.94      0.81      0.87        37
     
         accuracy                           0.92       166
        macro avg       0.78      0.80      0.79       166
     weighted avg       0.93      0.92      0.92       166
     
  ──────────────────────────────────────────────────
  📊 ENSEMBLE  : Accuracy= 95.8% | Loss=0.2820 | R²=0.9565 | MAE=0.3711
  📊 LIGHTGBM  : Accuracy= 97.0% | Loss=0.2479 | R²=0.9675 | MAE=0.3381
  📊 XGBOOST   : Accuracy= 95.2% | Loss=0.2991 | R²=0.9301 | MAE=0.4124
  📊 LSTM      : Accuracy= 81.3% | Loss=0.6916 | R²=0.5604 | MAE=1.1095
✅ 3C12.............. [ห้องประชุม/สัมมนา] +LSTM✓  R²:0.957  MAE:0.37ชม  sMAPE:31.9%  Acc:0.916  F1:0.922  conf:68.1%

🏠 3C15-16
   🧠 [1/3] LSTM (Primary) – 3C15-16
      📈 LSTM training history: epochs=40 train_loss=1.0765 val_loss=1.1658 train_acc=0.7305 val_acc=0.6364
         ✅ success
   🌿 [2/3] LightGBM (Support)
   ⚡ [3/3] XGBoost (Support)
    🟢 LightGBM training: TrainLoss=0.3586 CalLoss=0.3297 TrainAcc=0.9429 CalAcc=0.9091
    ⚡ XGBoost training: TrainLoss=0.3121 CalLoss=0.3614 TrainAcc=0.9585 CalAcc=0.9091

  🎯 ENSEMBLE – 3C15-16 [id=451]

  📊 Classification Metrics – 3C15-16 [id=451]
  ──────────────────────────────────────────────────
  Accuracy  : 0.8976  (89.8%)
  F1 Score  : 0.8984  (weighted avg)
  Recall    : 0.8976  (weighted avg)
  Precision : 0.9010  (weighted avg)
  CE Loss   : 0.4527

  📋 Classification Report:
                   precision    recall  f1-score   support
     
              low       0.97      0.99      0.98        69
           medium       0.90      0.93      0.91        57
             high       0.25      0.29      0.27         7
           urgent       0.90      0.79      0.84        33
     
         accuracy                           0.90       166
        macro avg       0.75      0.75      0.75       166
     weighted avg       0.90      0.90      0.90       166
     
  ──────────────────────────────────────────────────
  📊 ENSEMBLE  : Accuracy= 97.0% | Loss=0.2479 | R²=0.9624 | MAE=0.3903
  📊 LIGHTGBM  : Accuracy= 95.8% | Loss=0.2820 | R²=0.9661 | MAE=0.3668
  📊 XGBOOST   : Accuracy= 96.4% | Loss=0.2649 | R²=0.9547 | MAE=0.4309
  📊 LSTM      : Accuracy= 82.5% | Loss=0.6575 | R²=0.6205 | MAE=1.1488
✅ 3C15-16........... [ห้องปฏิบัติการคอมพิวเตอร์] +LSTM✓  R²:0.962  MAE:0.39ชม  sMAPE:32.9%  Acc:0.898  F1:0.898  conf:67.1%

🏠 4C05(VDOCONFERENCE)
   🧠 [1/3] LSTM (Primary) – 4C05(VDOCONFERENCE)
      📈 LSTM training history: epochs=40 train_loss=0.9545 val_loss=1.1278 train_acc=0.7186 val_acc=0.6205
         ✅ success
   🌿 [2/3] LightGBM (Support)
   ⚡ [3/3] XGBoost (Support)
    🟢 LightGBM training: TrainLoss=0.3205 CalLoss=0.2931 TrainAcc=0.9391 CalAcc=0.9458
    ⚡ XGBoost training: TrainLoss=0.2816 CalLoss=0.3054 TrainAcc=0.9637 CalAcc=0.9036

  🎯 ENSEMBLE – 4C05(VDOCONFERENCE) [id=452]

  📊 Classification Metrics – 4C05(VDOCONFERENCE) [id=452]
  ──────────────────────────────────────────────────
  Accuracy  : 0.9277  (92.8%)
  F1 Score  : 0.9292  (weighted avg)
  Recall    : 0.9277  (weighted avg)
  Precision : 0.9313  (weighted avg)
  CE Loss   : 0.3673

  📋 Classification Report:
                   precision    recall  f1-score   support
     
              low       1.00      0.99      0.99        69
           medium       0.93      0.96      0.94        53
             high       0.38      0.43      0.40         7
           urgent       0.91      0.86      0.89        37
     
         accuracy                           0.93       166
        macro avg       0.80      0.81      0.81       166
     weighted avg       0.93      0.93      0.93       166
     
  ──────────────────────────────────────────────────
  📊 ENSEMBLE  : Accuracy= 96.4% | Loss=0.2649 | R²=0.9567 | MAE=0.3694
  📊 LIGHTGBM  : Accuracy= 97.0% | Loss=0.2479 | R²=0.9675 | MAE=0.3381
  📊 XGBOOST   : Accuracy= 95.2% | Loss=0.2991 | R²=0.9301 | MAE=0.4124
  📊 LSTM      : Accuracy= 81.9% | Loss=0.6745 | R²=0.5622 | MAE=1.0667
✅ 4C05(VDOCONFERENCE) [ห้องประชุม/vdo conference] +LSTM✓  R²:0.957  MAE:0.37ชม  sMAPE:31.9%  Acc:0.928  F1:0.929  conf:68.1%

🏠 ห้องบรรยาย2110
   🧠 [1/3] LSTM (Primary) – ห้องบรรยาย2110
      📈 LSTM training history: epochs=40 train_loss=0.9979 val_loss=1.0709 train_acc=0.7117 val_acc=0.5964
         ✅ success
   🌿 [2/3] LightGBM (Support)
   ⚡ [3/3] XGBoost (Support)
    🟢 LightGBM training: TrainLoss=0.3205 CalLoss=0.2931 TrainAcc=0.9391 CalAcc=0.9458
    ⚡ XGBoost training: TrainLoss=0.2816 CalLoss=0.3054 TrainAcc=0.9637 CalAcc=0.9036

  🎯 ENSEMBLE – ห้องบรรยาย2110 [id=453]

  📊 Classification Metrics – ห้องบรรยาย2110 [id=453]
  ──────────────────────────────────────────────────
  Accuracy  : 0.9277  (92.8%)
  F1 Score  : 0.9259  (weighted avg)
  Recall    : 0.9277  (weighted avg)
  Precision : 0.9246  (weighted avg)
  CE Loss   : 0.3673

  📋 Classification Report:
                   precision    recall  f1-score   support
     
              low       1.00      0.99      0.99        69
           medium       0.93      0.96      0.94        53
             high       0.33      0.29      0.31         7
           urgent       0.89      0.89      0.89        37
     
         accuracy                           0.93       166
        macro avg       0.79      0.78      0.78       166
     weighted avg       0.92      0.93      0.93       166
     
  ──────────────────────────────────────────────────
  📊 ENSEMBLE  : Accuracy= 96.4% | Loss=0.2649 | R²=0.9567 | MAE=0.3696
  📊 LIGHTGBM  : Accuracy= 97.0% | Loss=0.2479 | R²=0.9675 | MAE=0.3381
  📊 XGBOOST   : Accuracy= 95.2% | Loss=0.2991 | R²=0.9301 | MAE=0.4124
  📊 LSTM      : Accuracy= 83.1% | Loss=0.6404 | R²=0.6180 | MAE=1.0295
✅ ห้องบรรยาย2110.... [ห้องบรรยาย] +LSTM✓  R²:0.957  MAE:0.37ชม  sMAPE:31.8%  Acc:0.928  F1:0.926  conf:68.2%

🏠 ห้องบรรยาย2201
   🧠 [1/3] LSTM (Primary) – ห้องบรรยาย2201
      📈 LSTM training history: epochs=40 train_loss=0.9921 val_loss=0.9827 train_acc=0.7186 val_acc=0.6687
         ✅ success
   🌿 [2/3] LightGBM (Support)
   ⚡ [3/3] XGBoost (Support)
    🟢 LightGBM training: TrainLoss=0.3205 CalLoss=0.2931 TrainAcc=0.9391 CalAcc=0.9458
    ⚡ XGBoost training: TrainLoss=0.2816 CalLoss=0.3054 TrainAcc=0.9637 CalAcc=0.9036

  🎯 ENSEMBLE – ห้องบรรยาย2201 [id=454]

  📊 Classification Metrics – ห้องบรรยาย2201 [id=454]
  ──────────────────────────────────────────────────
  Accuracy  : 0.9157  (91.6%)
  F1 Score  : 0.9220  (weighted avg)
  Recall    : 0.9157  (weighted avg)
  Precision : 0.9322  (weighted avg)
  CE Loss   : 0.4015

  📋 Classification Report:
                   precision    recall  f1-score   support
     
              low       1.00      0.99      0.99        69
           medium       0.93      0.96      0.94        53
             high       0.27      0.43      0.33         7
           urgent       0.94      0.81      0.87        37
     
         accuracy                           0.92       166
        macro avg       0.78      0.80      0.79       166
     weighted avg       0.93      0.92      0.92       166
     
  ──────────────────────────────────────────────────
  📊 ENSEMBLE  : Accuracy= 95.8% | Loss=0.2820 | R²=0.9555 | MAE=0.3760
  📊 LIGHTGBM  : Accuracy= 97.0% | Loss=0.2479 | R²=0.9675 | MAE=0.3381
  📊 XGBOOST   : Accuracy= 95.2% | Loss=0.2991 | R²=0.9301 | MAE=0.4124
  📊 LSTM      : Accuracy= 79.5% | Loss=0.7428 | R²=0.5718 | MAE=1.1035
✅ ห้องบรรยาย2201.... [ห้องบรรยาย] +LSTM✓  R²:0.955  MAE:0.38ชม  sMAPE:32.0%  Acc:0.916  F1:0.922  conf:68.0%

🏠 ห้องบรรยาย2203
   🧠 [1/3] LSTM (Primary) – ห้องบรรยาย2203
      📈 LSTM training history: epochs=40 train_loss=0.9664 val_loss=1.0452 train_acc=0.7309 val_acc=0.6145
         ✅ success
   🌿 [2/3] LightGBM (Support)
   ⚡ [3/3] XGBoost (Support)
    🟢 LightGBM training: TrainLoss=0.3205 CalLoss=0.2931 TrainAcc=0.9391 CalAcc=0.9458
    ⚡ XGBoost training: TrainLoss=0.2816 CalLoss=0.3054 TrainAcc=0.9637 CalAcc=0.9036

  🎯 ENSEMBLE – ห้องบรรยาย2203 [id=455]

  📊 Classification Metrics – ห้องบรรยาย2203 [id=455]
  ──────────────────────────────────────────────────
  Accuracy  : 0.9217  (92.2%)
  F1 Score  : 0.9235  (weighted avg)
  Recall    : 0.9217  (weighted avg)
  Precision : 0.9260  (weighted avg)
  CE Loss   : 0.3844

  📋 Classification Report:
                   precision    recall  f1-score   support
     
              low       1.00      0.99      0.99        69
           medium       0.93      0.96      0.94        53
             high       0.25      0.29      0.27         7
           urgent       0.91      0.86      0.89        37
     
         accuracy                           0.92       166
        macro avg       0.77      0.77      0.77       166
     weighted avg       0.93      0.92      0.92       166
     
  ──────────────────────────────────────────────────
  📊 ENSEMBLE  : Accuracy= 95.8% | Loss=0.2820 | R²=0.9569 | MAE=0.3702
  📊 LIGHTGBM  : Accuracy= 97.0% | Loss=0.2479 | R²=0.9675 | MAE=0.3381
  📊 XGBOOST   : Accuracy= 95.2% | Loss=0.2991 | R²=0.9301 | MAE=0.4124
  📊 LSTM      : Accuracy= 83.1% | Loss=0.6404 | R²=0.6132 | MAE=1.0469
✅ ห้องบรรยาย2203.... [ห้องบรรยาย] +LSTM✓  R²:0.957  MAE:0.37ชม  sMAPE:31.9%  Acc:0.922  F1:0.923  conf:68.1%

🏠 ห้องบรรยาย2205
   🧠 [1/3] LSTM (Primary) – ห้องบรรยาย2205
      📈 LSTM training history: epochs=40 train_loss=0.9741 val_loss=1.0203 train_acc=0.7254 val_acc=0.6265
         ✅ success
   🌿 [2/3] LightGBM (Support)
   ⚡ [3/3] XGBoost (Support)
    🟢 LightGBM training: TrainLoss=0.3205 CalLoss=0.2931 TrainAcc=0.9391 CalAcc=0.9458
    ⚡ XGBoost training: TrainLoss=0.2816 CalLoss=0.3054 TrainAcc=0.9637 CalAcc=0.9036

  🎯 ENSEMBLE – ห้องบรรยาย2205 [id=456]

  📊 Classification Metrics – ห้องบรรยาย2205 [id=456]
  ──────────────────────────────────────────────────
  Accuracy  : 0.9157  (91.6%)
  F1 Score  : 0.9193  (weighted avg)
  Recall    : 0.9157  (weighted avg)
  Precision : 0.9243  (weighted avg)
  CE Loss   : 0.4015

  📋 Classification Report:
                   precision    recall  f1-score   support
     
              low       1.00      0.99      0.99        69
           medium       0.93      0.96      0.94        53
             high       0.22      0.29      0.25         7
           urgent       0.91      0.84      0.87        37
     
         accuracy                           0.92       166
        macro avg       0.77      0.77      0.77       166
     weighted avg       0.92      0.92      0.92       166
     
  ──────────────────────────────────────────────────
  📊 ENSEMBLE  : Accuracy= 95.8% | Loss=0.2820 | R²=0.9563 | MAE=0.3731
  📊 LIGHTGBM  : Accuracy= 97.0% | Loss=0.2479 | R²=0.9675 | MAE=0.3381
  📊 XGBOOST   : Accuracy= 95.2% | Loss=0.2991 | R²=0.9301 | MAE=0.4124
  📊 LSTM      : Accuracy= 83.7% | Loss=0.6233 | R²=0.5874 | MAE=1.0641
✅ ห้องบรรยาย2205.... [ห้องบรรยาย] +LSTM✓  R²:0.956  MAE:0.37ชม  sMAPE:31.9%  Acc:0.916  F1:0.919  conf:68.1%

🏠 ห้องบรรยาย2209
   🧠 [1/3] LSTM (Primary) – ห้องบรรยาย2209
      📈 LSTM training history: epochs=40 train_loss=0.9361 val_loss=1.0791 train_acc=0.7336 val_acc=0.6265
         ✅ success
   🌿 [2/3] LightGBM (Support)
   ⚡ [3/3] XGBoost (Support)
    🟢 LightGBM training: TrainLoss=0.3205 CalLoss=0.2931 TrainAcc=0.9391 CalAcc=0.9458
    ⚡ XGBoost training: TrainLoss=0.2816 CalLoss=0.3054 TrainAcc=0.9637 CalAcc=0.9036

  🎯 ENSEMBLE – ห้องบรรยาย2209 [id=457]

  📊 Classification Metrics – ห้องบรรยาย2209 [id=457]
  ──────────────────────────────────────────────────
  Accuracy  : 0.9217  (92.2%)
  F1 Score  : 0.9216  (weighted avg)
  Recall    : 0.9217  (weighted avg)
  Precision : 0.9219  (weighted avg)
  CE Loss   : 0.3844

  📋 Classification Report:
                   precision    recall  f1-score   support
     
              low       1.00      0.99      0.99        69
           medium       0.93      0.96      0.94        53
             high       0.29      0.29      0.29         7
           urgent       0.89      0.86      0.88        37
     
         accuracy                           0.92       166
        macro avg       0.78      0.77      0.77       166
     weighted avg       0.92      0.92      0.92       166
     
  ──────────────────────────────────────────────────
  📊 ENSEMBLE  : Accuracy= 96.4% | Loss=0.2649 | R²=0.9563 | MAE=0.3719
  📊 LIGHTGBM  : Accuracy= 97.0% | Loss=0.2479 | R²=0.9675 | MAE=0.3381
  📊 XGBOOST   : Accuracy= 95.2% | Loss=0.2991 | R²=0.9301 | MAE=0.4124
  📊 LSTM      : Accuracy= 83.7% | Loss=0.6233 | R²=0.5724 | MAE=1.0930
✅ ห้องบรรยาย2209.... [ห้องบรรยาย] +LSTM✓  R²:0.956  MAE:0.37ชม  sMAPE:31.9%  Acc:0.922  F1:0.922  conf:68.1%

🏠 ห้องบรรยาย2305
   🧠 [1/3] LSTM (Primary) – ห้องบรรยาย2305
      📈 LSTM training history: epochs=40 train_loss=0.9654 val_loss=1.1011 train_acc=0.7172 val_acc=0.6265
         ✅ success
   🌿 [2/3] LightGBM (Support)
   ⚡ [3/3] XGBoost (Support)
    🟢 LightGBM training: TrainLoss=0.3205 CalLoss=0.2931 TrainAcc=0.9391 CalAcc=0.9458
    ⚡ XGBoost training: TrainLoss=0.2816 CalLoss=0.3054 TrainAcc=0.9637 CalAcc=0.9036

  🎯 ENSEMBLE – ห้องบรรยาย2305 [id=458]

  📊 Classification Metrics – ห้องบรรยาย2305 [id=458]
  ──────────────────────────────────────────────────
  Accuracy  : 0.9277  (92.8%)
  F1 Score  : 0.9259  (weighted avg)
  Recall    : 0.9277  (weighted avg)
  Precision : 0.9246  (weighted avg)
  CE Loss   : 0.3673

  📋 Classification Report:
                   precision    recall  f1-score   support
     
              low       1.00      0.99      0.99        69
           medium       0.93      0.96      0.94        53
             high       0.33      0.29      0.31         7
           urgent       0.89      0.89      0.89        37
     
         accuracy                           0.93       166
        macro avg       0.79      0.78      0.78       166
     weighted avg       0.92      0.93      0.93       166
     
  ──────────────────────────────────────────────────
  📊 ENSEMBLE  : Accuracy= 95.8% | Loss=0.2820 | R²=0.9570 | MAE=0.3688
  📊 LIGHTGBM  : Accuracy= 97.0% | Loss=0.2479 | R²=0.9675 | MAE=0.3381
  📊 XGBOOST   : Accuracy= 95.2% | Loss=0.2991 | R²=0.9301 | MAE=0.4124
  📊 LSTM      : Accuracy= 82.5% | Loss=0.6575 | R²=0.5382 | MAE=1.0899
✅ ห้องบรรยาย2305.... [ห้องบรรยาย] +LSTM✓  R²:0.957  MAE:0.37ชม  sMAPE:31.9%  Acc:0.928  F1:0.926  conf:68.1%

🏠 1C-MEETING
   🧠 [1/3] LSTM (Primary) – 1C-MEETING
      📈 LSTM training history: epochs=40 train_loss=0.3138 val_loss=0.1889 train_acc=0.9092 val_acc=0.9650
         ✅ success
   🌿 [2/3] LightGBM (Support)
   ⚡ [3/3] XGBoost (Support)
    🟢 LightGBM training: TrainLoss=0.0370 CalLoss=0.0163 TrainAcc=0.9955 CalAcc=0.9930
    ⚡ XGBoost training: TrainLoss=0.0303 CalLoss=0.0174 TrainAcc=0.9940 CalAcc=0.9860

  🎯 ENSEMBLE – 1C-MEETING [id=459]

  📊 Classification Metrics – 1C-MEETING [id=459]
  ──────────────────────────────────────────────────
  Accuracy  : 0.9931  (99.3%)
  F1 Score  : 0.9896  (weighted avg)
  Recall    : 0.9931  (weighted avg)
  Precision : 0.9862  (weighted avg)
  CE Loss   : 0.1822

  📋 Classification Report:
                   precision    recall  f1-score   support
     
              low       0.99      1.00      1.00       140
           medium       0.00      0.00      0.00         1
             high       0.00      0.00      0.00         0
           urgent       1.00      1.00      1.00         3
     
         accuracy                           0.99       144
        macro avg       0.50      0.50      0.50       144
     weighted avg       0.99      0.99      0.99       144
     
  ──────────────────────────────────────────────────
  📊 ENSEMBLE  : Accuracy=100.0% | Loss=0.1625 | R²=0.4960 | MAE=0.1600
  📊 LIGHTGBM  : Accuracy=100.0% | Loss=0.1625 | R²=0.9719 | MAE=0.0120
  📊 XGBOOST   : Accuracy=100.0% | Loss=0.1625 | R²=-1.0720 | MAE=0.3179
  📊 LSTM      : Accuracy= 98.6% | Loss=0.2019 | R²=-0.0414 | MAE=0.0938
✅ 1C-MEETING........ [ห้องประชุม] [no LSTM]  R²:0.496  MAE:0.16ชม  sMAPE:31.1%  Acc:0.993  F1:0.990  conf:68.9%

🏠 POL123(สำนักงานชั้น1)
   🧠 [1/3] LSTM (Primary) – POL123(สำนักงานชั้น1)
      📈 LSTM training history: epochs=40 train_loss=0.3138 val_loss=0.1889 train_acc=0.9092 val_acc=0.9650
         ✅ success
   🌿 [2/3] LightGBM (Support)
   ⚡ [3/3] XGBoost (Support)
    🟢 LightGBM training: TrainLoss=0.0370 CalLoss=0.0163 TrainAcc=0.9955 CalAcc=0.9930
    ⚡ XGBoost training: TrainLoss=0.0303 CalLoss=0.0174 TrainAcc=0.9940 CalAcc=0.9860

  🎯 ENSEMBLE – POL123(สำนักงานชั้น1) [id=460]

  📊 Classification Metrics – POL123(สำนักงานชั้น1) [id=460]
  ──────────────────────────────────────────────────
  Accuracy  : 0.9931  (99.3%)
  F1 Score  : 0.9896  (weighted avg)
  Recall    : 0.9931  (weighted avg)
  Precision : 0.9862  (weighted avg)
  CE Loss   : 0.1822

  📋 Classification Report:
                   precision    recall  f1-score   support
     
              low       0.99      1.00      1.00       140
           medium       0.00      0.00      0.00         1
             high       0.00      0.00      0.00         0
           urgent       1.00      1.00      1.00         3
     
         accuracy                           0.99       144
        macro avg       0.50      0.50      0.50       144
     weighted avg       0.99      0.99      0.99       144
     
  ──────────────────────────────────────────────────
  📊 ENSEMBLE  : Accuracy=100.0% | Loss=0.1625 | R²=0.4960 | MAE=0.1600
  📊 LIGHTGBM  : Accuracy=100.0% | Loss=0.1625 | R²=0.9719 | MAE=0.0120
  📊 XGBOOST   : Accuracy=100.0% | Loss=0.1625 | R²=-1.0720 | MAE=0.3179
  📊 LSTM      : Accuracy= 98.6% | Loss=0.2019 | R²=-0.0414 | MAE=0.0939
✅ POL123(สำนักงานชั้น1) [ห้องประชุม] [no LSTM]  R²:0.496  MAE:0.16ชม  sMAPE:31.1%  Acc:0.993  F1:0.990  conf:68.9%

🏠 POL228ห้องเรียนชั้น2
   🧠 [1/3] LSTM (Primary) – POL228ห้องเรียนชั้น2
      📈 LSTM training history: epochs=40 train_loss=0.9624 val_loss=0.9966 train_acc=0.7281 val_acc=0.6506
         ✅ success
   🌿 [2/3] LightGBM (Support)
   ⚡ [3/3] XGBoost (Support)
    🟢 LightGBM training: TrainLoss=0.3205 CalLoss=0.2931 TrainAcc=0.9391 CalAcc=0.9458
    ⚡ XGBoost training: TrainLoss=0.2816 CalLoss=0.3054 TrainAcc=0.9637 CalAcc=0.9036

  🎯 ENSEMBLE – POL228ห้องเรียนชั้น2 [id=461]

  📊 Classification Metrics – POL228ห้องเรียนชั้น2 [id=461]
  ──────────────────────────────────────────────────
  Accuracy  : 0.9217  (92.2%)
  F1 Score  : 0.9265  (weighted avg)
  Recall    : 0.9217  (weighted avg)
  Precision : 0.9338  (weighted avg)
  CE Loss   : 0.3844

  📋 Classification Report:
                   precision    recall  f1-score   support
     
              low       1.00      0.99      0.99        69
           medium       0.93      0.96      0.94        53
             high       0.30      0.43      0.35         7
           urgent       0.94      0.84      0.89        37
     
         accuracy                           0.92       166
        macro avg       0.79      0.80      0.79       166
     weighted avg       0.93      0.92      0.93       166
     
  ──────────────────────────────────────────────────
  📊 ENSEMBLE  : Accuracy= 95.8% | Loss=0.2820 | R²=0.9560 | MAE=0.3741
  📊 LIGHTGBM  : Accuracy= 97.0% | Loss=0.2479 | R²=0.9675 | MAE=0.3381
  📊 XGBOOST   : Accuracy= 95.2% | Loss=0.2991 | R²=0.9301 | MAE=0.4124
  📊 LSTM      : Accuracy= 83.1% | Loss=0.6404 | R²=0.5903 | MAE=1.0430
✅ POL228ห้องเรียนชั้น2 [ห้องเรียน ] +LSTM✓  R²:0.956  MAE:0.37ชม  sMAPE:32.1%  Acc:0.922  F1:0.926  conf:67.9%

🏠 POLSMARTCLASSROOM(C)
   🧠 [1/3] LSTM (Primary) – POLSMARTCLASSROOM(C)
      📈 LSTM training history: epochs=40 train_loss=0.9952 val_loss=1.0488 train_acc=0.7145 val_acc=0.6145
         ✅ success
   🌿 [2/3] LightGBM (Support)
   ⚡ [3/3] XGBoost (Support)
    🟢 LightGBM training: TrainLoss=0.3205 CalLoss=0.2931 TrainAcc=0.9391 CalAcc=0.9458
    ⚡ XGBoost training: TrainLoss=0.2816 CalLoss=0.3054 TrainAcc=0.9637 CalAcc=0.9036

  🎯 ENSEMBLE – POLSMARTCLASSROOM(C) [id=462]

  📊 Classification Metrics – POLSMARTCLASSROOM(C) [id=462]
  ──────────────────────────────────────────────────
  Accuracy  : 0.9217  (92.2%)
  F1 Score  : 0.9235  (weighted avg)
  Recall    : 0.9217  (weighted avg)
  Precision : 0.9260  (weighted avg)
  CE Loss   : 0.3844

  📋 Classification Report:
                   precision    recall  f1-score   support
     
              low       1.00      0.99      0.99        69
           medium       0.93      0.96      0.94        53
             high       0.25      0.29      0.27         7
           urgent       0.91      0.86      0.89        37
     
         accuracy                           0.92       166
        macro avg       0.77      0.77      0.77       166
     weighted avg       0.93      0.92      0.92       166
     
  ──────────────────────────────────────────────────
  📊 ENSEMBLE  : Accuracy= 97.0% | Loss=0.2479 | R²=0.9565 | MAE=0.3714
  📊 LIGHTGBM  : Accuracy= 97.0% | Loss=0.2479 | R²=0.9675 | MAE=0.3381
  📊 XGBOOST   : Accuracy= 95.2% | Loss=0.2991 | R²=0.9301 | MAE=0.4124
  📊 LSTM      : Accuracy= 81.9% | Loss=0.6745 | R²=0.5992 | MAE=1.0604
✅ POLSMARTCLASSROOM(C) [smart classroom] +LSTM✓  R²:0.957  MAE:0.37ชม  sMAPE:31.9%  Acc:0.922  F1:0.923  conf:68.1%

🏠 BIOACTIVELEARNING(บรรยาย5ชั้น1)
   🧠 [1/3] LSTM (Primary) – BIOACTIVELEARNING(บรรยาย5ชั้น1)
      📈 LSTM training history: epochs=40 train_loss=1.0258 val_loss=1.0940 train_acc=0.7158 val_acc=0.6024
         ✅ success
   🌿 [2/3] LightGBM (Support)
   ⚡ [3/3] XGBoost (Support)
    🟢 LightGBM training: TrainLoss=0.3205 CalLoss=0.2931 TrainAcc=0.9391 CalAcc=0.9458
    ⚡ XGBoost training: TrainLoss=0.2816 CalLoss=0.3054 TrainAcc=0.9637 CalAcc=0.9036

  🎯 ENSEMBLE – BIOACTIVELEARNING(บรรยาย5ชั้น1) [id=463]

  📊 Classification Metrics – BIOACTIVELEARNING(บรรยาย5ชั้น1) [id=463]
  ──────────────────────────────────────────────────
  Accuracy  : 0.9217  (92.2%)
  F1 Score  : 0.9216  (weighted avg)
  Recall    : 0.9217  (weighted avg)
  Precision : 0.9219  (weighted avg)
  CE Loss   : 0.3844

  📋 Classification Report:
                   precision    recall  f1-score   support
     
              low       1.00      0.99      0.99        69
           medium       0.93      0.96      0.94        53
             high       0.29      0.29      0.29         7
           urgent       0.89      0.86      0.88        37
     
         accuracy                           0.92       166
        macro avg       0.78      0.77      0.77       166
     weighted avg       0.92      0.92      0.92       166
     
  ──────────────────────────────────────────────────
  📊 ENSEMBLE  : Accuracy= 95.8% | Loss=0.2820 | R²=0.9568 | MAE=0.3713
  📊 LIGHTGBM  : Accuracy= 97.0% | Loss=0.2479 | R²=0.9675 | MAE=0.3381
  📊 XGBOOST   : Accuracy= 95.2% | Loss=0.2991 | R²=0.9301 | MAE=0.4124
  📊 LSTM      : Accuracy= 84.9% | Loss=0.5892 | R²=0.6205 | MAE=1.0141
✅ BIOACTIVELEARNING(บรรยาย5ชั้น1) [ห้องเรียน/active learning] +LSTM✓  R²:0.957  MAE:0.37ชม  sMAPE:31.9%  Acc:0.922  F1:0.922  conf:68.1%

🏠 BIO1ห้องบรรยาย1ชั้น1
   🧠 [1/3] LSTM (Primary) – BIO1ห้องบรรยาย1ชั้น1
      📈 LSTM training history: epochs=40 train_loss=1.0565 val_loss=1.1916 train_acc=0.7186 val_acc=0.5904
         ✅ success
   🌿 [2/3] LightGBM (Support)
   ⚡ [3/3] XGBoost (Support)
    🟢 LightGBM training: TrainLoss=0.3205 CalLoss=0.2931 TrainAcc=0.9391 CalAcc=0.9458
    ⚡ XGBoost training: TrainLoss=0.2816 CalLoss=0.3054 TrainAcc=0.9637 CalAcc=0.9036

  🎯 ENSEMBLE – BIO1ห้องบรรยาย1ชั้น1 [id=464]

  📊 Classification Metrics – BIO1ห้องบรรยาย1ชั้น1 [id=464]
  ──────────────────────────────────────────────────
  Accuracy  : 0.9217  (92.2%)
  F1 Score  : 0.9216  (weighted avg)
  Recall    : 0.9217  (weighted avg)
  Precision : 0.9219  (weighted avg)
  CE Loss   : 0.3844

  📋 Classification Report:
                   precision    recall  f1-score   support
     
              low       1.00      0.99      0.99        69
           medium       0.93      0.96      0.94        53
             high       0.29      0.29      0.29         7
           urgent       0.89      0.86      0.88        37
     
         accuracy                           0.92       166
        macro avg       0.78      0.77      0.77       166
     weighted avg       0.92      0.92      0.92       166
     
  ──────────────────────────────────────────────────
  📊 ENSEMBLE  : Accuracy= 97.0% | Loss=0.2479 | R²=0.9570 | MAE=0.3685
  📊 LIGHTGBM  : Accuracy= 97.0% | Loss=0.2479 | R²=0.9675 | MAE=0.3381
  📊 XGBOOST   : Accuracy= 95.2% | Loss=0.2991 | R²=0.9301 | MAE=0.4124
  📊 LSTM      : Accuracy= 84.9% | Loss=0.5892 | R²=0.5828 | MAE=1.0939
✅ BIO1ห้องบรรยาย1ชั้น1 [ห้องบรรยาย] +LSTM✓  R²:0.957  MAE:0.37ชม  sMAPE:31.8%  Acc:0.922  F1:0.922  conf:68.2%

🏠 BIO3ห้องบรรยาย3ชั้น3
   🧠 [1/3] LSTM (Primary) – BIO3ห้องบรรยาย3ชั้น3
      📈 LSTM training history: epochs=40 train_loss=0.9940 val_loss=1.0110 train_acc=0.7117 val_acc=0.6627
         ✅ success
   🌿 [2/3] LightGBM (Support)
   ⚡ [3/3] XGBoost (Support)
    🟢 LightGBM training: TrainLoss=0.3205 CalLoss=0.2931 TrainAcc=0.9391 CalAcc=0.9458
    ⚡ XGBoost training: TrainLoss=0.2816 CalLoss=0.3054 TrainAcc=0.9637 CalAcc=0.9036

  🎯 ENSEMBLE – BIO3ห้องบรรยาย3ชั้น3 [id=465]

  📊 Classification Metrics – BIO3ห้องบรรยาย3ชั้น3 [id=465]
  ──────────────────────────────────────────────────
  Accuracy  : 0.9217  (92.2%)
  F1 Score  : 0.9235  (weighted avg)
  Recall    : 0.9217  (weighted avg)
  Precision : 0.9260  (weighted avg)
  CE Loss   : 0.3844

  📋 Classification Report:
                   precision    recall  f1-score   support
     
              low       1.00      0.99      0.99        69
           medium       0.93      0.96      0.94        53
             high       0.25      0.29      0.27         7
           urgent       0.91      0.86      0.89        37
     
         accuracy                           0.92       166
        macro avg       0.77      0.77      0.77       166
     weighted avg       0.93      0.92      0.92       166
     
  ──────────────────────────────────────────────────
  📊 ENSEMBLE  : Accuracy= 96.4% | Loss=0.2649 | R²=0.9557 | MAE=0.3756
  📊 LIGHTGBM  : Accuracy= 97.0% | Loss=0.2479 | R²=0.9675 | MAE=0.3381
  📊 XGBOOST   : Accuracy= 95.2% | Loss=0.2991 | R²=0.9301 | MAE=0.4124
  📊 LSTM      : Accuracy= 81.9% | Loss=0.6745 | R²=0.5868 | MAE=1.0651
✅ BIO3ห้องบรรยาย3ชั้น3 [ห้องบรรยาย] +LSTM✓  R²:0.956  MAE:0.38ชม  sMAPE:32.0%  Acc:0.922  F1:0.923  conf:68.0%

🏠 BIO4ห้องบรรยาย4ชั้น1
   🧠 [1/3] LSTM (Primary) – BIO4ห้องบรรยาย4ชั้น1
      📈 LSTM training history: epochs=40 train_loss=0.9971 val_loss=1.0955 train_acc=0.7199 val_acc=0.5964
         ✅ success
   🌿 [2/3] LightGBM (Support)
   ⚡ [3/3] XGBoost (Support)
    🟢 LightGBM training: TrainLoss=0.3205 CalLoss=0.2931 TrainAcc=0.9391 CalAcc=0.9458
    ⚡ XGBoost training: TrainLoss=0.2816 CalLoss=0.3054 TrainAcc=0.9637 CalAcc=0.9036

  🎯 ENSEMBLE – BIO4ห้องบรรยาย4ชั้น1 [id=466]

  📊 Classification Metrics – BIO4ห้องบรรยาย4ชั้น1 [id=466]
  ──────────────────────────────────────────────────
  Accuracy  : 0.9217  (92.2%)
  F1 Score  : 0.9216  (weighted avg)
  Recall    : 0.9217  (weighted avg)
  Precision : 0.9219  (weighted avg)
  CE Loss   : 0.3844

  📋 Classification Report:
                   precision    recall  f1-score   support
     
              low       1.00      0.99      0.99        69
           medium       0.93      0.96      0.94        53
             high       0.29      0.29      0.29         7
           urgent       0.89      0.86      0.88        37
     
         accuracy                           0.92       166
        macro avg       0.78      0.77      0.77       166
     weighted avg       0.92      0.92      0.92       166
     
  ──────────────────────────────────────────────────
  📊 ENSEMBLE  : Accuracy= 95.8% | Loss=0.2820 | R²=0.9567 | MAE=0.3710
  📊 LIGHTGBM  : Accuracy= 97.0% | Loss=0.2479 | R²=0.9675 | MAE=0.3381
  📊 XGBOOST   : Accuracy= 95.2% | Loss=0.2991 | R²=0.9301 | MAE=0.4124
  📊 LSTM      : Accuracy= 84.3% | Loss=0.6063 | R²=0.6225 | MAE=1.0453
✅ BIO4ห้องบรรยาย4ชั้น1 [ห้องบรรยาย] +LSTM✓  R²:0.957  MAE:0.37ชม  sMAPE:31.9%  Acc:0.922  F1:0.922  conf:68.1%

🏠 SC302ชั้น3
   🧠 [1/3] LSTM (Primary) – SC302ชั้น3
      📈 LSTM training history: epochs=40 train_loss=0.9674 val_loss=1.0572 train_acc=0.7254 val_acc=0.6205
         ✅ success
   🌿 [2/3] LightGBM (Support)
   ⚡ [3/3] XGBoost (Support)
    🟢 LightGBM training: TrainLoss=0.3205 CalLoss=0.2931 TrainAcc=0.9391 CalAcc=0.9458
    ⚡ XGBoost training: TrainLoss=0.2816 CalLoss=0.3054 TrainAcc=0.9637 CalAcc=0.9036

  🎯 ENSEMBLE – SC302ชั้น3 [id=467]

  📊 Classification Metrics – SC302ชั้น3 [id=467]
  ──────────────────────────────────────────────────
  Accuracy  : 0.9337  (93.4%)
  F1 Score  : 0.9377  (weighted avg)
  Recall    : 0.9337  (weighted avg)
  Precision : 0.9438  (weighted avg)
  CE Loss   : 0.3503

  📋 Classification Report:
                   precision    recall  f1-score   support
     
              low       1.00      0.99      0.99        69
           medium       0.94      0.96      0.95        53
             high       0.40      0.57      0.47         7
           urgent       0.94      0.86      0.90        37
     
         accuracy                           0.93       166
        macro avg       0.82      0.85      0.83       166
     weighted avg       0.94      0.93      0.94       166
     
  ──────────────────────────────────────────────────
  📊 ENSEMBLE  : Accuracy= 95.8% | Loss=0.2820 | R²=0.9562 | MAE=0.3715
  📊 LIGHTGBM  : Accuracy= 97.0% | Loss=0.2479 | R²=0.9675 | MAE=0.3381
  📊 XGBOOST   : Accuracy= 95.2% | Loss=0.2991 | R²=0.9301 | MAE=0.4124
  📊 LSTM      : Accuracy= 81.9% | Loss=0.6745 | R²=0.5539 | MAE=1.0962
✅ SC302ชั้น3........ [ห้องเรียน/ประชุม] +LSTM✓  R²:0.956  MAE:0.37ชม  sMAPE:32.0%  Acc:0.934  F1:0.938  conf:68.0%

🏠 SC349ชั้น3
   🧠 [1/3] LSTM (Primary) – SC349ชั้น3
      📈 LSTM training history: epochs=40 train_loss=0.9558 val_loss=1.0663 train_acc=0.7186 val_acc=0.6265
         ✅ success
   🌿 [2/3] LightGBM (Support)
   ⚡ [3/3] XGBoost (Support)
    🟢 LightGBM training: TrainLoss=0.3205 CalLoss=0.2931 TrainAcc=0.9391 CalAcc=0.9458
    ⚡ XGBoost training: TrainLoss=0.2816 CalLoss=0.3054 TrainAcc=0.9637 CalAcc=0.9036

  🎯 ENSEMBLE – SC349ชั้น3 [id=468]

  📊 Classification Metrics – SC349ชั้น3 [id=468]
  ──────────────────────────────────────────────────
  Accuracy  : 0.9217  (92.2%)
  F1 Score  : 0.9235  (weighted avg)
  Recall    : 0.9217  (weighted avg)
  Precision : 0.9260  (weighted avg)
  CE Loss   : 0.3844

  📋 Classification Report:
                   precision    recall  f1-score   support
     
              low       1.00      0.99      0.99        69
           medium       0.93      0.96      0.94        53
             high       0.25      0.29      0.27         7
           urgent       0.91      0.86      0.89        37
     
         accuracy                           0.92       166
        macro avg       0.77      0.77      0.77       166
     weighted avg       0.93      0.92      0.92       166
     
  ──────────────────────────────────────────────────
  📊 ENSEMBLE  : Accuracy= 96.4% | Loss=0.2649 | R²=0.9565 | MAE=0.3720
  📊 LIGHTGBM  : Accuracy= 97.0% | Loss=0.2479 | R²=0.9675 | MAE=0.3381
  📊 XGBOOST   : Accuracy= 95.2% | Loss=0.2991 | R²=0.9301 | MAE=0.4124
  📊 LSTM      : Accuracy= 82.5% | Loss=0.6575 | R²=0.5887 | MAE=1.0766
✅ SC349ชั้น3........ [ห้องเรียน/ประชุม] +LSTM✓  R²:0.956  MAE:0.37ชม  sMAPE:31.9%  Acc:0.922  F1:0.923  conf:68.1%

🏠 SC350ชั้น3
   🧠 [1/3] LSTM (Primary) – SC350ชั้น3
      📈 LSTM training history: epochs=40 train_loss=0.9907 val_loss=1.0390 train_acc=0.7199 val_acc=0.6205
         ✅ success
   🌿 [2/3] LightGBM (Support)
   ⚡ [3/3] XGBoost (Support)
    🟢 LightGBM training: TrainLoss=0.3205 CalLoss=0.2931 TrainAcc=0.9391 CalAcc=0.9458
    ⚡ XGBoost training: TrainLoss=0.2816 CalLoss=0.3054 TrainAcc=0.9637 CalAcc=0.9036

  🎯 ENSEMBLE – SC350ชั้น3 [id=469]

  📊 Classification Metrics – SC350ชั้น3 [id=469]
  ──────────────────────────────────────────────────
  Accuracy  : 0.9157  (91.6%)
  F1 Score  : 0.9193  (weighted avg)
  Recall    : 0.9157  (weighted avg)
  Precision : 0.9243  (weighted avg)
  CE Loss   : 0.4015

  📋 Classification Report:
                   precision    recall  f1-score   support
     
              low       1.00      0.99      0.99        69
           medium       0.93      0.96      0.94        53
             high       0.22      0.29      0.25         7
           urgent       0.91      0.84      0.87        37
     
         accuracy                           0.92       166
        macro avg       0.77      0.77      0.77       166
     weighted avg       0.92      0.92      0.92       166
     
  ──────────────────────────────────────────────────
  📊 ENSEMBLE  : Accuracy= 96.4% | Loss=0.2649 | R²=0.9562 | MAE=0.3729
  📊 LIGHTGBM  : Accuracy= 97.0% | Loss=0.2479 | R²=0.9675 | MAE=0.3381
  📊 XGBOOST   : Accuracy= 95.2% | Loss=0.2991 | R²=0.9301 | MAE=0.4124
  📊 LSTM      : Accuracy= 82.5% | Loss=0.6575 | R²=0.5803 | MAE=1.0658
✅ SC350ชั้น3........ [ห้องเรียน/ประชุม] +LSTM✓  R²:0.956  MAE:0.37ชม  sMAPE:31.9%  Acc:0.916  F1:0.919  conf:68.1%

🏠 EN6206ปฏิบัติการคอมพิวเตอร์
   🧠 [1/3] LSTM (Primary) – EN6206ปฏิบัติการคอมพิวเตอร์
      📈 LSTM training history: epochs=40 train_loss=1.1048 val_loss=1.1877 train_acc=0.7237 val_acc=0.6121
         ✅ success
   🌿 [2/3] LightGBM (Support)
   ⚡ [3/3] XGBoost (Support)
    🟢 LightGBM training: TrainLoss=0.3586 CalLoss=0.3297 TrainAcc=0.9429 CalAcc=0.9091
    ⚡ XGBoost training: TrainLoss=0.3121 CalLoss=0.3614 TrainAcc=0.9585 CalAcc=0.9091

  🎯 ENSEMBLE – EN6206ปฏิบัติการคอมพิวเตอร์ [id=470]

  📊 Classification Metrics – EN6206ปฏิบัติการคอมพิวเตอร์ [id=470]
  ──────────────────────────────────────────────────
  Accuracy  : 0.8855  (88.5%)
  F1 Score  : 0.8906  (weighted avg)
  Recall    : 0.8855  (weighted avg)
  Precision : 0.8977  (weighted avg)
  CE Loss   : 0.4868

  📋 Classification Report:
                   precision    recall  f1-score   support
     
              low       0.97      0.99      0.98        69
           medium       0.89      0.89      0.89        57
             high       0.20      0.29      0.24         7
           urgent       0.90      0.79      0.84        33
     
         accuracy                           0.89       166
        macro avg       0.74      0.74      0.74       166
     weighted avg       0.90      0.89      0.89       166
     
  ──────────────────────────────────────────────────
  📊 ENSEMBLE  : Accuracy= 97.6% | Loss=0.2308 | R²=0.9619 | MAE=0.3949
  📊 LIGHTGBM  : Accuracy= 95.8% | Loss=0.2820 | R²=0.9661 | MAE=0.3668
  📊 XGBOOST   : Accuracy= 96.4% | Loss=0.2649 | R²=0.9547 | MAE=0.4309
  📊 LSTM      : Accuracy= 81.9% | Loss=0.6745 | R²=0.6296 | MAE=1.1550
✅ EN6206ปฏิบัติการคอมพิวเตอร์ [ห้องปฏิบัติการคอมพิวเตอร์] +LSTM✓  R²:0.962  MAE:0.39ชม  sMAPE:32.9%  Acc:0.885  F1:0.891  conf:67.1%

🏠 1C-MEETING
   🧠 [1/3] LSTM (Primary) – 1C-MEETING
      📈 LSTM training history: epochs=40 train_loss=0.3138 val_loss=0.1890 train_acc=0.9092 val_acc=0.9650
         ✅ success
   🌿 [2/3] LightGBM (Support)
   ⚡ [3/3] XGBoost (Support)
    🟢 LightGBM training: TrainLoss=0.0370 CalLoss=0.0163 TrainAcc=0.9955 CalAcc=0.9930
    ⚡ XGBoost training: TrainLoss=0.0303 CalLoss=0.0174 TrainAcc=0.9940 CalAcc=0.9860

  🎯 ENSEMBLE – 1C-MEETING [id=471]

  📊 Classification Metrics – 1C-MEETING [id=471]
  ──────────────────────────────────────────────────
  Accuracy  : 0.9931  (99.3%)
  F1 Score  : 0.9896  (weighted avg)
  Recall    : 0.9931  (weighted avg)
  Precision : 0.9862  (weighted avg)
  CE Loss   : 0.1822

  📋 Classification Report:
                   precision    recall  f1-score   support
     
              low       0.99      1.00      1.00       140
           medium       0.00      0.00      0.00         1
             high       0.00      0.00      0.00         0
           urgent       1.00      1.00      1.00         3
     
         accuracy                           0.99       144
        macro avg       0.50      0.50      0.50       144
     weighted avg       0.99      0.99      0.99       144
     
  ──────────────────────────────────────────────────
  📊 ENSEMBLE  : Accuracy=100.0% | Loss=0.1625 | R²=0.4960 | MAE=0.1600
  📊 LIGHTGBM  : Accuracy=100.0% | Loss=0.1625 | R²=0.9719 | MAE=0.0120
  📊 XGBOOST   : Accuracy=100.0% | Loss=0.1625 | R²=-1.0720 | MAE=0.3179
  📊 LSTM      : Accuracy= 98.6% | Loss=0.2019 | R²=-0.0414 | MAE=0.0939
✅ 1C-MEETING........ [ห้องประชุม] [no LSTM]  R²:0.496  MAE:0.16ชม  sMAPE:31.1%  Acc:0.993  F1:0.990  conf:68.9%

🏠 ลานกิจกรรมEN6ชั้น1ZONEB
   🧠 [1/3] LSTM (Primary) – ลานกิจกรรมEN6ชั้น1ZONEB
      📈 LSTM training history: epochs=40 train_loss=1.0056 val_loss=1.0921 train_acc=0.7131 val_acc=0.5964
         ✅ success
   🌿 [2/3] LightGBM (Support)
   ⚡ [3/3] XGBoost (Support)
    🟢 LightGBM training: TrainLoss=0.3205 CalLoss=0.2931 TrainAcc=0.9391 CalAcc=0.9458
    ⚡ XGBoost training: TrainLoss=0.2816 CalLoss=0.3054 TrainAcc=0.9637 CalAcc=0.9036

  🎯 ENSEMBLE – ลานกิจกรรมEN6ชั้น1ZONEB [id=472]

  📊 Classification Metrics – ลานกิจกรรมEN6ชั้น1ZONEB [id=472]
  ──────────────────────────────────────────────────
  Accuracy  : 0.9217  (92.2%)
  F1 Score  : 0.9216  (weighted avg)
  Recall    : 0.9217  (weighted avg)
  Precision : 0.9219  (weighted avg)
  CE Loss   : 0.3844

  📋 Classification Report:
                   precision    recall  f1-score   support
     
              low       1.00      0.99      0.99        69
           medium       0.93      0.96      0.94        53
             high       0.29      0.29      0.29         7
           urgent       0.89      0.86      0.88        37
     
         accuracy                           0.92       166
        macro avg       0.78      0.77      0.77       166
     weighted avg       0.92      0.92      0.92       166
     
  ──────────────────────────────────────────────────
  📊 ENSEMBLE  : Accuracy= 96.4% | Loss=0.2649 | R²=0.9569 | MAE=0.3695
  📊 LIGHTGBM  : Accuracy= 97.0% | Loss=0.2479 | R²=0.9675 | MAE=0.3381
  📊 XGBOOST   : Accuracy= 95.2% | Loss=0.2991 | R²=0.9301 | MAE=0.4124
  📊 LSTM      : Accuracy= 85.5% | Loss=0.5721 | R²=0.5997 | MAE=1.0540
✅ ลานกิจกรรมEN6ชั้น1ZONEB [ลานกิจกรรม] +LSTM✓  R²:0.957  MAE:0.37ชม  sMAPE:31.9%  Acc:0.922  F1:0.922  conf:68.1%

🏠 AGCOMPUTER1
   🧠 [1/3] LSTM (Primary) – AGCOMPUTER1
      📈 LSTM training history: epochs=40 train_loss=1.0842 val_loss=1.2178 train_acc=0.7155 val_acc=0.6061
         ✅ success
   🌿 [2/3] LightGBM (Support)
   ⚡ [3/3] XGBoost (Support)
    🟢 LightGBM training: TrainLoss=0.3586 CalLoss=0.3297 TrainAcc=0.9429 CalAcc=0.9091
    ⚡ XGBoost training: TrainLoss=0.3121 CalLoss=0.3614 TrainAcc=0.9585 CalAcc=0.9091

  🎯 ENSEMBLE – AGCOMPUTER1 [id=473]

  📊 Classification Metrics – AGCOMPUTER1 [id=473]
  ──────────────────────────────────────────────────
  Accuracy  : 0.9036  (90.4%)
  F1 Score  : 0.9046  (weighted avg)
  Recall    : 0.9036  (weighted avg)
  Precision : 0.9074  (weighted avg)
  CE Loss   : 0.4356

  📋 Classification Report:
                   precision    recall  f1-score   support
     
              low       0.99      0.99      0.99        69
           medium       0.90      0.95      0.92        57
             high       0.25      0.29      0.27         7
           urgent       0.90      0.79      0.84        33
     
         accuracy                           0.90       166
        macro avg       0.76      0.75      0.75       166
     weighted avg       0.91      0.90      0.90       166
     
  ──────────────────────────────────────────────────
  📊 ENSEMBLE  : Accuracy= 97.6% | Loss=0.2308 | R²=0.9626 | MAE=0.3893
  📊 LIGHTGBM  : Accuracy= 95.8% | Loss=0.2820 | R²=0.9661 | MAE=0.3668
  📊 XGBOOST   : Accuracy= 96.4% | Loss=0.2649 | R²=0.9547 | MAE=0.4309
  📊 LSTM      : Accuracy= 81.9% | Loss=0.6745 | R²=0.6451 | MAE=1.1193
✅ AGCOMPUTER1....... [ห้องปฏิบัติการคอมพิวเตอร์] +LSTM✓  R²:0.963  MAE:0.39ชม  sMAPE:32.9%  Acc:0.904  F1:0.905  conf:67.1%

🏠 AGCOMPUTER2
   🧠 [1/3] LSTM (Primary) – AGCOMPUTER2
      📈 LSTM training history: epochs=40 train_loss=1.0660 val_loss=1.2368 train_acc=0.7155 val_acc=0.6182
         ✅ success
   🌿 [2/3] LightGBM (Support)
   ⚡ [3/3] XGBoost (Support)
    🟢 LightGBM training: TrainLoss=0.3586 CalLoss=0.3297 TrainAcc=0.9429 CalAcc=0.9091
    ⚡ XGBoost training: TrainLoss=0.3121 CalLoss=0.3614 TrainAcc=0.9585 CalAcc=0.9091

  🎯 ENSEMBLE – AGCOMPUTER2 [id=474]

  📊 Classification Metrics – AGCOMPUTER2 [id=474]
  ──────────────────────────────────────────────────
  Accuracy  : 0.9036  (90.4%)
  F1 Score  : 0.9024  (weighted avg)
  Recall    : 0.9036  (weighted avg)
  Precision : 0.9031  (weighted avg)
  CE Loss   : 0.4356

  📋 Classification Report:
                   precision    recall  f1-score   support
     
              low       0.97      0.99      0.98        69
           medium       0.90      0.95      0.92        57
             high       0.29      0.29      0.29         7
           urgent       0.90      0.79      0.84        33
     
         accuracy                           0.90       166
        macro avg       0.76      0.75      0.76       166
     weighted avg       0.90      0.90      0.90       166
     
  ──────────────────────────────────────────────────
  📊 ENSEMBLE  : Accuracy= 97.0% | Loss=0.2479 | R²=0.9625 | MAE=0.3897
  📊 LIGHTGBM  : Accuracy= 95.8% | Loss=0.2820 | R²=0.9661 | MAE=0.3668
  📊 XGBOOST   : Accuracy= 96.4% | Loss=0.2649 | R²=0.9547 | MAE=0.4309
  📊 LSTM      : Accuracy= 81.3% | Loss=0.6916 | R²=0.6221 | MAE=1.1556
✅ AGCOMPUTER2....... [ห้องปฏิบัติการคอมพิวเตอร์] +LSTM✓  R²:0.963  MAE:0.39ชม  sMAPE:32.8%  Acc:0.904  F1:0.902  conf:67.2%

🏠 AGCOMPUTER3
   🧠 [1/3] LSTM (Primary) – AGCOMPUTER3
      📈 LSTM training history: epochs=40 train_loss=1.1051 val_loss=1.1754 train_acc=0.7182 val_acc=0.6364
         ✅ success
   🌿 [2/3] LightGBM (Support)
   ⚡ [3/3] XGBoost (Support)
    🟢 LightGBM training: TrainLoss=0.3586 CalLoss=0.3297 TrainAcc=0.9429 CalAcc=0.9091
    ⚡ XGBoost training: TrainLoss=0.3121 CalLoss=0.3614 TrainAcc=0.9585 CalAcc=0.9091

  🎯 ENSEMBLE – AGCOMPUTER3 [id=475]

  📊 Classification Metrics – AGCOMPUTER3 [id=475]
  ──────────────────────────────────────────────────
  Accuracy  : 0.8916  (89.2%)
  F1 Score  : 0.8899  (weighted avg)
  Recall    : 0.8916  (weighted avg)
  Precision : 0.8913  (weighted avg)
  CE Loss   : 0.4697

  📋 Classification Report:
                   precision    recall  f1-score   support
     
              low       0.97      0.99      0.98        69
           medium       0.89      0.95      0.92        57
             high       0.14      0.14      0.14         7
           urgent       0.89      0.76      0.82        33
     
         accuracy                           0.89       166
        macro avg       0.72      0.71      0.71       166
     weighted avg       0.89      0.89      0.89       166
     
  ──────────────────────────────────────────────────
  📊 ENSEMBLE  : Accuracy= 97.0% | Loss=0.2479 | R²=0.9621 | MAE=0.3925
  📊 LIGHTGBM  : Accuracy= 95.8% | Loss=0.2820 | R²=0.9661 | MAE=0.3668
  📊 XGBOOST   : Accuracy= 96.4% | Loss=0.2649 | R²=0.9547 | MAE=0.4309
  📊 LSTM      : Accuracy= 80.1% | Loss=0.7257 | R²=0.6215 | MAE=1.1594
✅ AGCOMPUTER3....... [ห้องปฏิบัติการคอมพิวเตอร์] +LSTM✓  R²:0.962  MAE:0.39ชม  sMAPE:32.9%  Acc:0.892  F1:0.890  conf:67.1%

🏠 CMP_101ออดิทอเรียม
   🧠 [1/3] LSTM (Primary) – CMP_101ออดิทอเรียม
      📈 LSTM training history: epochs=40 train_loss=0.9552 val_loss=1.1611 train_acc=0.7213 val_acc=0.6024
         ✅ success
   🌿 [2/3] LightGBM (Support)
   ⚡ [3/3] XGBoost (Support)
    🟢 LightGBM training: TrainLoss=0.3205 CalLoss=0.2931 TrainAcc=0.9391 CalAcc=0.9458
    ⚡ XGBoost training: TrainLoss=0.2816 CalLoss=0.3054 TrainAcc=0.9637 CalAcc=0.9036

  🎯 ENSEMBLE – CMP_101ออดิทอเรียม [id=476]

  📊 Classification Metrics – CMP_101ออดิทอเรียม [id=476]
  ──────────────────────────────────────────────────
  Accuracy  : 0.9277  (92.8%)
  F1 Score  : 0.9259  (weighted avg)
  Recall    : 0.9277  (weighted avg)
  Precision : 0.9246  (weighted avg)
  CE Loss   : 0.3673

  📋 Classification Report:
                   precision    recall  f1-score   support
     
              low       1.00      0.99      0.99        69
           medium       0.93      0.96      0.94        53
             high       0.33      0.29      0.31         7
           urgent       0.89      0.89      0.89        37
     
         accuracy                           0.93       166
        macro avg       0.79      0.78      0.78       166
     weighted avg       0.92      0.93      0.93       166
     
  ──────────────────────────────────────────────────
  📊 ENSEMBLE  : Accuracy= 97.0% | Loss=0.2479 | R²=0.9578 | MAE=0.3648
  📊 LIGHTGBM  : Accuracy= 97.0% | Loss=0.2479 | R²=0.9675 | MAE=0.3381
  📊 XGBOOST   : Accuracy= 95.2% | Loss=0.2991 | R²=0.9301 | MAE=0.4124
  📊 LSTM      : Accuracy= 84.3% | Loss=0.6063 | R²=0.6247 | MAE=1.0013
✅ CMP_101ออดิทอเรียม [auditorium] +LSTM✓  R²:0.958  MAE:0.36ชม  sMAPE:31.8%  Acc:0.928  F1:0.926  conf:68.2%

🏠 CMP_103ห้องบรรยาย
   🧠 [1/3] LSTM (Primary) – CMP_103ห้องบรรยาย
      📈 LSTM training history: epochs=40 train_loss=0.9957 val_loss=0.9987 train_acc=0.7117 val_acc=0.6627
         ✅ success
   🌿 [2/3] LightGBM (Support)
   ⚡ [3/3] XGBoost (Support)
    🟢 LightGBM training: TrainLoss=0.3205 CalLoss=0.2931 TrainAcc=0.9391 CalAcc=0.9458
    ⚡ XGBoost training: TrainLoss=0.2816 CalLoss=0.3054 TrainAcc=0.9637 CalAcc=0.9036

  🎯 ENSEMBLE – CMP_103ห้องบรรยาย [id=477]

  📊 Classification Metrics – CMP_103ห้องบรรยาย [id=477]
  ──────────────────────────────────────────────────
  Accuracy  : 0.9277  (92.8%)
  F1 Score  : 0.9304  (weighted avg)
  Recall    : 0.9277  (weighted avg)
  Precision : 0.9352  (weighted avg)
  CE Loss   : 0.3673

  📋 Classification Report:
                   precision    recall  f1-score   support
     
              low       1.00      1.00      1.00        69
           medium       0.93      0.96      0.94        53
             high       0.33      0.43      0.38         7
           urgent       0.94      0.84      0.89        37
     
         accuracy                           0.93       166
        macro avg       0.80      0.81      0.80       166
     weighted avg       0.94      0.93      0.93       166
     
  ──────────────────────────────────────────────────
  📊 ENSEMBLE  : Accuracy= 96.4% | Loss=0.2649 | R²=0.9555 | MAE=0.3762
  📊 LIGHTGBM  : Accuracy= 97.0% | Loss=0.2479 | R²=0.9675 | MAE=0.3381
  📊 XGBOOST   : Accuracy= 95.2% | Loss=0.2991 | R²=0.9301 | MAE=0.4124
  📊 LSTM      : Accuracy= 78.9% | Loss=0.7599 | R²=0.5406 | MAE=1.1281
✅ CMP_103ห้องบรรยาย. [ห้องบรรยาย] +LSTM✓  R²:0.955  MAE:0.38ชม  sMAPE:32.0%  Acc:0.928  F1:0.930  conf:68.0%

🏠 CMP_131SMARTCLASSROOM
   🧠 [1/3] LSTM (Primary) – CMP_131SMARTCLASSROOM
      📈 LSTM training history: epochs=40 train_loss=1.0432 val_loss=1.1781 train_acc=0.7145 val_acc=0.5843
         ✅ success
   🌿 [2/3] LightGBM (Support)
   ⚡ [3/3] XGBoost (Support)
    🟢 LightGBM training: TrainLoss=0.3205 CalLoss=0.2931 TrainAcc=0.9391 CalAcc=0.9458
    ⚡ XGBoost training: TrainLoss=0.2816 CalLoss=0.3054 TrainAcc=0.9637 CalAcc=0.9036

  🎯 ENSEMBLE – CMP_131SMARTCLASSROOM [id=478]

  📊 Classification Metrics – CMP_131SMARTCLASSROOM [id=478]
  ──────────────────────────────────────────────────
  Accuracy  : 0.9217  (92.2%)
  F1 Score  : 0.9216  (weighted avg)
  Recall    : 0.9217  (weighted avg)
  Precision : 0.9219  (weighted avg)
  CE Loss   : 0.3844

  📋 Classification Report:
                   precision    recall  f1-score   support
     
              low       1.00      0.99      0.99        69
           medium       0.93      0.96      0.94        53
             high       0.29      0.29      0.29         7
           urgent       0.89      0.86      0.88        37
     
         accuracy                           0.92       166
        macro avg       0.78      0.77      0.77       166
     weighted avg       0.92      0.92      0.92       166
     
  ──────────────────────────────────────────────────
  📊 ENSEMBLE  : Accuracy= 97.0% | Loss=0.2479 | R²=0.9572 | MAE=0.3689
  📊 LIGHTGBM  : Accuracy= 97.0% | Loss=0.2479 | R²=0.9675 | MAE=0.3381
  📊 XGBOOST   : Accuracy= 95.2% | Loss=0.2991 | R²=0.9301 | MAE=0.4124
  📊 LSTM      : Accuracy= 84.3% | Loss=0.6063 | R²=0.6019 | MAE=1.0890
✅ CMP_131SMARTCLASSROOM [smart classroom] +LSTM✓  R²:0.957  MAE:0.37ชม  sMAPE:31.8%  Acc:0.922  F1:0.922  conf:68.2%

🏠 CMP_201ห้องวิจัย
   🧠 [1/3] LSTM (Primary) – CMP_201ห้องวิจัย
      📈 LSTM training history: epochs=40 train_loss=0.9690 val_loss=1.0627 train_acc=0.7199 val_acc=0.6084
         ✅ success
   🌿 [2/3] LightGBM (Support)
   ⚡ [3/3] XGBoost (Support)
    🟢 LightGBM training: TrainLoss=0.3205 CalLoss=0.2931 TrainAcc=0.9391 CalAcc=0.9458
    ⚡ XGBoost training: TrainLoss=0.2816 CalLoss=0.3054 TrainAcc=0.9637 CalAcc=0.9036

  🎯 ENSEMBLE – CMP_201ห้องวิจัย [id=479]

  📊 Classification Metrics – CMP_201ห้องวิจัย [id=479]
  ──────────────────────────────────────────────────
  Accuracy  : 0.9217  (92.2%)
  F1 Score  : 0.9235  (weighted avg)
  Recall    : 0.9217  (weighted avg)
  Precision : 0.9260  (weighted avg)
  CE Loss   : 0.3844

  📋 Classification Report:
                   precision    recall  f1-score   support
     
              low       1.00      0.99      0.99        69
           medium       0.93      0.96      0.94        53
             high       0.25      0.29      0.27         7
           urgent       0.91      0.86      0.89        37
     
         accuracy                           0.92       166
        macro avg       0.77      0.77      0.77       166
     weighted avg       0.93      0.92      0.92       166
     
  ──────────────────────────────────────────────────
  📊 ENSEMBLE  : Accuracy= 96.4% | Loss=0.2649 | R²=0.9567 | MAE=0.3712
  📊 LIGHTGBM  : Accuracy= 97.0% | Loss=0.2479 | R²=0.9675 | MAE=0.3381
  📊 XGBOOST   : Accuracy= 95.2% | Loss=0.2991 | R²=0.9301 | MAE=0.4124
  📊 LSTM      : Accuracy= 84.9% | Loss=0.5892 | R²=0.6227 | MAE=1.0271
✅ CMP_201ห้องวิจัย.. [ห้องวิจัย ] +LSTM✓  R²:0.957  MAE:0.37ชม  sMAPE:31.9%  Acc:0.922  F1:0.923  conf:68.1%

🏠 CMP_211ปฏิบัติการชีวเคมีฯ
   🧠 [1/3] LSTM (Primary) – CMP_211ปฏิบัติการชีวเคมีฯ
      📈 LSTM training history: epochs=40 train_loss=0.9843 val_loss=1.0705 train_acc=0.7090 val_acc=0.5964
         ✅ success
   🌿 [2/3] LightGBM (Support)
   ⚡ [3/3] XGBoost (Support)
    🟢 LightGBM training: TrainLoss=0.3205 CalLoss=0.2931 TrainAcc=0.9391 CalAcc=0.9458
    ⚡ XGBoost training: TrainLoss=0.2816 CalLoss=0.3054 TrainAcc=0.9637 CalAcc=0.9036

  🎯 ENSEMBLE – CMP_211ปฏิบัติการชีวเคมีฯ [id=480]

  📊 Classification Metrics – CMP_211ปฏิบัติการชีวเคมีฯ [id=480]
  ──────────────────────────────────────────────────
  Accuracy  : 0.9337  (93.4%)
  F1 Score  : 0.9354  (weighted avg)
  Recall    : 0.9337  (weighted avg)
  Precision : 0.9377  (weighted avg)
  CE Loss   : 0.3503

  📋 Classification Report:
                   precision    recall  f1-score   support
     
              low       1.00      0.99      0.99        69
           medium       0.93      0.96      0.94        53
             high       0.38      0.43      0.40         7
           urgent       0.94      0.89      0.92        37
     
         accuracy                           0.93       166
        macro avg       0.81      0.82      0.81       166
     weighted avg       0.94      0.93      0.94       166
     
  ──────────────────────────────────────────────────
  📊 ENSEMBLE  : Accuracy= 96.4% | Loss=0.2649 | R²=0.9566 | MAE=0.3705
  📊 LIGHTGBM  : Accuracy= 97.0% | Loss=0.2479 | R²=0.9675 | MAE=0.3381
  📊 XGBOOST   : Accuracy= 95.2% | Loss=0.2991 | R²=0.9301 | MAE=0.4124
  📊 LSTM      : Accuracy= 83.7% | Loss=0.6233 | R²=0.6338 | MAE=1.0052
✅ CMP_211ปฏิบัติการชีวเคมีฯ [ห้องปฏิบัติการ] +LSTM✓  R²:0.957  MAE:0.37ชม  sMAPE:31.8%  Acc:0.934  F1:0.935  conf:68.2%

🏠 CMP_213ปฏิบัติการสรีรวิทยาฯ
   🧠 [1/3] LSTM (Primary) – CMP_213ปฏิบัติการสรีรวิทยาฯ
      📈 LSTM training history: epochs=40 train_loss=0.9571 val_loss=1.0037 train_acc=0.7158 val_acc=0.6386
         ✅ success
   🌿 [2/3] LightGBM (Support)
   ⚡ [3/3] XGBoost (Support)
    🟢 LightGBM training: TrainLoss=0.3205 CalLoss=0.2931 TrainAcc=0.9391 CalAcc=0.9458
    ⚡ XGBoost training: TrainLoss=0.2816 CalLoss=0.3054 TrainAcc=0.9637 CalAcc=0.9036

  🎯 ENSEMBLE – CMP_213ปฏิบัติการสรีรวิทยาฯ [id=481]

  📊 Classification Metrics – CMP_213ปฏิบัติการสรีรวิทยาฯ [id=481]
  ──────────────────────────────────────────────────
  Accuracy  : 0.9277  (92.8%)
  F1 Score  : 0.9277  (weighted avg)
  Recall    : 0.9277  (weighted avg)
  Precision : 0.9281  (weighted avg)
  CE Loss   : 0.3673

  📋 Classification Report:
                   precision    recall  f1-score   support
     
              low       1.00      0.99      0.99        69
           medium       0.93      0.96      0.94        53
             high       0.29      0.29      0.29         7
           urgent       0.92      0.89      0.90        37
     
         accuracy                           0.93       166
        macro avg       0.78      0.78      0.78       166
     weighted avg       0.93      0.93      0.93       166
     
  ──────────────────────────────────────────────────
  📊 ENSEMBLE  : Accuracy= 96.4% | Loss=0.2649 | R²=0.9562 | MAE=0.3723
  📊 LIGHTGBM  : Accuracy= 97.0% | Loss=0.2479 | R²=0.9675 | MAE=0.3381
  📊 XGBOOST   : Accuracy= 95.2% | Loss=0.2991 | R²=0.9301 | MAE=0.4124
  📊 LSTM      : Accuracy= 82.5% | Loss=0.6575 | R²=0.5874 | MAE=1.0719
✅ CMP_213ปฏิบัติการสรีรวิทยาฯ [ห้องปฏิบัติการ] +LSTM✓  R²:0.956  MAE:0.37ชม  sMAPE:32.0%  Acc:0.928  F1:0.928  conf:68.0%

🏠 1C-MEETING
   🧠 [1/3] LSTM (Primary) – 1C-MEETING
      📈 LSTM training history: epochs=40 train_loss=0.3139 val_loss=0.1890 train_acc=0.9092 val_acc=0.9650
         ✅ success
   🌿 [2/3] LightGBM (Support)
   ⚡ [3/3] XGBoost (Support)
    🟢 LightGBM training: TrainLoss=0.0370 CalLoss=0.0163 TrainAcc=0.9955 CalAcc=0.9930
    ⚡ XGBoost training: TrainLoss=0.0303 CalLoss=0.0174 TrainAcc=0.9940 CalAcc=0.9860

  🎯 ENSEMBLE – 1C-MEETING [id=482]

  📊 Classification Metrics – 1C-MEETING [id=482]
  ──────────────────────────────────────────────────
  Accuracy  : 0.9931  (99.3%)
  F1 Score  : 0.9896  (weighted avg)
  Recall    : 0.9931  (weighted avg)
  Precision : 0.9862  (weighted avg)
  CE Loss   : 0.1822

  📋 Classification Report:
                   precision    recall  f1-score   support
     
              low       0.99      1.00      1.00       140
           medium       0.00      0.00      0.00         1
             high       0.00      0.00      0.00         0
           urgent       1.00      1.00      1.00         3
     
         accuracy                           0.99       144
        macro avg       0.50      0.50      0.50       144
     weighted avg       0.99      0.99      0.99       144
     
  ──────────────────────────────────────────────────
  📊 ENSEMBLE  : Accuracy=100.0% | Loss=0.1625 | R²=0.4960 | MAE=0.1600
  📊 LIGHTGBM  : Accuracy=100.0% | Loss=0.1625 | R²=0.9719 | MAE=0.0120
  📊 XGBOOST   : Accuracy=100.0% | Loss=0.1625 | R²=-1.0720 | MAE=0.3179
  📊 LSTM      : Accuracy= 98.6% | Loss=0.2019 | R²=-0.0413 | MAE=0.0940
✅ 1C-MEETING........ [ห้องประชุม] [no LSTM]  R²:0.496  MAE:0.16ชม  sMAPE:31.1%  Acc:0.993  F1:0.990  conf:68.9%

🏠 NTC_313ห้องเรียน
   🧠 [1/3] LSTM (Primary) – NTC_313ห้องเรียน
      📈 LSTM training history: epochs=40 train_loss=0.9489 val_loss=1.1271 train_acc=0.7336 val_acc=0.6506
         ✅ success
   🌿 [2/3] LightGBM (Support)
   ⚡ [3/3] XGBoost (Support)
    🟢 LightGBM training: TrainLoss=0.3205 CalLoss=0.2931 TrainAcc=0.9391 CalAcc=0.9458
    ⚡ XGBoost training: TrainLoss=0.2816 CalLoss=0.3054 TrainAcc=0.9637 CalAcc=0.9036

  🎯 ENSEMBLE – NTC_313ห้องเรียน [id=483]

  📊 Classification Metrics – NTC_313ห้องเรียน [id=483]
  ──────────────────────────────────────────────────
  Accuracy  : 0.9277  (92.8%)
  F1 Score  : 0.9292  (weighted avg)
  Recall    : 0.9277  (weighted avg)
  Precision : 0.9313  (weighted avg)
  CE Loss   : 0.3673

  📋 Classification Report:
                   precision    recall  f1-score   support
     
              low       1.00      0.99      0.99        69
           medium       0.93      0.96      0.94        53
             high       0.38      0.43      0.40         7
           urgent       0.91      0.86      0.89        37
     
         accuracy                           0.93       166
        macro avg       0.80      0.81      0.81       166
     weighted avg       0.93      0.93      0.93       166
     
  ──────────────────────────────────────────────────
  📊 ENSEMBLE  : Accuracy= 95.8% | Loss=0.2820 | R²=0.9567 | MAE=0.3681
  📊 LIGHTGBM  : Accuracy= 97.0% | Loss=0.2479 | R²=0.9675 | MAE=0.3381
  📊 XGBOOST   : Accuracy= 95.2% | Loss=0.2991 | R²=0.9301 | MAE=0.4124
  📊 LSTM      : Accuracy= 81.3% | Loss=0.6916 | R²=0.5622 | MAE=1.0776
✅ NTC_313ห้องเรียน.. [ห้องเรียน ] +LSTM✓  R²:0.957  MAE:0.37ชม  sMAPE:31.8%  Acc:0.928  F1:0.929  conf:68.2%

🏠 NTC_409ห้องเรียน
   🧠 [1/3] LSTM (Primary) – NTC_409ห้องเรียน
      📈 LSTM training history: epochs=40 train_loss=0.9957 val_loss=1.0886 train_acc=0.7090 val_acc=0.6145
         ✅ success
   🌿 [2/3] LightGBM (Support)
   ⚡ [3/3] XGBoost (Support)
    🟢 LightGBM training: TrainLoss=0.3205 CalLoss=0.2931 TrainAcc=0.9391 CalAcc=0.9458
    ⚡ XGBoost training: TrainLoss=0.2816 CalLoss=0.3054 TrainAcc=0.9637 CalAcc=0.9036

  🎯 ENSEMBLE – NTC_409ห้องเรียน [id=484]

  📊 Classification Metrics – NTC_409ห้องเรียน [id=484]
  ──────────────────────────────────────────────────
  Accuracy  : 0.9217  (92.2%)
  F1 Score  : 0.9235  (weighted avg)
  Recall    : 0.9217  (weighted avg)
  Precision : 0.9260  (weighted avg)
  CE Loss   : 0.3844

  📋 Classification Report:
                   precision    recall  f1-score   support
     
              low       1.00      0.99      0.99        69
           medium       0.93      0.96      0.94        53
             high       0.25      0.29      0.27         7
           urgent       0.91      0.86      0.89        37
     
         accuracy                           0.92       166
        macro avg       0.77      0.77      0.77       166
     weighted avg       0.93      0.92      0.92       166
     
  ──────────────────────────────────────────────────
  📊 ENSEMBLE  : Accuracy= 95.8% | Loss=0.2820 | R²=0.9570 | MAE=0.3692
  📊 LIGHTGBM  : Accuracy= 97.0% | Loss=0.2479 | R²=0.9675 | MAE=0.3381
  📊 XGBOOST   : Accuracy= 95.2% | Loss=0.2991 | R²=0.9301 | MAE=0.4124
  📊 LSTM      : Accuracy= 84.3% | Loss=0.6063 | R²=0.5962 | MAE=1.0455
✅ NTC_409ห้องเรียน.. [ห้องเรียน ] +LSTM✓  R²:0.957  MAE:0.37ชม  sMAPE:31.9%  Acc:0.922  F1:0.923  conf:68.1%

🏠 ห้องโถงกิจกรรมชั้น1
   🧠 [1/3] LSTM (Primary) – ห้องโถงกิจกรรมชั้น1
      📈 LSTM training history: epochs=40 train_loss=0.9610 val_loss=0.9794 train_acc=0.7186 val_acc=0.6506
         ✅ success
   🌿 [2/3] LightGBM (Support)
   ⚡ [3/3] XGBoost (Support)
    🟢 LightGBM training: TrainLoss=0.3205 CalLoss=0.2931 TrainAcc=0.9391 CalAcc=0.9458
    ⚡ XGBoost training: TrainLoss=0.2816 CalLoss=0.3054 TrainAcc=0.9637 CalAcc=0.9036

  🎯 ENSEMBLE – ห้องโถงกิจกรรมชั้น1 [id=485]

  📊 Classification Metrics – ห้องโถงกิจกรรมชั้น1 [id=485]
  ──────────────────────────────────────────────────
  Accuracy  : 0.9277  (92.8%)
  F1 Score  : 0.9309  (weighted avg)
  Recall    : 0.9277  (weighted avg)
  Precision : 0.9356  (weighted avg)
  CE Loss   : 0.3673

  📋 Classification Report:
                   precision    recall  f1-score   support
     
              low       1.00      0.99      0.99        69
           medium       0.93      0.96      0.94        53
             high       0.33      0.43      0.38         7
           urgent       0.94      0.86      0.90        37
     
         accuracy                           0.93       166
        macro avg       0.80      0.81      0.80       166
     weighted avg       0.94      0.93      0.93       166
     
  ──────────────────────────────────────────────────
  📊 ENSEMBLE  : Accuracy= 95.8% | Loss=0.2820 | R²=0.9558 | MAE=0.3746
  📊 LIGHTGBM  : Accuracy= 97.0% | Loss=0.2479 | R²=0.9675 | MAE=0.3381
  📊 XGBOOST   : Accuracy= 95.2% | Loss=0.2991 | R²=0.9301 | MAE=0.4124
  📊 LSTM      : Accuracy= 82.5% | Loss=0.6575 | R²=0.5791 | MAE=1.0654
✅ ห้องโถงกิจกรรมชั้น1 [โถง/ห้องกิจกรรม] +LSTM✓  R²:0.956  MAE:0.37ชม  sMAPE:32.1%  Acc:0.928  F1:0.931  conf:67.9%
   🔢 Augment: 1 → 111 วัน (synthetic=110) – ข้อมูลใกล้เคียง

🏠 1C-MEETING
   🧠 [1/3] LSTM (Primary) – 1C-MEETING
      📈 LSTM training history: epochs=40 train_loss=0.1097 val_loss=0.1269 train_acc=0.7027 val_acc=0.7059
         ✅ success
   🌿 [2/3] LightGBM (Support)
   ⚡ [3/3] XGBoost (Support)
    🟢 LightGBM training: TrainLoss=0.0461 CalLoss=0.0682 TrainAcc=0.8182 CalAcc=0.7647
    ⚡ XGBoost training: TrainLoss=0.0289 CalLoss=0.0767 TrainAcc=0.8831 CalAcc=0.7647

  🎯 ENSEMBLE – 1C-MEETING [id=486]

  📊 Classification Metrics – 1C-MEETING [id=486]
  ──────────────────────────────────────────────────
  Accuracy  : 0.7059  (70.6%)
  F1 Score  : 0.7451  (weighted avg)
  Recall    : 0.7059  (weighted avg)
  Precision : 0.8235  (weighted avg)
  CE Loss   : 0.9958

  📋 Classification Report:
                   precision    recall  f1-score   support
     
              low       1.00      0.50      0.67         4
           medium       0.00      0.00      0.00         1
             high       0.00      0.00      0.00         1
           urgent       0.91      0.91      0.91        11
     
         accuracy                           0.71        17
        macro avg       0.48      0.35      0.39        17
     weighted avg       0.82      0.71      0.75        17
     
  ──────────────────────────────────────────────────
  📊 ENSEMBLE  : Accuracy=100.0% | Loss=0.1625 | R²=0.6156 | MAE=0.0760
  📊 LIGHTGBM  : Accuracy=100.0% | Loss=0.1625 | R²=0.6424 | MAE=0.0751
  📊 XGBOOST   : Accuracy=100.0% | Loss=0.1625 | R²=0.5620 | MAE=0.0773
  📊 LSTM      : Accuracy=100.0% | Loss=0.1625 | R²=0.0505 | MAE=0.1179
✅ 1C-MEETING........ [ห้องประชุม] [no LSTM]  R²:0.616  MAE:0.08ชม  sMAPE:7.7%  Acc:0.706  F1:0.745  conf:92.3%

🏠 1C-MEETING
   🧠 [1/3] LSTM (Primary) – 1C-MEETING
      📈 LSTM training history: epochs=40 train_loss=0.3142 val_loss=0.1888 train_acc=0.9091 val_acc=0.9650
         ✅ success
   🌿 [2/3] LightGBM (Support)
   ⚡ [3/3] XGBoost (Support)
    🟢 LightGBM training: TrainLoss=0.0387 CalLoss=0.0229 TrainAcc=0.9940 CalAcc=0.9790
    ⚡ XGBoost training: TrainLoss=0.0303 CalLoss=0.0174 TrainAcc=0.9940 CalAcc=0.9860

  🎯 ENSEMBLE – 1C-MEETING [id=487]

  📊 Classification Metrics – 1C-MEETING [id=487]
  ──────────────────────────────────────────────────
  Accuracy  : 0.9931  (99.3%)
  F1 Score  : 0.9896  (weighted avg)
  Recall    : 0.9931  (weighted avg)
  Precision : 0.9862  (weighted avg)
  CE Loss   : 0.1822

  📋 Classification Report:
                   precision    recall  f1-score   support
     
              low       0.99      1.00      1.00       140
           medium       0.00      0.00      0.00         1
             high       0.00      0.00      0.00         0
           urgent       1.00      1.00      1.00         3
     
         accuracy                           0.99       144
        macro avg       0.50      0.50      0.50       144
     weighted avg       0.99      0.99      0.99       144
     
  ──────────────────────────────────────────────────
  📊 ENSEMBLE  : Accuracy=100.0% | Loss=0.1625 | R²=0.2889 | MAE=0.1895
  📊 LIGHTGBM  : Accuracy= 99.3% | Loss=0.1822 | R²=0.9666 | MAE=0.0209
  📊 XGBOOST   : Accuracy=100.0% | Loss=0.1625 | R²=-1.1292 | MAE=0.3176
  📊 LSTM      : Accuracy= 98.6% | Loss=0.2019 | R²=-0.0366 | MAE=0.0868
✅ 1C-MEETING........ [ห้องประชุม] [no LSTM]  R²:0.289  MAE:0.19ชม  sMAPE:48.5%  Acc:0.993  F1:0.990  conf:51.5%

🏠 CLB4100บันทึกวีดิโอ
   🧠 [1/3] LSTM (Primary) – CLB4100บันทึกวีดิโอ
      📈 LSTM training history: epochs=40 train_loss=1.0043 val_loss=1.0575 train_acc=0.6926 val_acc=0.6566
         ✅ success
   🌿 [2/3] LightGBM (Support)
   ⚡ [3/3] XGBoost (Support)
    🟢 LightGBM training: TrainLoss=0.3205 CalLoss=0.2931 TrainAcc=0.9391 CalAcc=0.9458
    ⚡ XGBoost training: TrainLoss=0.2816 CalLoss=0.3054 TrainAcc=0.9637 CalAcc=0.9036

  🎯 ENSEMBLE – CLB4100บันทึกวีดิโอ [id=488]

  📊 Classification Metrics – CLB4100บันทึกวีดิโอ [id=488]
  ──────────────────────────────────────────────────
  Accuracy  : 0.9217  (92.2%)
  F1 Score  : 0.9235  (weighted avg)
  Recall    : 0.9217  (weighted avg)
  Precision : 0.9260  (weighted avg)
  CE Loss   : 0.3844

  📋 Classification Report:
                   precision    recall  f1-score   support
     
              low       1.00      0.99      0.99        69
           medium       0.93      0.96      0.94        53
             high       0.25      0.29      0.27         7
           urgent       0.91      0.86      0.89        37
     
         accuracy                           0.92       166
        macro avg       0.77      0.77      0.77       166
     weighted avg       0.93      0.92      0.92       166
     
  ──────────────────────────────────────────────────
  📊 ENSEMBLE  : Accuracy= 95.8% | Loss=0.2820 | R²=0.9564 | MAE=0.3728
  📊 LIGHTGBM  : Accuracy= 97.0% | Loss=0.2479 | R²=0.9675 | MAE=0.3381
  📊 XGBOOST   : Accuracy= 95.2% | Loss=0.2991 | R²=0.9301 | MAE=0.4124
  📊 LSTM      : Accuracy= 83.7% | Loss=0.6233 | R²=0.5841 | MAE=1.0881
✅ CLB4100บันทึกวีดิโอ [ห้อง vdo recording] +LSTM✓  R²:0.956  MAE:0.37ชม  sMAPE:32.0%  Acc:0.922  F1:0.923  conf:68.0%
   🔢 Augment: 1 → 111 วัน (synthetic=110) – ข้อมูลใกล้เคียง

🏠 CLB4104LIVEONLINE
   🧠 [1/3] LSTM (Primary) – CLB4104LIVEONLINE
      📈 LSTM training history: epochs=40 train_loss=0.2586 val_loss=0.2512 train_acc=0.7568 val_acc=0.5882
         ✅ success
   🌿 [2/3] LightGBM (Support)
   ⚡ [3/3] XGBoost (Support)
    🟢 LightGBM training: TrainLoss=0.0859 CalLoss=0.1175 TrainAcc=0.8831 CalAcc=0.7059
    ⚡ XGBoost training: TrainLoss=0.0569 CalLoss=0.1453 TrainAcc=0.9740 CalAcc=0.7059

  🎯 ENSEMBLE – CLB4104LIVEONLINE [id=489]

  📊 Classification Metrics – CLB4104LIVEONLINE [id=489]
  ──────────────────────────────────────────────────
  Accuracy  : 0.7647  (76.5%)
  F1 Score  : 0.6835  (weighted avg)
  Recall    : 0.7647  (weighted avg)
  Precision : 0.6471  (weighted avg)
  CE Loss   : 0.8292

  📋 Classification Report:
                   precision    recall  f1-score   support
     
              low       1.00      0.50      0.67         2
           medium       0.00      0.00      0.00         0
             high       0.00      0.00      0.00         3
           urgent       0.75      1.00      0.86        12
     
         accuracy                           0.76        17
        macro avg       0.44      0.38      0.38        17
     weighted avg       0.65      0.76      0.68        17
     
  ──────────────────────────────────────────────────
  📊 ENSEMBLE  : Accuracy=100.0% | Loss=0.1625 | R²=0.4258 | MAE=0.1114
  📊 LIGHTGBM  : Accuracy=100.0% | Loss=0.1625 | R²=0.4550 | MAE=0.1072
  📊 XGBOOST   : Accuracy=100.0% | Loss=0.1625 | R²=0.3158 | MAE=0.1175
  📊 LSTM      : Accuracy=100.0% | Loss=0.1625 | R²=-0.2339 | MAE=0.1554
✅ CLB4104LIVEONLINE. [ห้อง live/self-record] +LSTM✓  R²:0.426  MAE:0.11ชม  sMAPE:5.6%  Acc:0.765  F1:0.683  conf:94.4%

🏠 CLB4201SMARTCLASSROOM
   🧠 [1/3] LSTM (Primary) – CLB4201SMARTCLASSROOM
      📈 LSTM training history: epochs=40 train_loss=0.9811 val_loss=1.0311 train_acc=0.7186 val_acc=0.6145
         ✅ success
   🌿 [2/3] LightGBM (Support)
   ⚡ [3/3] XGBoost (Support)
    🟢 LightGBM training: TrainLoss=0.3205 CalLoss=0.2931 TrainAcc=0.9391 CalAcc=0.9458
    ⚡ XGBoost training: TrainLoss=0.2816 CalLoss=0.3054 TrainAcc=0.9637 CalAcc=0.9036

  🎯 ENSEMBLE – CLB4201SMARTCLASSROOM [id=490]

  📊 Classification Metrics – CLB4201SMARTCLASSROOM [id=490]
  ──────────────────────────────────────────────────
  Accuracy  : 0.9277  (92.8%)
  F1 Score  : 0.9294  (weighted avg)
  Recall    : 0.9277  (weighted avg)
  Precision : 0.9315  (weighted avg)
  CE Loss   : 0.3673

  📋 Classification Report:
                   precision    recall  f1-score   support
     
              low       1.00      1.00      1.00        69
           medium       0.94      0.96      0.95        53
             high       0.25      0.29      0.27         7
           urgent       0.91      0.86      0.89        37
     
         accuracy                           0.93       166
        macro avg       0.78      0.78      0.78       166
     weighted avg       0.93      0.93      0.93       166
     
  ──────────────────────────────────────────────────
  📊 ENSEMBLE  : Accuracy= 95.8% | Loss=0.2820 | R²=0.9563 | MAE=0.3730
  📊 LIGHTGBM  : Accuracy= 97.0% | Loss=0.2479 | R²=0.9675 | MAE=0.3381
  📊 XGBOOST   : Accuracy= 95.2% | Loss=0.2991 | R²=0.9301 | MAE=0.4124
  📊 LSTM      : Accuracy= 83.1% | Loss=0.6404 | R²=0.5501 | MAE=1.1168
✅ CLB4201SMARTCLASSROOM [smart classroom vdo] +LSTM✓  R²:0.956  MAE:0.37ชม  sMAPE:32.0%  Acc:0.928  F1:0.929  conf:68.0%

🏠 CLB4202SMARTCLASSROOM
   🧠 [1/3] LSTM (Primary) – CLB4202SMARTCLASSROOM
      📈 LSTM training history: epochs=40 train_loss=0.9715 val_loss=1.0796 train_acc=0.7199 val_acc=0.6205
         ✅ success
   🌿 [2/3] LightGBM (Support)
   ⚡ [3/3] XGBoost (Support)
    🟢 LightGBM training: TrainLoss=0.3205 CalLoss=0.2931 TrainAcc=0.9391 CalAcc=0.9458
    ⚡ XGBoost training: TrainLoss=0.2816 CalLoss=0.3054 TrainAcc=0.9637 CalAcc=0.9036

  🎯 ENSEMBLE – CLB4202SMARTCLASSROOM [id=491]

  📊 Classification Metrics – CLB4202SMARTCLASSROOM [id=491]
  ──────────────────────────────────────────────────
  Accuracy  : 0.9277  (92.8%)
  F1 Score  : 0.9292  (weighted avg)
  Recall    : 0.9277  (weighted avg)
  Precision : 0.9313  (weighted avg)
  CE Loss   : 0.3673

  📋 Classification Report:
                   precision    recall  f1-score   support
     
              low       1.00      0.99      0.99        69
           medium       0.93      0.96      0.94        53
             high       0.38      0.43      0.40         7
           urgent       0.91      0.86      0.89        37
     
         accuracy                           0.93       166
        macro avg       0.80      0.81      0.81       166
     weighted avg       0.93      0.93      0.93       166
     
  ──────────────────────────────────────────────────
  📊 ENSEMBLE  : Accuracy= 95.8% | Loss=0.2820 | R²=0.9570 | MAE=0.3695
  📊 LIGHTGBM  : Accuracy= 97.0% | Loss=0.2479 | R²=0.9675 | MAE=0.3381
  📊 XGBOOST   : Accuracy= 95.2% | Loss=0.2991 | R²=0.9301 | MAE=0.4124
  📊 LSTM      : Accuracy= 83.1% | Loss=0.6404 | R²=0.6173 | MAE=1.0175
✅ CLB4202SMARTCLASSROOM [smart classroom vdo] +LSTM✓  R²:0.957  MAE:0.37ชม  sMAPE:31.9%  Acc:0.928  F1:0.929  conf:68.1%

🏠 CLB4203SMARTCLASSROOM
   🧠 [1/3] LSTM (Primary) – CLB4203SMARTCLASSROOM
      📈 LSTM training history: epochs=40 train_loss=1.0095 val_loss=1.1026 train_acc=0.7254 val_acc=0.6566
         ✅ success
   🌿 [2/3] LightGBM (Support)
   ⚡ [3/3] XGBoost (Support)
    🟢 LightGBM training: TrainLoss=0.3205 CalLoss=0.2931 TrainAcc=0.9391 CalAcc=0.9458
    ⚡ XGBoost training: TrainLoss=0.2816 CalLoss=0.3054 TrainAcc=0.9637 CalAcc=0.9036

  🎯 ENSEMBLE – CLB4203SMARTCLASSROOM [id=492]

  📊 Classification Metrics – CLB4203SMARTCLASSROOM [id=492]
  ──────────────────────────────────────────────────
  Accuracy  : 0.9277  (92.8%)
  F1 Score  : 0.9293  (weighted avg)
  Recall    : 0.9277  (weighted avg)
  Precision : 0.9311  (weighted avg)
  CE Loss   : 0.3673

  📋 Classification Report:
                   precision    recall  f1-score   support
     
              low       1.00      0.99      0.99        69
           medium       0.94      0.96      0.95        53
             high       0.38      0.43      0.40         7
           urgent       0.89      0.86      0.88        37
     
         accuracy                           0.93       166
        macro avg       0.80      0.81      0.81       166
     weighted avg       0.93      0.93      0.93       166
     
  ──────────────────────────────────────────────────
  📊 ENSEMBLE  : Accuracy= 96.4% | Loss=0.2649 | R²=0.9566 | MAE=0.3701
  📊 LIGHTGBM  : Accuracy= 97.0% | Loss=0.2479 | R²=0.9675 | MAE=0.3381
  📊 XGBOOST   : Accuracy= 95.2% | Loss=0.2991 | R²=0.9301 | MAE=0.4124
  📊 LSTM      : Accuracy= 83.7% | Loss=0.6233 | R²=0.5977 | MAE=1.0730
✅ CLB4203SMARTCLASSROOM [smart classroom vdo] +LSTM✓  R²:0.957  MAE:0.37ชม  sMAPE:31.9%  Acc:0.928  F1:0.929  conf:68.1%

🏠 OARทองกวาวVDOSTUDIO
   🧠 [1/3] LSTM (Primary) – OARทองกวาวVDOSTUDIO
      📈 LSTM training history: epochs=40 train_loss=0.9771 val_loss=1.0053 train_acc=0.7268 val_acc=0.6506
         ✅ success
   🌿 [2/3] LightGBM (Support)
   ⚡ [3/3] XGBoost (Support)
    🟢 LightGBM training: TrainLoss=0.3205 CalLoss=0.2931 TrainAcc=0.9391 CalAcc=0.9458
    ⚡ XGBoost training: TrainLoss=0.2816 CalLoss=0.3054 TrainAcc=0.9637 CalAcc=0.9036

  🎯 ENSEMBLE – OARทองกวาวVDOSTUDIO [id=493]

  📊 Classification Metrics – OARทองกวาวVDOSTUDIO [id=493]
  ──────────────────────────────────────────────────
  Accuracy  : 0.9277  (92.8%)
  F1 Score  : 0.9294  (weighted avg)
  Recall    : 0.9277  (weighted avg)
  Precision : 0.9315  (weighted avg)
  CE Loss   : 0.3673

  📋 Classification Report:
                   precision    recall  f1-score   support
     
              low       1.00      1.00      1.00        69
           medium       0.94      0.96      0.95        53
             high       0.25      0.29      0.27         7
           urgent       0.91      0.86      0.89        37
     
         accuracy                           0.93       166
        macro avg       0.78      0.78      0.78       166
     weighted avg       0.93      0.93      0.93       166
     
  ──────────────────────────────────────────────────
  📊 ENSEMBLE  : Accuracy= 95.8% | Loss=0.2820 | R²=0.9566 | MAE=0.3715
  📊 LIGHTGBM  : Accuracy= 97.0% | Loss=0.2479 | R²=0.9675 | MAE=0.3381
  📊 XGBOOST   : Accuracy= 95.2% | Loss=0.2991 | R²=0.9301 | MAE=0.4124
  📊 LSTM      : Accuracy= 83.1% | Loss=0.6404 | R²=0.5913 | MAE=1.0651
✅ OARทองกวาวVDOSTUDIO [vdo studio] +LSTM✓  R²:0.957  MAE:0.37ชม  sMAPE:32.0%  Acc:0.928  F1:0.929  conf:68.0%

🏠 OARยางนาOBSSTUDIO
   🧠 [1/3] LSTM (Primary) – OARยางนาOBSSTUDIO
      📈 LSTM training history: epochs=40 train_loss=0.9921 val_loss=1.0297 train_acc=0.7117 val_acc=0.6386
         ✅ success
   🌿 [2/3] LightGBM (Support)
   ⚡ [3/3] XGBoost (Support)
    🟢 LightGBM training: TrainLoss=0.3205 CalLoss=0.2931 TrainAcc=0.9391 CalAcc=0.9458
    ⚡ XGBoost training: TrainLoss=0.2816 CalLoss=0.3054 TrainAcc=0.9637 CalAcc=0.9036

  🎯 ENSEMBLE – OARยางนาOBSSTUDIO [id=494]

  📊 Classification Metrics – OARยางนาOBSSTUDIO [id=494]
  ──────────────────────────────────────────────────
  Accuracy  : 0.9217  (92.2%)
  F1 Score  : 0.9235  (weighted avg)
  Recall    : 0.9217  (weighted avg)
  Precision : 0.9260  (weighted avg)
  CE Loss   : 0.3844

  📋 Classification Report:
                   precision    recall  f1-score   support
     
              low       1.00      0.99      0.99        69
           medium       0.93      0.96      0.94        53
             high       0.25      0.29      0.27         7
           urgent       0.91      0.86      0.89        37
     
         accuracy                           0.92       166
        macro avg       0.77      0.77      0.77       166
     weighted avg       0.93      0.92      0.92       166
     
  ──────────────────────────────────────────────────
  📊 ENSEMBLE  : Accuracy= 96.4% | Loss=0.2649 | R²=0.9562 | MAE=0.3725
  📊 LIGHTGBM  : Accuracy= 97.0% | Loss=0.2479 | R²=0.9675 | MAE=0.3381
  📊 XGBOOST   : Accuracy= 95.2% | Loss=0.2991 | R²=0.9301 | MAE=0.4124
  📊 LSTM      : Accuracy= 83.7% | Loss=0.6233 | R²=0.6034 | MAE=1.0634
✅ OARยางนาOBSSTUDIO. [obs studio] +LSTM✓  R²:0.956  MAE:0.37ชม  sMAPE:31.9%  Acc:0.922  F1:0.923  conf:68.1%

🏠 บัวบา1
   🧠 [1/3] LSTM (Primary) – บัวบา1
      📈 LSTM training history: epochs=40 train_loss=0.9801 val_loss=1.0291 train_acc=0.7131 val_acc=0.6687
         ✅ success
   🌿 [2/3] LightGBM (Support)
   ⚡ [3/3] XGBoost (Support)
    🟢 LightGBM training: TrainLoss=0.3205 CalLoss=0.2931 TrainAcc=0.9391 CalAcc=0.9458
    ⚡ XGBoost training: TrainLoss=0.2816 CalLoss=0.3054 TrainAcc=0.9637 CalAcc=0.9036

  🎯 ENSEMBLE – บัวบา1 [id=495]

  📊 Classification Metrics – บัวบา1 [id=495]
  ──────────────────────────────────────────────────
  Accuracy  : 0.9217  (92.2%)
  F1 Score  : 0.9235  (weighted avg)
  Recall    : 0.9217  (weighted avg)
  Precision : 0.9260  (weighted avg)
  CE Loss   : 0.3844

  📋 Classification Report:
                   precision    recall  f1-score   support
     
              low       1.00      0.99      0.99        69
           medium       0.93      0.96      0.94        53
             high       0.25      0.29      0.27         7
           urgent       0.91      0.86      0.89        37
     
         accuracy                           0.92       166
        macro avg       0.77      0.77      0.77       166
     weighted avg       0.93      0.92      0.92       166
     
  ──────────────────────────────────────────────────
  📊 ENSEMBLE  : Accuracy= 95.8% | Loss=0.2820 | R²=0.9563 | MAE=0.3728
  📊 LIGHTGBM  : Accuracy= 97.0% | Loss=0.2479 | R²=0.9675 | MAE=0.3381
  📊 XGBOOST   : Accuracy= 95.2% | Loss=0.2991 | R²=0.9301 | MAE=0.4124
  📊 LSTM      : Accuracy= 83.1% | Loss=0.6404 | R²=0.5626 | MAE=1.0762
✅ บัวบา1............ [ห้องกลุ่มย่อย] +LSTM✓  R²:0.956  MAE:0.37ชม  sMAPE:32.0%  Acc:0.922  F1:0.923  conf:68.0%

🏠 บัวบา2
   🧠 [1/3] LSTM (Primary) – บัวบา2
      📈 LSTM training history: epochs=40 train_loss=0.9424 val_loss=1.0686 train_acc=0.7336 val_acc=0.6325
         ✅ success
   🌿 [2/3] LightGBM (Support)
   ⚡ [3/3] XGBoost (Support)
    🟢 LightGBM training: TrainLoss=0.3205 CalLoss=0.2931 TrainAcc=0.9391 CalAcc=0.9458
    ⚡ XGBoost training: TrainLoss=0.2816 CalLoss=0.3054 TrainAcc=0.9637 CalAcc=0.9036

  🎯 ENSEMBLE – บัวบา2 [id=496]

  📊 Classification Metrics – บัวบา2 [id=496]
  ──────────────────────────────────────────────────
  Accuracy  : 0.9277  (92.8%)
  F1 Score  : 0.9309  (weighted avg)
  Recall    : 0.9277  (weighted avg)
  Precision : 0.9356  (weighted avg)
  CE Loss   : 0.3673

  📋 Classification Report:
                   precision    recall  f1-score   support
     
              low       1.00      0.99      0.99        69
           medium       0.93      0.96      0.94        53
             high       0.33      0.43      0.38         7
           urgent       0.94      0.86      0.90        37
     
         accuracy                           0.93       166
        macro avg       0.80      0.81      0.80       166
     weighted avg       0.94      0.93      0.93       166
     
  ──────────────────────────────────────────────────
  📊 ENSEMBLE  : Accuracy= 95.8% | Loss=0.2820 | R²=0.9566 | MAE=0.3710
  📊 LIGHTGBM  : Accuracy= 97.0% | Loss=0.2479 | R²=0.9675 | MAE=0.3381
  📊 XGBOOST   : Accuracy= 95.2% | Loss=0.2991 | R²=0.9301 | MAE=0.4124
  📊 LSTM      : Accuracy= 82.5% | Loss=0.6575 | R²=0.6101 | MAE=1.0389
✅ บัวบา2............ [ห้องกลุ่มย่อย] +LSTM✓  R²:0.957  MAE:0.37ชม  sMAPE:31.9%  Acc:0.928  F1:0.931  conf:68.1%

🏠 บัวบา4
   🧠 [1/3] LSTM (Primary) – บัวบา4
      📈 LSTM training history: epochs=40 train_loss=1.0468 val_loss=1.1369 train_acc=0.7158 val_acc=0.6205
         ✅ success
   🌿 [2/3] LightGBM (Support)
   ⚡ [3/3] XGBoost (Support)
    🟢 LightGBM training: TrainLoss=0.3205 CalLoss=0.2931 TrainAcc=0.9391 CalAcc=0.9458
    ⚡ XGBoost training: TrainLoss=0.2816 CalLoss=0.3054 TrainAcc=0.9637 CalAcc=0.9036

  🎯 ENSEMBLE – บัวบา4 [id=497]

  📊 Classification Metrics – บัวบา4 [id=497]
  ──────────────────────────────────────────────────
  Accuracy  : 0.9277  (92.8%)
  F1 Score  : 0.9259  (weighted avg)
  Recall    : 0.9277  (weighted avg)
  Precision : 0.9246  (weighted avg)
  CE Loss   : 0.3673

  📋 Classification Report:
                   precision    recall  f1-score   support
     
              low       1.00      0.99      0.99        69
           medium       0.93      0.96      0.94        53
             high       0.33      0.29      0.31         7
           urgent       0.89      0.89      0.89        37
     
         accuracy                           0.93       166
        macro avg       0.79      0.78      0.78       166
     weighted avg       0.92      0.93      0.93       166
     
  ──────────────────────────────────────────────────
  📊 ENSEMBLE  : Accuracy= 95.8% | Loss=0.2820 | R²=0.9565 | MAE=0.3715
  📊 LIGHTGBM  : Accuracy= 97.0% | Loss=0.2479 | R²=0.9675 | MAE=0.3381
  📊 XGBOOST   : Accuracy= 95.2% | Loss=0.2991 | R²=0.9301 | MAE=0.4124
  📊 LSTM      : Accuracy= 81.3% | Loss=0.6916 | R²=0.5980 | MAE=1.1324
✅ บัวบา4............ [ห้องกลุ่มย่อย] +LSTM✓  R²:0.956  MAE:0.37ชม  sMAPE:31.8%  Acc:0.928  F1:0.926  conf:68.2%

🏠 บัวบา6
   🧠 [1/3] LSTM (Primary) – บัวบา6
      📈 LSTM training history: epochs=40 train_loss=0.9671 val_loss=1.0295 train_acc=0.7254 val_acc=0.6145
         ✅ success
   🌿 [2/3] LightGBM (Support)
   ⚡ [3/3] XGBoost (Support)
    🟢 LightGBM training: TrainLoss=0.3205 CalLoss=0.2931 TrainAcc=0.9391 CalAcc=0.9458
    ⚡ XGBoost training: TrainLoss=0.2816 CalLoss=0.3054 TrainAcc=0.9637 CalAcc=0.9036

  🎯 ENSEMBLE – บัวบา6 [id=498]

  📊 Classification Metrics – บัวบา6 [id=498]
  ──────────────────────────────────────────────────
  Accuracy  : 0.9277  (92.8%)
  F1 Score  : 0.9294  (weighted avg)
  Recall    : 0.9277  (weighted avg)
  Precision : 0.9315  (weighted avg)
  CE Loss   : 0.3673

  📋 Classification Report:
                   precision    recall  f1-score   support
     
              low       1.00      1.00      1.00        69
           medium       0.94      0.96      0.95        53
             high       0.25      0.29      0.27         7
           urgent       0.91      0.86      0.89        37
     
         accuracy                           0.93       166
        macro avg       0.78      0.78      0.78       166
     weighted avg       0.93      0.93      0.93       166
     
  ──────────────────────────────────────────────────
  📊 ENSEMBLE  : Accuracy= 95.8% | Loss=0.2820 | R²=0.9560 | MAE=0.3744
  📊 LIGHTGBM  : Accuracy= 97.0% | Loss=0.2479 | R²=0.9675 | MAE=0.3381
  📊 XGBOOST   : Accuracy= 95.2% | Loss=0.2991 | R²=0.9301 | MAE=0.4124
  📊 LSTM      : Accuracy= 84.3% | Loss=0.6063 | R²=0.6047 | MAE=1.0806
✅ บัวบา6............ [ห้องกลุ่มย่อย] +LSTM✓  R²:0.956  MAE:0.37ชม  sMAPE:31.9%  Acc:0.928  F1:0.929  conf:68.1%

🏠 บัวบา7
   🧠 [1/3] LSTM (Primary) – บัวบา7
      📈 LSTM training history: epochs=40 train_loss=0.9749 val_loss=1.0340 train_acc=0.7240 val_acc=0.6446
         ✅ success
   🌿 [2/3] LightGBM (Support)
   ⚡ [3/3] XGBoost (Support)
    🟢 LightGBM training: TrainLoss=0.3205 CalLoss=0.2931 TrainAcc=0.9391 CalAcc=0.9458
    ⚡ XGBoost training: TrainLoss=0.2816 CalLoss=0.3054 TrainAcc=0.9637 CalAcc=0.9036

  🎯 ENSEMBLE – บัวบา7 [id=499]

  📊 Classification Metrics – บัวบา7 [id=499]
  ──────────────────────────────────────────────────
  Accuracy  : 0.9277  (92.8%)
  F1 Score  : 0.9323  (weighted avg)
  Recall    : 0.9277  (weighted avg)
  Precision : 0.9392  (weighted avg)
  CE Loss   : 0.3673

  📋 Classification Report:
                   precision    recall  f1-score   support
     
              low       1.00      1.00      1.00        69
           medium       0.94      0.96      0.95        53
             high       0.30      0.43      0.35         7
           urgent       0.94      0.84      0.89        37
     
         accuracy                           0.93       166
        macro avg       0.80      0.81      0.80       166
     weighted avg       0.94      0.93      0.93       166
     
  ──────────────────────────────────────────────────
  📊 ENSEMBLE  : Accuracy= 95.8% | Loss=0.2820 | R²=0.9559 | MAE=0.3736
  📊 LIGHTGBM  : Accuracy= 97.0% | Loss=0.2479 | R²=0.9675 | MAE=0.3381
  📊 XGBOOST   : Accuracy= 95.2% | Loss=0.2991 | R²=0.9301 | MAE=0.4124
  📊 LSTM      : Accuracy= 82.5% | Loss=0.6575 | R²=0.5684 | MAE=1.0784
✅ บัวบา7............ [ห้องกลุ่มย่อย] +LSTM✓  R²:0.956  MAE:0.37ชม  sMAPE:32.0%  Acc:0.928  F1:0.932  conf:68.0%

🏠 บัวบา9
   🧠 [1/3] LSTM (Primary) – บัวบา9
      📈 LSTM training history: epochs=40 train_loss=0.9519 val_loss=0.9485 train_acc=0.7199 val_acc=0.6988
         ✅ success
   🌿 [2/3] LightGBM (Support)
   ⚡ [3/3] XGBoost (Support)
    🟢 LightGBM training: TrainLoss=0.3205 CalLoss=0.2931 TrainAcc=0.9391 CalAcc=0.9458
    ⚡ XGBoost training: TrainLoss=0.2816 CalLoss=0.3054 TrainAcc=0.9637 CalAcc=0.9036

  🎯 ENSEMBLE – บัวบา9 [id=500]

  📊 Classification Metrics – บัวบา9 [id=500]
  ──────────────────────────────────────────────────
  Accuracy  : 0.9277  (92.8%)
  F1 Score  : 0.9323  (weighted avg)
  Recall    : 0.9277  (weighted avg)
  Precision : 0.9392  (weighted avg)
  CE Loss   : 0.3673

  📋 Classification Report:
                   precision    recall  f1-score   support
     
              low       1.00      1.00      1.00        69
           medium       0.94      0.96      0.95        53
             high       0.30      0.43      0.35         7
           urgent       0.94      0.84      0.89        37
     
         accuracy                           0.93       166
        macro avg       0.80      0.81      0.80       166
     weighted avg       0.94      0.93      0.93       166
     
  ──────────────────────────────────────────────────
  📊 ENSEMBLE  : Accuracy= 96.4% | Loss=0.2649 | R²=0.9555 | MAE=0.3763
  📊 LIGHTGBM  : Accuracy= 97.0% | Loss=0.2479 | R²=0.9675 | MAE=0.3381
  📊 XGBOOST   : Accuracy= 95.2% | Loss=0.2991 | R²=0.9301 | MAE=0.4124
  📊 LSTM      : Accuracy= 83.1% | Loss=0.6404 | R²=0.5842 | MAE=1.0598
✅ บัวบา9............ [ห้องกลุ่มย่อย] +LSTM✓  R²:0.956  MAE:0.38ชม  sMAPE:32.1%  Acc:0.928  F1:0.932  conf:67.9%

🏠 ห้องบัวหลวง
   🧠 [1/3] LSTM (Primary) – ห้องบัวหลวง
      📈 LSTM training history: epochs=40 train_loss=0.3137 val_loss=0.1888 train_acc=0.9092 val_acc=0.9650
         ✅ success
   🌿 [2/3] LightGBM (Support)
   ⚡ [3/3] XGBoost (Support)
    🟢 LightGBM training: TrainLoss=0.0370 CalLoss=0.0163 TrainAcc=0.9955 CalAcc=0.9930
    ⚡ XGBoost training: TrainLoss=0.0303 CalLoss=0.0174 TrainAcc=0.9940 CalAcc=0.9860

  🎯 ENSEMBLE – ห้องบัวหลวง [id=501]

  📊 Classification Metrics – ห้องบัวหลวง [id=501]
  ──────────────────────────────────────────────────
  Accuracy  : 0.9931  (99.3%)
  F1 Score  : 0.9896  (weighted avg)
  Recall    : 0.9931  (weighted avg)
  Precision : 0.9862  (weighted avg)
  CE Loss   : 0.1822

  📋 Classification Report:
                   precision    recall  f1-score   support
     
              low       0.99      1.00      1.00       140
           medium       0.00      0.00      0.00         1
             high       0.00      0.00      0.00         0
           urgent       1.00      1.00      1.00         3
     
         accuracy                           0.99       144
        macro avg       0.50      0.50      0.50       144
     weighted avg       0.99      0.99      0.99       144
     
  ──────────────────────────────────────────────────
  📊 ENSEMBLE  : Accuracy=100.0% | Loss=0.1625 | R²=0.4960 | MAE=0.1600
  📊 LIGHTGBM  : Accuracy=100.0% | Loss=0.1625 | R²=0.9719 | MAE=0.0120
  📊 XGBOOST   : Accuracy=100.0% | Loss=0.1625 | R²=-1.0720 | MAE=0.3179
  📊 LSTM      : Accuracy= 98.6% | Loss=0.2019 | R²=-0.0415 | MAE=0.0938
✅ ห้องบัวหลวง....... [ห้องประชุม] [no LSTM]  R²:0.496  MAE:0.16ชม  sMAPE:31.1%  Acc:0.993  F1:0.990  conf:68.9%

🏠 ห้องESANZONE
   🧠 [1/3] LSTM (Primary) – ห้องESANZONE
      📈 LSTM training history: epochs=40 train_loss=0.9913 val_loss=1.1179 train_acc=0.7145 val_acc=0.6145
         ✅ success
   🌿 [2/3] LightGBM (Support)
   ⚡ [3/3] XGBoost (Support)
    🟢 LightGBM training: TrainLoss=0.3205 CalLoss=0.2931 TrainAcc=0.9391 CalAcc=0.9458
    ⚡ XGBoost training: TrainLoss=0.2816 CalLoss=0.3054 TrainAcc=0.9637 CalAcc=0.9036

  🎯 ENSEMBLE – ห้องESANZONE [id=502]

  📊 Classification Metrics – ห้องESANZONE [id=502]
  ──────────────────────────────────────────────────
  Accuracy  : 0.9277  (92.8%)
  F1 Score  : 0.9259  (weighted avg)
  Recall    : 0.9277  (weighted avg)
  Precision : 0.9246  (weighted avg)
  CE Loss   : 0.3673

  📋 Classification Report:
                   precision    recall  f1-score   support
     
              low       1.00      0.99      0.99        69
           medium       0.93      0.96      0.94        53
             high       0.33      0.29      0.31         7
           urgent       0.89      0.89      0.89        37
     
         accuracy                           0.93       166
        macro avg       0.79      0.78      0.78       166
     weighted avg       0.92      0.93      0.93       166
     
  ──────────────────────────────────────────────────
  📊 ENSEMBLE  : Accuracy= 95.8% | Loss=0.2820 | R²=0.9569 | MAE=0.3692
  📊 LIGHTGBM  : Accuracy= 97.0% | Loss=0.2479 | R²=0.9675 | MAE=0.3381
  📊 XGBOOST   : Accuracy= 95.2% | Loss=0.2991 | R²=0.9301 | MAE=0.4124
  📊 LSTM      : Accuracy= 83.1% | Loss=0.6404 | R²=0.5697 | MAE=1.0727
✅ ห้องESANZONE...... [ห้องกิจกรรม] +LSTM✓  R²:0.957  MAE:0.37ชม  sMAPE:31.9%  Acc:0.928  F1:0.926  conf:68.1%

🏠 LOCKARD
   🧠 [1/3] LSTM (Primary) – LOCKARD
      📈 LSTM training history: epochs=40 train_loss=0.9619 val_loss=1.0744 train_acc=0.7172 val_acc=0.5783
         ✅ success
   🌿 [2/3] LightGBM (Support)
   ⚡ [3/3] XGBoost (Support)
    🟢 LightGBM training: TrainLoss=0.3205 CalLoss=0.2931 TrainAcc=0.9391 CalAcc=0.9458
    ⚡ XGBoost training: TrainLoss=0.2816 CalLoss=0.3054 TrainAcc=0.9637 CalAcc=0.9036

  🎯 ENSEMBLE – LOCKARD [id=503]

  📊 Classification Metrics – LOCKARD [id=503]
  ──────────────────────────────────────────────────
  Accuracy  : 0.9277  (92.8%)
  F1 Score  : 0.9277  (weighted avg)
  Recall    : 0.9277  (weighted avg)
  Precision : 0.9281  (weighted avg)
  CE Loss   : 0.3673

  📋 Classification Report:
                   precision    recall  f1-score   support
     
              low       1.00      0.99      0.99        69
           medium       0.93      0.96      0.94        53
             high       0.29      0.29      0.29         7
           urgent       0.92      0.89      0.90        37
     
         accuracy                           0.93       166
        macro avg       0.78      0.78      0.78       166
     weighted avg       0.93      0.93      0.93       166
     
  ──────────────────────────────────────────────────
  📊 ENSEMBLE  : Accuracy= 96.4% | Loss=0.2649 | R²=0.9564 | MAE=0.3727
  📊 LIGHTGBM  : Accuracy= 97.0% | Loss=0.2479 | R²=0.9675 | MAE=0.3381
  📊 XGBOOST   : Accuracy= 95.2% | Loss=0.2991 | R²=0.9301 | MAE=0.4124
  📊 LSTM      : Accuracy= 82.5% | Loss=0.6575 | R²=0.6101 | MAE=1.0750
✅ LOCKARD........... [ห้องเรียน ] +LSTM✓  R²:0.956  MAE:0.37ชม  sMAPE:31.9%  Acc:0.928  F1:0.928  conf:68.1%

🏠 ห้องยางนา
   🧠 [1/3] LSTM (Primary) – ห้องยางนา
      📈 LSTM training history: epochs=40 train_loss=0.3137 val_loss=0.1888 train_acc=0.9092 val_acc=0.9650
         ✅ success
   🌿 [2/3] LightGBM (Support)
   ⚡ [3/3] XGBoost (Support)
    🟢 LightGBM training: TrainLoss=0.0370 CalLoss=0.0163 TrainAcc=0.9955 CalAcc=0.9930
    ⚡ XGBoost training: TrainLoss=0.0303 CalLoss=0.0174 TrainAcc=0.9940 CalAcc=0.9860

  🎯 ENSEMBLE – ห้องยางนา [id=504]

  📊 Classification Metrics – ห้องยางนา [id=504]
  ──────────────────────────────────────────────────
  Accuracy  : 0.9931  (99.3%)
  F1 Score  : 0.9896  (weighted avg)
  Recall    : 0.9931  (weighted avg)
  Precision : 0.9862  (weighted avg)
  CE Loss   : 0.1822

  📋 Classification Report:
                   precision    recall  f1-score   support
     
              low       0.99      1.00      1.00       140
           medium       0.00      0.00      0.00         1
             high       0.00      0.00      0.00         0
           urgent       1.00      1.00      1.00         3
     
         accuracy                           0.99       144
        macro avg       0.50      0.50      0.50       144
     weighted avg       0.99      0.99      0.99       144
     
  ──────────────────────────────────────────────────
  📊 ENSEMBLE  : Accuracy=100.0% | Loss=0.1625 | R²=0.4960 | MAE=0.1600
  📊 LIGHTGBM  : Accuracy=100.0% | Loss=0.1625 | R²=0.9719 | MAE=0.0120
  📊 XGBOOST   : Accuracy=100.0% | Loss=0.1625 | R²=-1.0720 | MAE=0.3179
  📊 LSTM      : Accuracy= 98.6% | Loss=0.2019 | R²=-0.0415 | MAE=0.0938
✅ ห้องยางนา......... [ห้องประชุม] [no LSTM]  R²:0.496  MAE:0.16ชม  sMAPE:31.1%  Acc:0.993  F1:0.990  conf:68.9%

🏠 3C16-17
   🧠 [1/3] LSTM (Primary) – 3C16-17
      📈 LSTM training history: epochs=40 train_loss=1.4483 val_loss=2.5615 train_acc=0.7075 val_acc=0.5215
         ✅ success
   🌿 [2/3] LightGBM (Support)
   ⚡ [3/3] XGBoost (Support)
    🟢 LightGBM training: TrainLoss=0.4966 CalLoss=0.5981 TrainAcc=0.9789 CalAcc=0.8957
    ⚡ XGBoost training: TrainLoss=0.4692 CalLoss=0.6960 TrainAcc=0.9842 CalAcc=0.8528

  🎯 ENSEMBLE – 3C16-17 [id=505]

  📊 Classification Metrics – 3C16-17 [id=505]
  ──────────────────────────────────────────────────
  Accuracy  : 0.9816  (98.2%)
  F1 Score  : 0.9906  (weighted avg)
  Recall    : 0.9816  (weighted avg)
  Precision : 1.0000  (weighted avg)
  CE Loss   : 0.2147

  📋 Classification Report:
                   precision    recall  f1-score   support
     
              low       1.00      1.00      1.00        63
           medium       1.00      1.00      1.00         8
             high       0.00      0.00      0.00         0
           urgent       1.00      0.97      0.98        92
     
         accuracy                           0.98       163
        macro avg       0.75      0.74      0.75       163
     weighted avg       1.00      0.98      0.99       163
     
  ──────────────────────────────────────────────────
  📊 ENSEMBLE  : Accuracy=100.0% | Loss=0.1625 | R²=0.9817 | MAE=0.5412
  📊 LIGHTGBM  : Accuracy=100.0% | Loss=0.1625 | R²=0.9819 | MAE=0.5427
  📊 XGBOOST   : Accuracy=100.0% | Loss=0.1625 | R²=0.9799 | MAE=0.5564
  📊 LSTM      : Accuracy= 94.5% | Loss=0.3190 | R²=0.7818 | MAE=1.3287
✅ 3C16-17........... [ห้องปฏิบัติการคอมพิวเตอร์] +LSTM✓  R²:0.982  MAE:0.54ชม  sMAPE:38.9%  Acc:0.982  F1:0.991  conf:61.1%

🏠 4C05
   🧠 [1/3] LSTM (Primary) – 4C05
      📈 LSTM training history: epochs=40 train_loss=0.9208 val_loss=1.0245 train_acc=0.7890 val_acc=0.7683
         ✅ success
   🌿 [2/3] LightGBM (Support)
   ⚡ [3/3] XGBoost (Support)
    🟢 LightGBM training: TrainLoss=0.1350 CalLoss=0.1904 TrainAcc=0.9542 CalAcc=0.9268
    ⚡ XGBoost training: TrainLoss=0.1243 CalLoss=0.1878 TrainAcc=0.9556 CalAcc=0.9451

  🎯 ENSEMBLE – 4C05 [id=506]

  📊 Classification Metrics – 4C05 [id=506]
  ──────────────────────────────────────────────────
  Accuracy  : 0.9634  (96.3%)
  F1 Score  : 0.9601  (weighted avg)
  Recall    : 0.9634  (weighted avg)
  Precision : 0.9632  (weighted avg)
  CE Loss   : 0.2662

  📋 Classification Report:
                   precision    recall  f1-score   support
     
              low       0.98      1.00      0.99       129
           medium       0.90      0.86      0.88        22
             high       1.00      0.33      0.50         3
           urgent       0.90      0.90      0.90        10
     
         accuracy                           0.96       164
        macro avg       0.95      0.77      0.82       164
     weighted avg       0.96      0.96      0.96       164
     
  ──────────────────────────────────────────────────
  📊 ENSEMBLE  : Accuracy= 97.6% | Loss=0.2316 | R²=0.9653 | MAE=0.1095
  📊 LIGHTGBM  : Accuracy= 98.2% | Loss=0.2143 | R²=0.9642 | MAE=0.1149
  📊 XGBOOST   : Accuracy= 98.2% | Loss=0.2143 | R²=0.9637 | MAE=0.1099
  📊 LSTM      : Accuracy= 92.1% | Loss=0.3871 | R²=-0.3017 | MAE=0.8477
✅ 4C05.............. [ห้องปฏิบัติการคอมพิวเตอร์] [no LSTM]  R²:0.965  MAE:0.11ชม  sMAPE:26.9%  Acc:0.963  F1:0.960  conf:73.1%

📊 ── สรุปผลการเทรนทั้งหมด ──
   LSTM (Primary)  : 58/69 ห้อง
Room                 Type          LSTM     R²     MAE   sMAPE    Acc     F1    Loss   Conf
----------------------------------------------------------------------------------------------------
  ห้องกันเกรา        ประชุม/จัดเลี้ยง/นิทรรศการ     ✓  0.956   0.37ชม   32.0%  0.934  0.937  0.3503  68.0%
  ห้องประดู่1–6      ประชุม/จัดกิจกรรม     ✓  0.957   0.37ชม   31.9%  0.922  0.922  0.3844  68.1%
  ห้องพวงพยอม        ประชุม           ✓  0.956   0.37ชม   31.9%  0.928  0.931  0.3673  68.1%
  ห้องชัยพฤกษ์       ประชุม/จัดเลี้ยง/นิทรรศการ     ✓  0.956   0.38ชม   32.0%  0.928  0.931  0.3673  68.0%
  1C-MEETING         ห้องประชุม       ✗  0.496   0.16ชม   31.1%  0.993  0.990  0.1822  68.9%
  2C05-06            ห้องปฏิบัติการคอมพิวเตอร์     ✗  0.967   0.53ชม   40.1%  0.896  0.891  0.4562  59.9%
  2C07               ห้องปฏิบัติการ imac     ✓  0.956   0.37ชม   31.9%  0.928  0.931  0.3673  68.1%
  2C09               ห้องปฏิบัติการคอมพิวเตอร์     ✓  0.966   0.19ชม   41.7%  0.945  0.932  0.3180  58.3%
  2C10-11            ห้องปฏิบัติการคอมพิวเตอร์     ✓  0.949   0.53ชม   41.4%  0.915  0.912  0.4044  58.6%
  2C16-17            ห้องปฏิบัติการคอมพิวเตอร์     ✓  0.958   0.53ชม   53.7%  0.848  0.835  0.5944  46.3%
  3C05-06            ห้องปฏิบัติการคอมพิวเตอร์     ✓  0.934   0.74ชม   42.1%  0.890  0.880  0.4754  57.9%
  3C10-11(SMARTCLASSROOM) smart classroom     ✓  0.957   0.37ชม   31.9%  0.934  0.934  0.3503  68.1%
  3C12               ห้องประชุม/สัมมนา     ✓  0.957   0.37ชม   31.9%  0.916  0.922  0.4015  68.1%
  3C15-16            ห้องปฏิบัติการคอมพิวเตอร์     ✓  0.962   0.39ชม   32.9%  0.898  0.898  0.4527  67.1%
  4C05(VDOCONFERENCE) ห้องประชุม/vdo conference     ✓  0.957   0.37ชม   31.9%  0.928  0.929  0.3673  68.1%
  ห้องบรรยาย2110     ห้องบรรยาย       ✓  0.957   0.37ชม   31.8%  0.928  0.926  0.3673  68.2%
  ห้องบรรยาย2201     ห้องบรรยาย       ✓  0.955   0.38ชม   32.0%  0.916  0.922  0.4015  68.0%
  ห้องบรรยาย2203     ห้องบรรยาย       ✓  0.957   0.37ชม   31.9%  0.922  0.923  0.3844  68.1%
  ห้องบรรยาย2205     ห้องบรรยาย       ✓  0.956   0.37ชม   31.9%  0.916  0.919  0.4015  68.1%
  ห้องบรรยาย2209     ห้องบรรยาย       ✓  0.956   0.37ชม   31.9%  0.922  0.922  0.3844  68.1%
  ห้องบรรยาย2305     ห้องบรรยาย       ✓  0.957   0.37ชม   31.9%  0.928  0.926  0.3673  68.1%
  1C-MEETING         ห้องประชุม       ✗  0.496   0.16ชม   31.1%  0.993  0.990  0.1822  68.9%
  POL123(สำนักงานชั้น1) ห้องประชุม       ✗  0.496   0.16ชม   31.1%  0.993  0.990  0.1822  68.9%
  POL228ห้องเรียนชั้น2 ห้องเรียน        ✓  0.956   0.37ชม   32.1%  0.922  0.926  0.3844  67.9%
  POLSMARTCLASSROOM(C) smart classroom     ✓  0.957   0.37ชม   31.9%  0.922  0.923  0.3844  68.1%
  BIOACTIVELEARNING(บรรยาย5ชั้น1) ห้องเรียน/active learning     ✓  0.957   0.37ชม   31.9%  0.922  0.922  0.3844  68.1%
  BIO1ห้องบรรยาย1ชั้น1 ห้องบรรยาย       ✓  0.957   0.37ชม   31.8%  0.922  0.922  0.3844  68.2%
  BIO3ห้องบรรยาย3ชั้น3 ห้องบรรยาย       ✓  0.956   0.38ชม   32.0%  0.922  0.923  0.3844  68.0%
  BIO4ห้องบรรยาย4ชั้น1 ห้องบรรยาย       ✓  0.957   0.37ชม   31.9%  0.922  0.922  0.3844  68.1%
  SC302ชั้น3         ห้องเรียน/ประชุม     ✓  0.956   0.37ชม   32.0%  0.934  0.938  0.3503  68.0%
  SC349ชั้น3         ห้องเรียน/ประชุม     ✓  0.956   0.37ชม   31.9%  0.922  0.923  0.3844  68.1%
  SC350ชั้น3         ห้องเรียน/ประชุม     ✓  0.956   0.37ชม   31.9%  0.916  0.919  0.4015  68.1%
  EN6206ปฏิบัติการคอมพิวเตอร์ ห้องปฏิบัติการคอมพิวเตอร์     ✓  0.962   0.39ชม   32.9%  0.885  0.891  0.4868  67.1%
  1C-MEETING         ห้องประชุม       ✗  0.496   0.16ชม   31.1%  0.993  0.990  0.1822  68.9%
  ลานกิจกรรมEN6ชั้น1ZONEB ลานกิจกรรม       ✓  0.957   0.37ชม   31.9%  0.922  0.922  0.3844  68.1%
  AGCOMPUTER1        ห้องปฏิบัติการคอมพิวเตอร์     ✓  0.963   0.39ชม   32.9%  0.904  0.905  0.4356  67.1%
  AGCOMPUTER2        ห้องปฏิบัติการคอมพิวเตอร์     ✓  0.963   0.39ชม   32.8%  0.904  0.902  0.4356  67.2%
  AGCOMPUTER3        ห้องปฏิบัติการคอมพิวเตอร์     ✓  0.962   0.39ชม   32.9%  0.892  0.890  0.4697  67.1%
  CMP_101ออดิทอเรียม auditorium       ✓  0.958   0.36ชม   31.8%  0.928  0.926  0.3673  68.2%
  CMP_103ห้องบรรยาย  ห้องบรรยาย       ✓  0.955   0.38ชม   32.0%  0.928  0.930  0.3673  68.0%
  CMP_131SMARTCLASSROOM smart classroom     ✓  0.957   0.37ชม   31.8%  0.922  0.922  0.3844  68.2%
  CMP_201ห้องวิจัย   ห้องวิจัย        ✓  0.957   0.37ชม   31.9%  0.922  0.923  0.3844  68.1%
  CMP_211ปฏิบัติการชีวเคมีฯ ห้องปฏิบัติการ     ✓  0.957   0.37ชม   31.8%  0.934  0.935  0.3503  68.2%
  CMP_213ปฏิบัติการสรีรวิทยาฯ ห้องปฏิบัติการ     ✓  0.956   0.37ชม   32.0%  0.928  0.928  0.3673  68.0%
  1C-MEETING         ห้องประชุม       ✗  0.496   0.16ชม   31.1%  0.993  0.990  0.1822  68.9%
  NTC_313ห้องเรียน   ห้องเรียน        ✓  0.957   0.37ชม   31.8%  0.928  0.929  0.3673  68.2%
  NTC_409ห้องเรียน   ห้องเรียน        ✓  0.957   0.37ชม   31.9%  0.922  0.923  0.3844  68.1%
  ห้องโถงกิจกรรมชั้น1 โถง/ห้องกิจกรรม     ✓  0.956   0.37ชม   32.1%  0.928  0.931  0.3673  67.9%
  1C-MEETING         ห้องประชุม       ✗  0.616   0.08ชม    7.7%  0.706  0.745  0.9958  92.3%
  1C-MEETING         ห้องประชุม       ✗  0.289   0.19ชม   48.5%  0.993  0.990  0.1822  51.5%
  CLB4100บันทึกวีดิโอ ห้อง vdo recording     ✓  0.956   0.37ชม   32.0%  0.922  0.923  0.3844  68.0%
  CLB4104LIVEONLINE  ห้อง live/self-record     ✓  0.426   0.11ชม    5.6%  0.765  0.683  0.8292  94.4%
  CLB4201SMARTCLASSROOM smart classroom vdo     ✓  0.956   0.37ชม   32.0%  0.928  0.929  0.3673  68.0%
  CLB4202SMARTCLASSROOM smart classroom vdo     ✓  0.957   0.37ชม   31.9%  0.928  0.929  0.3673  68.1%
  CLB4203SMARTCLASSROOM smart classroom vdo     ✓  0.957   0.37ชม   31.9%  0.928  0.929  0.3673  68.1%
  OARทองกวาวVDOSTUDIO vdo studio       ✓  0.957   0.37ชม   32.0%  0.928  0.929  0.3673  68.0%
  OARยางนาOBSSTUDIO  obs studio       ✓  0.956   0.37ชม   31.9%  0.922  0.923  0.3844  68.1%
  บัวบา1             ห้องกลุ่มย่อย     ✓  0.956   0.37ชม   32.0%  0.922  0.923  0.3844  68.0%
  บัวบา2             ห้องกลุ่มย่อย     ✓  0.957   0.37ชม   31.9%  0.928  0.931  0.3673  68.1%
  บัวบา4             ห้องกลุ่มย่อย     ✓  0.956   0.37ชม   31.8%  0.928  0.926  0.3673  68.2%
  บัวบา6             ห้องกลุ่มย่อย     ✓  0.956   0.37ชม   31.9%  0.928  0.929  0.3673  68.1%
  บัวบา7             ห้องกลุ่มย่อย     ✓  0.956   0.37ชม   32.0%  0.928  0.932  0.3673  68.0%
  บัวบา9             ห้องกลุ่มย่อย     ✓  0.956   0.38ชม   32.1%  0.928  0.932  0.3673  67.9%
  ห้องบัวหลวง        ห้องประชุม       ✗  0.496   0.16ชม   31.1%  0.993  0.990  0.1822  68.9%
  ห้องESANZONE       ห้องกิจกรรม      ✓  0.957   0.37ชม   31.9%  0.928  0.926  0.3673  68.1%
  LOCKARD            ห้องเรียน        ✓  0.956   0.37ชม   31.9%  0.928  0.928  0.3673  68.1%
  ห้องยางนา          ห้องประชุม       ✗  0.496   0.16ชม   31.1%  0.993  0.990  0.1822  68.9%
  3C16-17            ห้องปฏิบัติการคอมพิวเตอร์     ✓  0.982   0.54ชม   38.9%  0.982  0.991  0.2147  61.1%
  4C05               ห้องปฏิบัติการคอมพิวเตอร์     ✗  0.965   0.11ชม   26.9%  0.963  0.960  0.2662  73.1%
----------------------------------------------------------------------------------------------------
  เฉลี่ย                                 0.888   0.35ชม   32.3%  0.925  0.924  0.3756  67.7%

🖼️  Run: python ml/saved/generate_plots.py to create training-curve PNGs.

── จำนวน Record ต่อระดับ ──
  urgent  : 1,233
  high    : 7,194
  medium  : 6,706
  low     : 23,081
============================================================
--- [15:15:33] Set B training finished, archiving ---
--- [15:15:42] Set B archived to saved_models_B_new / saved_meta_B_new ---
--- [15:15:42] Training Set D ---

🔧 Using Hyperparameter Set D: D - Extra Deep (Experimental)
   LSTM Epochs: 70, LGB Estimators: 70, XGB Estimators: 70


🚀 RETRAIN + GENERATE FORECAST
============================================================
🧠 Pipeline: LSTM (Primary) + LightGBM/XGBoost (Support) → Weighted Ensemble
   LSTM weight prior ≈ 20% | LGB ≈ 40% | XGB ≈ 40%
============================================================

============================================================
📋 DATA SUMMARY (All Rooms)
============================================================

📌 ภาพรวม
   จำนวน booking ทั้งหมด : 7,253 ครั้ง
   ช่วงวันที่            : 2023-04-24 → 2026-07-22
   จำนวนวันทั้งหมด       : 1,186 วัน
   วันที่มี booking       : 839 วัน
   วันที่ไม่มี booking    : 347 วัน

⏱️  ระยะเวลาการจอง (ชั่วโมง)
   เฉลี่ย    : 3.91 ชม.
   ต่ำสุด    : 0.50 ชม.
   สูงสุด    : 12.00 ชม.
   รวมทั้งหมด: 28344.5 ชม.

🎯 Target: ชั่วโมงรวม/วัน
   เฉลี่ย   : 33.78 ชม./วัน
   ต่ำสุด   : 0.50 ชม./วัน
   สูงสุด   : 107.50 ชม./วัน
   มัธยฐาน  : 36.00 ชม./วัน

🕐 การกระจายตามชั่วโมง (start_time)
   08:00  ████████████                    12039.0 ชม. (42.5%)
   09:00  █████                           4754.5 ชม. (16.8%)
   10:00                                  151.0 ชม. (0.5%)
   11:00                                  111.5 ชม. (0.4%)
   12:00  █████                           5014.5 ชม. (17.7%)
   13:00  ████                            3919.5 ชม. (13.8%)
   14:00                                  324.5 ชม. (1.1%)
   15:00  █                               1488.5 ชม. (5.3%)
   16:00                                  524.0 ชม. (1.8%)
   17:00                                  5.0 ชม. (0.0%)
   18:00                                  8.5 ชม. (0.0%)
   19:00                                  4.0 ชม. (0.0%)

📅 การกระจายตามวันในสัปดาห์
   จันทร์  ████████████████████  5708.5 ชม.
   อังคาร  █████████████████     4941.0 ชม.
   พุธ     ██████████████████    5332.0 ชม.
   พฤหัส   █████████████████     4942.0 ชม.
   ศุกร์   ███████████████       4524.5 ชม.
   เสาร์   ██████                1848.5 ชม.
   อาทิตย์  ███                   1048.0 ชม.
============================================================

🏠 ห้องกันเกรา
   🧠 [1/3] LSTM (Primary) – ห้องกันเกรา
      📈 LSTM training history: epochs=70 train_loss=0.8537 val_loss=1.0819 train_acc=0.7365 val_acc=0.6446
         ✅ success
   🌿 [2/3] LightGBM (Support)
   ⚡ [3/3] XGBoost (Support)
    🟢 LightGBM training: TrainLoss=0.3704 CalLoss=0.3156 TrainAcc=0.9443 CalAcc=0.9398
    ⚡ XGBoost training: TrainLoss=0.3248 CalLoss=0.3530 TrainAcc=0.9663 CalAcc=0.8916

  🎯 ENSEMBLE – ห้องกันเกรา [id=438]

  📊 Classification Metrics – ห้องกันเกรา [id=438]
  ──────────────────────────────────────────────────
  Accuracy  : 0.9217  (92.2%)
  F1 Score  : 0.9198  (weighted avg)
  Recall    : 0.9217  (weighted avg)
  Precision : 0.9196  (weighted avg)
  CE Loss   : 0.3844

  📋 Classification Report:
                   precision    recall  f1-score   support
     
              low       0.99      0.99      0.99        69
           medium       0.89      0.96      0.93        53
             high       0.50      0.43      0.46         7
           urgent       0.91      0.84      0.87        37
     
         accuracy                           0.92       166
        macro avg       0.82      0.80      0.81       166
     weighted avg       0.92      0.92      0.92       166
     
  ──────────────────────────────────────────────────
  📊 ENSEMBLE  : Accuracy= 97.6% | Loss=0.2308 | R²=0.9481 | MAE=0.4090
  📊 LIGHTGBM  : Accuracy= 99.4% | Loss=0.1796 | R²=0.9617 | MAE=0.3542
  📊 XGBOOST   : Accuracy= 95.8% | Loss=0.2820 | R²=0.9248 | MAE=0.4428
  📊 LSTM      : Accuracy= 79.5% | Loss=0.7428 | R²=0.5677 | MAE=1.1079
✅ ห้องกันเกรา....... [ประชุม/จัดเลี้ยง/นิทรรศการ] +LSTM✓  R²:0.948  MAE:0.41ชม  sMAPE:32.1%  Acc:0.922  F1:0.920  conf:67.9%

🏠 ห้องประดู่1–6
   🧠 [1/3] LSTM (Primary) – ห้องประดู่1–6
      📈 LSTM training history: epochs=70 train_loss=0.8914 val_loss=1.0864 train_acc=0.7350 val_acc=0.6145
         ✅ success
   🌿 [2/3] LightGBM (Support)
   ⚡ [3/3] XGBoost (Support)
    🟢 LightGBM training: TrainLoss=0.3704 CalLoss=0.3156 TrainAcc=0.9443 CalAcc=0.9398
    ⚡ XGBoost training: TrainLoss=0.3248 CalLoss=0.3530 TrainAcc=0.9663 CalAcc=0.8916

  🎯 ENSEMBLE – ห้องประดู่1–6 [id=439]

  📊 Classification Metrics – ห้องประดู่1–6 [id=439]
  ──────────────────────────────────────────────────
  Accuracy  : 0.9398  (94.0%)
  F1 Score  : 0.9380  (weighted avg)
  Recall    : 0.9398  (weighted avg)
  Precision : 0.9385  (weighted avg)
  CE Loss   : 0.3332

  📋 Classification Report:
                   precision    recall  f1-score   support
     
              low       0.99      0.99      0.99        69
           medium       0.91      0.96      0.94        53
             high       0.80      0.57      0.67         7
           urgent       0.92      0.89      0.90        37
     
         accuracy                           0.94       166
        macro avg       0.90      0.85      0.87       166
     weighted avg       0.94      0.94      0.94       166
     
  ──────────────────────────────────────────────────
  📊 ENSEMBLE  : Accuracy= 98.2% | Loss=0.2137 | R²=0.9494 | MAE=0.4040
  📊 LIGHTGBM  : Accuracy= 99.4% | Loss=0.1796 | R²=0.9617 | MAE=0.3542
  📊 XGBOOST   : Accuracy= 95.8% | Loss=0.2820 | R²=0.9248 | MAE=0.4428
  📊 LSTM      : Accuracy= 81.3% | Loss=0.6916 | R²=0.6418 | MAE=0.9980
✅ ห้องประดู่1–6..... [ประชุม/จัดกิจกรรม] +LSTM✓  R²:0.949  MAE:0.40ชม  sMAPE:32.0%  Acc:0.940  F1:0.938  conf:68.0%

🏠 ห้องพวงพยอม
   🧠 [1/3] LSTM (Primary) – ห้องพวงพยอม
      📈 LSTM training history: epochs=70 train_loss=0.8481 val_loss=1.0231 train_acc=0.7479 val_acc=0.6325
         ✅ success
   🌿 [2/3] LightGBM (Support)
   ⚡ [3/3] XGBoost (Support)
    🟢 LightGBM training: TrainLoss=0.3704 CalLoss=0.3156 TrainAcc=0.9443 CalAcc=0.9398
    ⚡ XGBoost training: TrainLoss=0.3248 CalLoss=0.3530 TrainAcc=0.9663 CalAcc=0.8916

  🎯 ENSEMBLE – ห้องพวงพยอม [id=440]

  📊 Classification Metrics – ห้องพวงพยอม [id=440]
  ──────────────────────────────────────────────────
  Accuracy  : 0.9277  (92.8%)
  F1 Score  : 0.9249  (weighted avg)
  Recall    : 0.9277  (weighted avg)
  Precision : 0.9244  (weighted avg)
  CE Loss   : 0.3673

  📋 Classification Report:
                   precision    recall  f1-score   support
     
              low       0.99      0.99      0.99        69
           medium       0.89      0.96      0.93        53
             high       0.60      0.43      0.50         7
           urgent       0.91      0.86      0.89        37
     
         accuracy                           0.93       166
        macro avg       0.85      0.81      0.83       166
     weighted avg       0.92      0.93      0.92       166
     
  ──────────────────────────────────────────────────
  📊 ENSEMBLE  : Accuracy= 98.2% | Loss=0.2137 | R²=0.9481 | MAE=0.4077
  📊 LIGHTGBM  : Accuracy= 99.4% | Loss=0.1796 | R²=0.9617 | MAE=0.3542
  📊 XGBOOST   : Accuracy= 95.8% | Loss=0.2820 | R²=0.9248 | MAE=0.4428
  📊 LSTM      : Accuracy= 80.7% | Loss=0.7087 | R²=0.5991 | MAE=1.0788
✅ ห้องพวงพยอม....... [ประชุม    ] +LSTM✓  R²:0.948  MAE:0.41ชม  sMAPE:32.0%  Acc:0.928  F1:0.925  conf:68.0%

🏠 ห้องชัยพฤกษ์
   🧠 [1/3] LSTM (Primary) – ห้องชัยพฤกษ์
      📈 LSTM training history: epochs=70 train_loss=0.8738 val_loss=1.0343 train_acc=0.7464 val_acc=0.6145
         ✅ success
   🌿 [2/3] LightGBM (Support)
   ⚡ [3/3] XGBoost (Support)
    🟢 LightGBM training: TrainLoss=0.3704 CalLoss=0.3156 TrainAcc=0.9443 CalAcc=0.9398
    ⚡ XGBoost training: TrainLoss=0.3248 CalLoss=0.3530 TrainAcc=0.9663 CalAcc=0.8916

  🎯 ENSEMBLE – ห้องชัยพฤกษ์ [id=441]

  📊 Classification Metrics – ห้องชัยพฤกษ์ [id=441]
  ──────────────────────────────────────────────────
  Accuracy  : 0.9277  (92.8%)
  F1 Score  : 0.9249  (weighted avg)
  Recall    : 0.9277  (weighted avg)
  Precision : 0.9244  (weighted avg)
  CE Loss   : 0.3673

  📋 Classification Report:
                   precision    recall  f1-score   support
     
              low       0.99      0.99      0.99        69
           medium       0.89      0.96      0.93        53
             high       0.60      0.43      0.50         7
           urgent       0.91      0.86      0.89        37
     
         accuracy                           0.93       166
        macro avg       0.85      0.81      0.83       166
     weighted avg       0.92      0.93      0.92       166
     
  ──────────────────────────────────────────────────
  📊 ENSEMBLE  : Accuracy= 97.6% | Loss=0.2308 | R²=0.9481 | MAE=0.4092
  📊 LIGHTGBM  : Accuracy= 99.4% | Loss=0.1796 | R²=0.9617 | MAE=0.3542
  📊 XGBOOST   : Accuracy= 95.8% | Loss=0.2820 | R²=0.9248 | MAE=0.4428
  📊 LSTM      : Accuracy= 81.9% | Loss=0.6745 | R²=0.6056 | MAE=1.0450
✅ ห้องชัยพฤกษ์...... [ประชุม/จัดเลี้ยง/นิทรรศการ] +LSTM✓  R²:0.948  MAE:0.41ชม  sMAPE:32.0%  Acc:0.928  F1:0.925  conf:68.0%

🏠 1C-MEETING
   🧠 [1/3] LSTM (Primary) – 1C-MEETING
      📈 LSTM training history: epochs=70 train_loss=0.2910 val_loss=0.1888 train_acc=0.9164 val_acc=0.9650
         ✅ success
   🌿 [2/3] LightGBM (Support)
   ⚡ [3/3] XGBoost (Support)
    🟢 LightGBM training: TrainLoss=0.0557 CalLoss=0.0223 TrainAcc=0.9731 CalAcc=0.9860
    ⚡ XGBoost training: TrainLoss=0.0447 CalLoss=0.0264 TrainAcc=0.9955 CalAcc=0.9860

  🎯 ENSEMBLE – 1C-MEETING [id=442]

  📊 Classification Metrics – 1C-MEETING [id=442]
  ──────────────────────────────────────────────────
  Accuracy  : 0.9931  (99.3%)
  F1 Score  : 0.9896  (weighted avg)
  Recall    : 0.9931  (weighted avg)
  Precision : 0.9862  (weighted avg)
  CE Loss   : 0.1822

  📋 Classification Report:
                   precision    recall  f1-score   support
     
              low       0.99      1.00      1.00       140
           medium       0.00      0.00      0.00         1
             high       0.00      0.00      0.00         0
           urgent       1.00      1.00      1.00         3
     
         accuracy                           0.99       144
        macro avg       0.50      0.50      0.50       144
     weighted avg       0.99      0.99      0.99       144
     
  ──────────────────────────────────────────────────
  📊 ENSEMBLE  : Accuracy=100.0% | Loss=0.1625 | R²=0.8030 | MAE=0.1014
  📊 LIGHTGBM  : Accuracy=100.0% | Loss=0.1625 | R²=0.9567 | MAE=0.0153
  📊 XGBOOST   : Accuracy=100.0% | Loss=0.1625 | R²=0.1882 | MAE=0.2029
  📊 LSTM      : Accuracy= 98.6% | Loss=0.2019 | R²=-0.0415 | MAE=0.0938
✅ 1C-MEETING........ [ห้องประชุม] [no LSTM]  R²:0.803  MAE:0.10ชม  sMAPE:47.2%  Acc:0.993  F1:0.990  conf:52.8%

🏠 2C05-06
   🧠 [1/3] LSTM (Primary) – 2C05-06
      📈 LSTM training history: epochs=70 train_loss=1.4211 val_loss=2.0830 train_acc=0.7568 val_acc=0.6646
         ✅ success
   🌿 [2/3] LightGBM (Support)
   ⚡ [3/3] XGBoost (Support)
    🟢 LightGBM training: TrainLoss=0.6529 CalLoss=0.7367 TrainAcc=0.9464 CalAcc=0.8659
    ⚡ XGBoost training: TrainLoss=0.5613 CalLoss=0.6461 TrainAcc=0.9712 CalAcc=0.8963

  🎯 ENSEMBLE – 2C05-06 [id=443]

  📊 Classification Metrics – 2C05-06 [id=443]
  ──────────────────────────────────────────────────
  Accuracy  : 0.8841  (88.4%)
  F1 Score  : 0.8765  (weighted avg)
  Recall    : 0.8841  (weighted avg)
  Precision : 0.8716  (weighted avg)
  CE Loss   : 0.4908

  📋 Classification Report:
                   precision    recall  f1-score   support
     
              low       0.90      0.95      0.92        74
           medium       0.82      0.86      0.84        59
             high       0.00      0.00      0.00         3
           urgent       1.00      0.86      0.92        28
     
         accuracy                           0.88       164
        macro avg       0.68      0.67      0.67       164
     weighted avg       0.87      0.88      0.88       164
     
  ──────────────────────────────────────────────────
  📊 ENSEMBLE  : Accuracy= 99.4% | Loss=0.1798 | R²=0.9526 | MAE=0.5778
  📊 LIGHTGBM  : Accuracy= 98.2% | Loss=0.2143 | R²=0.9474 | MAE=0.6101
  📊 XGBOOST   : Accuracy= 99.4% | Loss=0.1798 | R²=0.9552 | MAE=0.5713
  📊 LSTM      : Accuracy= 77.4% | Loss=0.8017 | R²=0.1819 | MAE=2.2007
✅ 2C05-06........... [ห้องปฏิบัติการคอมพิวเตอร์] +LSTM✓  R²:0.953  MAE:0.58ชม  sMAPE:40.3%  Acc:0.884  F1:0.876  conf:59.7%

🏠 2C07
   🧠 [1/3] LSTM (Primary) – 2C07
      📈 LSTM training history: epochs=70 train_loss=0.8769 val_loss=1.1348 train_acc=0.7422 val_acc=0.5964
         ✅ success
   🌿 [2/3] LightGBM (Support)
   ⚡ [3/3] XGBoost (Support)
    🟢 LightGBM training: TrainLoss=0.3704 CalLoss=0.3156 TrainAcc=0.9443 CalAcc=0.9398
    ⚡ XGBoost training: TrainLoss=0.3248 CalLoss=0.3530 TrainAcc=0.9663 CalAcc=0.8916

  🎯 ENSEMBLE – 2C07 [id=444]

  📊 Classification Metrics – 2C07 [id=444]
  ──────────────────────────────────────────────────
  Accuracy  : 0.9277  (92.8%)
  F1 Score  : 0.9249  (weighted avg)
  Recall    : 0.9277  (weighted avg)
  Precision : 0.9244  (weighted avg)
  CE Loss   : 0.3673

  📋 Classification Report:
                   precision    recall  f1-score   support
     
              low       0.99      0.99      0.99        69
           medium       0.89      0.96      0.93        53
             high       0.60      0.43      0.50         7
           urgent       0.91      0.86      0.89        37
     
         accuracy                           0.93       166
        macro avg       0.85      0.81      0.83       166
     weighted avg       0.92      0.93      0.92       166
     
  ──────────────────────────────────────────────────
  📊 ENSEMBLE  : Accuracy= 97.6% | Loss=0.2308 | R²=0.9491 | MAE=0.4040
  📊 LIGHTGBM  : Accuracy= 99.4% | Loss=0.1796 | R²=0.9617 | MAE=0.3542
  📊 XGBOOST   : Accuracy= 95.8% | Loss=0.2820 | R²=0.9248 | MAE=0.4428
  📊 LSTM      : Accuracy= 81.9% | Loss=0.6745 | R²=0.6163 | MAE=1.0348
✅ 2C07.............. [ห้องปฏิบัติการ imac] +LSTM✓  R²:0.949  MAE:0.40ชม  sMAPE:31.9%  Acc:0.928  F1:0.925  conf:68.1%

🏠 2C09
   🧠 [1/3] LSTM (Primary) – 2C09
      📈 LSTM training history: epochs=70 train_loss=0.9343 val_loss=2.3402 train_acc=0.8446 val_acc=0.5671
         ✅ success
   🌿 [2/3] LightGBM (Support)
   ⚡ [3/3] XGBoost (Support)
    🟢 LightGBM training: TrainLoss=0.3511 CalLoss=0.5781 TrainAcc=0.8353 CalAcc=0.7927
    ⚡ XGBoost training: TrainLoss=0.3185 CalLoss=0.6011 TrainAcc=0.8497 CalAcc=0.7866

  🎯 ENSEMBLE – 2C09 [id=445]

  📊 Classification Metrics – 2C09 [id=445]
  ──────────────────────────────────────────────────
  Accuracy  : 0.9573  (95.7%)
  F1 Score  : 0.9449  (weighted avg)
  Recall    : 0.9573  (weighted avg)
  Precision : 0.9458  (weighted avg)
  CE Loss   : 0.2834

  📋 Classification Report:
                   precision    recall  f1-score   support
     
              low       0.99      1.00      1.00       135
           medium       0.78      0.95      0.86        22
             high       0.00      0.00      0.00         3
           urgent       1.00      0.25      0.40         4
     
         accuracy                           0.96       164
        macro avg       0.69      0.55      0.56       164
     weighted avg       0.95      0.96      0.94       164
     
  ──────────────────────────────────────────────────
  📊 ENSEMBLE  : Accuracy= 98.8% | Loss=0.1971 | R²=0.9591 | MAE=0.2186
  📊 LIGHTGBM  : Accuracy= 98.8% | Loss=0.1971 | R²=0.9576 | MAE=0.1978
  📊 XGBOOST   : Accuracy= 98.8% | Loss=0.1971 | R²=0.9557 | MAE=0.2570
  📊 LSTM      : Accuracy= 90.8% | Loss=0.4217 | R²=-0.2080 | MAE=1.4356
✅ 2C09.............. [ห้องปฏิบัติการคอมพิวเตอร์] +LSTM✓  R²:0.959  MAE:0.22ชม  sMAPE:40.8%  Acc:0.957  F1:0.945  conf:59.2%

🏠 2C10-11
   🧠 [1/3] LSTM (Primary) – 2C10-11
      📈 LSTM training history: epochs=70 train_loss=1.4787 val_loss=2.0386 train_acc=0.7525 val_acc=0.6098
         ✅ success
   🌿 [2/3] LightGBM (Support)
   ⚡ [3/3] XGBoost (Support)
    🟢 LightGBM training: TrainLoss=0.6619 CalLoss=0.5875 TrainAcc=0.8810 CalAcc=0.8049
    ⚡ XGBoost training: TrainLoss=0.5943 CalLoss=0.5700 TrainAcc=0.9595 CalAcc=0.8354

  🎯 ENSEMBLE – 2C10-11 [id=446]

  📊 Classification Metrics – 2C10-11 [id=446]
  ──────────────────────────────────────────────────
  Accuracy  : 0.8780  (87.8%)
  F1 Score  : 0.8758  (weighted avg)
  Recall    : 0.8780  (weighted avg)
  Precision : 0.8866  (weighted avg)
  CE Loss   : 0.5080

  📋 Classification Report:
                   precision    recall  f1-score   support
     
              low       0.91      1.00      0.95        96
           medium       0.82      0.76      0.79        42
             high       0.00      0.00      0.00         2
           urgent       1.00      0.67      0.80        24
     
         accuracy                           0.88       164
        macro avg       0.68      0.61      0.64       164
     weighted avg       0.89      0.88      0.88       164
     
  ──────────────────────────────────────────────────
  📊 ENSEMBLE  : Accuracy= 93.9% | Loss=0.3353 | R²=0.9242 | MAE=0.6695
  📊 LIGHTGBM  : Accuracy= 95.1% | Loss=0.3007 | R²=0.9262 | MAE=0.6605
  📊 XGBOOST   : Accuracy= 94.5% | Loss=0.3180 | R²=0.9272 | MAE=0.6596
  📊 LSTM      : Accuracy= 83.5% | Loss=0.6290 | R²=0.1623 | MAE=2.2096
✅ 2C10-11........... [ห้องปฏิบัติการคอมพิวเตอร์] +LSTM✓  R²:0.924  MAE:0.67ชม  sMAPE:44.3%  Acc:0.878  F1:0.876  conf:55.7%

🏠 2C16-17
   🧠 [1/3] LSTM (Primary) – 2C16-17
      📈 LSTM training history: epochs=70 train_loss=1.4105 val_loss=2.3939 train_acc=0.7698 val_acc=0.5732
         ✅ success
   🌿 [2/3] LightGBM (Support)
   ⚡ [3/3] XGBoost (Support)
    🟢 LightGBM training: TrainLoss=0.5294 CalLoss=0.7349 TrainAcc=0.9137 CalAcc=0.8537
    ⚡ XGBoost training: TrainLoss=0.4651 CalLoss=0.7461 TrainAcc=0.8954 CalAcc=0.8232

  🎯 ENSEMBLE – 2C16-17 [id=447]

  📊 Classification Metrics – 2C16-17 [id=447]
  ──────────────────────────────────────────────────
  Accuracy  : 0.8720  (87.2%)
  F1 Score  : 0.8640  (weighted avg)
  Recall    : 0.8720  (weighted avg)
  Precision : 0.8912  (weighted avg)
  CE Loss   : 0.5253

  📋 Classification Report:
                   precision    recall  f1-score   support
     
              low       1.00      0.98      0.99       101
           medium       0.64      1.00      0.78        28
             high       0.83      0.42      0.56        24
           urgent       0.67      0.55      0.60        11
     
         accuracy                           0.87       164
        macro avg       0.78      0.74      0.73       164
     weighted avg       0.89      0.87      0.86       164
     
  ──────────────────────────────────────────────────
  📊 ENSEMBLE  : Accuracy= 97.0% | Loss=0.2489 | R²=0.9608 | MAE=0.5281
  📊 LIGHTGBM  : Accuracy= 95.7% | Loss=0.2834 | R²=0.9592 | MAE=0.5395
  📊 XGBOOST   : Accuracy= 98.2% | Loss=0.2143 | R²=0.9627 | MAE=0.5226
  📊 LSTM      : Accuracy= 72.0% | Loss=0.9572 | R²=0.1396 | MAE=2.2582
✅ 2C16-17........... [ห้องปฏิบัติการคอมพิวเตอร์] +LSTM✓  R²:0.961  MAE:0.53ชม  sMAPE:53.4%  Acc:0.872  F1:0.864  conf:46.6%

🏠 3C05-06
   🧠 [1/3] LSTM (Primary) – 3C05-06
      📈 LSTM training history: epochs=70 train_loss=1.5132 val_loss=2.3574 train_acc=0.6739 val_acc=0.5276
         ✅ success
   🌿 [2/3] LightGBM (Support)
   ⚡ [3/3] XGBoost (Support)
    🟢 LightGBM training: TrainLoss=0.6025 CalLoss=0.7690 TrainAcc=0.8855 CalAcc=0.8098
    ⚡ XGBoost training: TrainLoss=0.5573 CalLoss=0.8155 TrainAcc=0.8842 CalAcc=0.7914

  🎯 ENSEMBLE – 3C05-06 [id=448]

  📊 Classification Metrics – 3C05-06 [id=448]
  ──────────────────────────────────────────────────
  Accuracy  : 0.8405  (84.0%)
  F1 Score  : 0.8391  (weighted avg)
  Recall    : 0.8405  (weighted avg)
  Precision : 0.8548  (weighted avg)
  CE Loss   : 0.6144

  📋 Classification Report:
                   precision    recall  f1-score   support
     
              low       0.90      1.00      0.95        72
           medium       0.78      0.83      0.80        47
             high       0.12      0.14      0.13         7
           urgent       1.00      0.68      0.81        37
     
         accuracy                           0.84       163
        macro avg       0.70      0.66      0.67       163
     weighted avg       0.85      0.84      0.84       163
     
  ──────────────────────────────────────────────────
  📊 ENSEMBLE  : Accuracy= 99.4% | Loss=0.1799 | R²=0.9176 | MAE=0.8055
  📊 LIGHTGBM  : Accuracy= 98.2% | Loss=0.2147 | R²=0.9253 | MAE=0.7743
  📊 XGBOOST   : Accuracy= 98.8% | Loss=0.1973 | R²=0.9177 | MAE=0.8279
  📊 LSTM      : Accuracy= 78.5% | Loss=0.7709 | R²=0.4731 | MAE=1.9856
✅ 3C05-06........... [ห้องปฏิบัติการคอมพิวเตอร์] +LSTM✓  R²:0.918  MAE:0.81ชม  sMAPE:42.0%  Acc:0.841  F1:0.839  conf:58.0%

🏠 3C10-11(SMARTCLASSROOM)
   🧠 [1/3] LSTM (Primary) – 3C10-11(SMARTCLASSROOM)
      📈 LSTM training history: epochs=70 train_loss=0.8443 val_loss=1.1140 train_acc=0.7350 val_acc=0.6024
         ✅ success
   🌿 [2/3] LightGBM (Support)
   ⚡ [3/3] XGBoost (Support)
    🟢 LightGBM training: TrainLoss=0.3704 CalLoss=0.3156 TrainAcc=0.9443 CalAcc=0.9398
    ⚡ XGBoost training: TrainLoss=0.3248 CalLoss=0.3530 TrainAcc=0.9663 CalAcc=0.8916

  🎯 ENSEMBLE – 3C10-11(SMARTCLASSROOM) [id=449]

  📊 Classification Metrics – 3C10-11(SMARTCLASSROOM) [id=449]
  ──────────────────────────────────────────────────
  Accuracy  : 0.9337  (93.4%)
  F1 Score  : 0.9325  (weighted avg)
  Recall    : 0.9337  (weighted avg)
  Precision : 0.9323  (weighted avg)
  CE Loss   : 0.3503

  📋 Classification Report:
                   precision    recall  f1-score   support
     
              low       0.99      0.99      0.99        69
           medium       0.91      0.96      0.94        53
             high       0.67      0.57      0.62         7
           urgent       0.91      0.86      0.89        37
     
         accuracy                           0.93       166
        macro avg       0.87      0.85      0.86       166
     weighted avg       0.93      0.93      0.93       166
     
  ──────────────────────────────────────────────────
  📊 ENSEMBLE  : Accuracy= 98.2% | Loss=0.2137 | R²=0.9500 | MAE=0.4023
  📊 LIGHTGBM  : Accuracy= 99.4% | Loss=0.1796 | R²=0.9617 | MAE=0.3542
  📊 XGBOOST   : Accuracy= 95.8% | Loss=0.2820 | R²=0.9248 | MAE=0.4428
  📊 LSTM      : Accuracy= 84.9% | Loss=0.5892 | R²=0.6774 | MAE=0.9792
✅ 3C10-11(SMARTCLASSROOM) [smart classroom] +LSTM✓  R²:0.950  MAE:0.40ชม  sMAPE:31.9%  Acc:0.934  F1:0.932  conf:68.1%

🏠 3C12
   🧠 [1/3] LSTM (Primary) – 3C12
      📈 LSTM training history: epochs=70 train_loss=0.8973 val_loss=1.1769 train_acc=0.7208 val_acc=0.6205
         ✅ success
   🌿 [2/3] LightGBM (Support)
   ⚡ [3/3] XGBoost (Support)
    🟢 LightGBM training: TrainLoss=0.3704 CalLoss=0.3156 TrainAcc=0.9443 CalAcc=0.9398
    ⚡ XGBoost training: TrainLoss=0.3248 CalLoss=0.3530 TrainAcc=0.9663 CalAcc=0.8916

  🎯 ENSEMBLE – 3C12 [id=450]

  📊 Classification Metrics – 3C12 [id=450]
  ──────────────────────────────────────────────────
  Accuracy  : 0.9398  (94.0%)
  F1 Score  : 0.9380  (weighted avg)
  Recall    : 0.9398  (weighted avg)
  Precision : 0.9385  (weighted avg)
  CE Loss   : 0.3332

  📋 Classification Report:
                   precision    recall  f1-score   support
     
              low       0.99      0.99      0.99        69
           medium       0.91      0.96      0.94        53
             high       0.80      0.57      0.67         7
           urgent       0.92      0.89      0.90        37
     
         accuracy                           0.94       166
        macro avg       0.90      0.85      0.87       166
     weighted avg       0.94      0.94      0.94       166
     
  ──────────────────────────────────────────────────
  📊 ENSEMBLE  : Accuracy= 97.6% | Loss=0.2308 | R²=0.9491 | MAE=0.4031
  📊 LIGHTGBM  : Accuracy= 99.4% | Loss=0.1796 | R²=0.9617 | MAE=0.3542
  📊 XGBOOST   : Accuracy= 95.8% | Loss=0.2820 | R²=0.9248 | MAE=0.4428
  📊 LSTM      : Accuracy= 81.9% | Loss=0.6745 | R²=0.5873 | MAE=1.0726
✅ 3C12.............. [ห้องประชุม/สัมมนา] +LSTM✓  R²:0.949  MAE:0.40ชม  sMAPE:31.9%  Acc:0.940  F1:0.938  conf:68.1%

🏠 3C15-16
   🧠 [1/3] LSTM (Primary) – 3C15-16
      📈 LSTM training history: epochs=70 train_loss=0.9791 val_loss=1.2402 train_acc=0.7389 val_acc=0.6242
         ✅ success
   🌿 [2/3] LightGBM (Support)
   ⚡ [3/3] XGBoost (Support)
    🟢 LightGBM training: TrainLoss=0.4187 CalLoss=0.3534 TrainAcc=0.9533 CalAcc=0.9273
    ⚡ XGBoost training: TrainLoss=0.3578 CalLoss=0.3552 TrainAcc=0.9637 CalAcc=0.9212

  🎯 ENSEMBLE – 3C15-16 [id=451]

  📊 Classification Metrics – 3C15-16 [id=451]
  ──────────────────────────────────────────────────
  Accuracy  : 0.8976  (89.8%)
  F1 Score  : 0.8990  (weighted avg)
  Recall    : 0.8976  (weighted avg)
  Precision : 0.9047  (weighted avg)
  CE Loss   : 0.4527

  📋 Classification Report:
                   precision    recall  f1-score   support
     
              low       0.96      0.99      0.97        69
           medium       0.90      0.93      0.91        57
             high       0.33      0.43      0.38         7
           urgent       0.93      0.76      0.83        33
     
         accuracy                           0.90       166
        macro avg       0.78      0.78      0.77       166
     weighted avg       0.90      0.90      0.90       166
     
  ──────────────────────────────────────────────────
  📊 ENSEMBLE  : Accuracy= 97.6% | Loss=0.2308 | R²=0.9577 | MAE=0.4092
  📊 LIGHTGBM  : Accuracy= 96.4% | Loss=0.2649 | R²=0.9604 | MAE=0.3920
  📊 XGBOOST   : Accuracy= 97.0% | Loss=0.2479 | R²=0.9545 | MAE=0.4380
  📊 LSTM      : Accuracy= 77.1% | Loss=0.8111 | R²=0.6242 | MAE=1.1630
✅ 3C15-16........... [ห้องปฏิบัติการคอมพิวเตอร์] +LSTM✓  R²:0.958  MAE:0.41ชม  sMAPE:32.6%  Acc:0.898  F1:0.899  conf:67.4%

🏠 4C05(VDOCONFERENCE)
   🧠 [1/3] LSTM (Primary) – 4C05(VDOCONFERENCE)
      📈 LSTM training history: epochs=70 train_loss=0.8834 val_loss=1.0315 train_acc=0.7194 val_acc=0.6687
         ✅ success
   🌿 [2/3] LightGBM (Support)
   ⚡ [3/3] XGBoost (Support)
    🟢 LightGBM training: TrainLoss=0.3704 CalLoss=0.3156 TrainAcc=0.9443 CalAcc=0.9398
    ⚡ XGBoost training: TrainLoss=0.3248 CalLoss=0.3530 TrainAcc=0.9663 CalAcc=0.8916

  🎯 ENSEMBLE – 4C05(VDOCONFERENCE) [id=452]

  📊 Classification Metrics – 4C05(VDOCONFERENCE) [id=452]
  ──────────────────────────────────────────────────
  Accuracy  : 0.9337  (93.4%)
  F1 Score  : 0.9325  (weighted avg)
  Recall    : 0.9337  (weighted avg)
  Precision : 0.9323  (weighted avg)
  CE Loss   : 0.3503

  📋 Classification Report:
                   precision    recall  f1-score   support
     
              low       0.99      0.99      0.99        69
           medium       0.91      0.96      0.94        53
             high       0.67      0.57      0.62         7
           urgent       0.91      0.86      0.89        37
     
         accuracy                           0.93       166
        macro avg       0.87      0.85      0.86       166
     weighted avg       0.93      0.93      0.93       166
     
  ──────────────────────────────────────────────────
  📊 ENSEMBLE  : Accuracy= 98.2% | Loss=0.2137 | R²=0.9484 | MAE=0.4060
  📊 LIGHTGBM  : Accuracy= 99.4% | Loss=0.1796 | R²=0.9617 | MAE=0.3542
  📊 XGBOOST   : Accuracy= 95.8% | Loss=0.2820 | R²=0.9248 | MAE=0.4428
  📊 LSTM      : Accuracy= 80.7% | Loss=0.7087 | R²=0.5992 | MAE=1.0494
✅ 4C05(VDOCONFERENCE) [ห้องประชุม/vdo conference] +LSTM✓  R²:0.948  MAE:0.41ชม  sMAPE:32.0%  Acc:0.934  F1:0.932  conf:68.0%

🏠 ห้องบรรยาย2110
   🧠 [1/3] LSTM (Primary) – ห้องบรรยาย2110
      📈 LSTM training history: epochs=70 train_loss=0.9040 val_loss=1.2522 train_acc=0.7179 val_acc=0.5301
         ✅ success
   🌿 [2/3] LightGBM (Support)
   ⚡ [3/3] XGBoost (Support)
    🟢 LightGBM training: TrainLoss=0.3704 CalLoss=0.3156 TrainAcc=0.9443 CalAcc=0.9398
    ⚡ XGBoost training: TrainLoss=0.3248 CalLoss=0.3530 TrainAcc=0.9663 CalAcc=0.8916

  🎯 ENSEMBLE – ห้องบรรยาย2110 [id=453]

  📊 Classification Metrics – ห้องบรรยาย2110 [id=453]
  ──────────────────────────────────────────────────
  Accuracy  : 0.9277  (92.8%)
  F1 Score  : 0.9249  (weighted avg)
  Recall    : 0.9277  (weighted avg)
  Precision : 0.9244  (weighted avg)
  CE Loss   : 0.3673

  📋 Classification Report:
                   precision    recall  f1-score   support
     
              low       0.99      0.99      0.99        69
           medium       0.89      0.96      0.93        53
             high       0.60      0.43      0.50         7
           urgent       0.91      0.86      0.89        37
     
         accuracy                           0.93       166
        macro avg       0.85      0.81      0.83       166
     weighted avg       0.92      0.93      0.92       166
     
  ──────────────────────────────────────────────────
  📊 ENSEMBLE  : Accuracy= 97.6% | Loss=0.2308 | R²=0.9499 | MAE=0.3987
  📊 LIGHTGBM  : Accuracy= 99.4% | Loss=0.1796 | R²=0.9617 | MAE=0.3542
  📊 XGBOOST   : Accuracy= 95.8% | Loss=0.2820 | R²=0.9248 | MAE=0.4428
  📊 LSTM      : Accuracy= 83.1% | Loss=0.6404 | R²=0.6506 | MAE=0.9831
✅ ห้องบรรยาย2110.... [ห้องบรรยาย] +LSTM✓  R²:0.950  MAE:0.40ชม  sMAPE:31.8%  Acc:0.928  F1:0.925  conf:68.2%

🏠 ห้องบรรยาย2201
   🧠 [1/3] LSTM (Primary) – ห้องบรรยาย2201
      📈 LSTM training history: epochs=70 train_loss=0.8686 val_loss=1.0819 train_acc=0.7493 val_acc=0.6205
         ✅ success
   🌿 [2/3] LightGBM (Support)
   ⚡ [3/3] XGBoost (Support)
    🟢 LightGBM training: TrainLoss=0.3704 CalLoss=0.3156 TrainAcc=0.9443 CalAcc=0.9398
    ⚡ XGBoost training: TrainLoss=0.3248 CalLoss=0.3530 TrainAcc=0.9663 CalAcc=0.8916

  🎯 ENSEMBLE – ห้องบรรยาย2201 [id=454]

  📊 Classification Metrics – ห้องบรรยาย2201 [id=454]
  ──────────────────────────────────────────────────
  Accuracy  : 0.9337  (93.4%)
  F1 Score  : 0.9325  (weighted avg)
  Recall    : 0.9337  (weighted avg)
  Precision : 0.9323  (weighted avg)
  CE Loss   : 0.3503

  📋 Classification Report:
                   precision    recall  f1-score   support
     
              low       0.99      0.99      0.99        69
           medium       0.91      0.96      0.94        53
             high       0.67      0.57      0.62         7
           urgent       0.91      0.86      0.89        37
     
         accuracy                           0.93       166
        macro avg       0.87      0.85      0.86       166
     weighted avg       0.93      0.93      0.93       166
     
  ──────────────────────────────────────────────────
  📊 ENSEMBLE  : Accuracy= 97.6% | Loss=0.2308 | R²=0.9485 | MAE=0.4073
  📊 LIGHTGBM  : Accuracy= 99.4% | Loss=0.1796 | R²=0.9617 | MAE=0.3542
  📊 XGBOOST   : Accuracy= 95.8% | Loss=0.2820 | R²=0.9248 | MAE=0.4428
  📊 LSTM      : Accuracy= 80.1% | Loss=0.7257 | R²=0.5889 | MAE=1.0766
✅ ห้องบรรยาย2201.... [ห้องบรรยาย] +LSTM✓  R²:0.949  MAE:0.41ชม  sMAPE:32.0%  Acc:0.934  F1:0.932  conf:68.0%

🏠 ห้องบรรยาย2203
   🧠 [1/3] LSTM (Primary) – ห้องบรรยาย2203
      📈 LSTM training history: epochs=70 train_loss=0.8823 val_loss=1.0190 train_acc=0.7464 val_acc=0.6747
         ✅ success
   🌿 [2/3] LightGBM (Support)
   ⚡ [3/3] XGBoost (Support)
    🟢 LightGBM training: TrainLoss=0.3704 CalLoss=0.3156 TrainAcc=0.9443 CalAcc=0.9398
    ⚡ XGBoost training: TrainLoss=0.3248 CalLoss=0.3530 TrainAcc=0.9663 CalAcc=0.8916

  🎯 ENSEMBLE – ห้องบรรยาย2203 [id=455]

  📊 Classification Metrics – ห้องบรรยาย2203 [id=455]
  ──────────────────────────────────────────────────
  Accuracy  : 0.9398  (94.0%)
  F1 Score  : 0.9380  (weighted avg)
  Recall    : 0.9398  (weighted avg)
  Precision : 0.9385  (weighted avg)
  CE Loss   : 0.3332

  📋 Classification Report:
                   precision    recall  f1-score   support
     
              low       0.99      0.99      0.99        69
           medium       0.91      0.96      0.94        53
             high       0.80      0.57      0.67         7
           urgent       0.92      0.89      0.90        37
     
         accuracy                           0.94       166
        macro avg       0.90      0.85      0.87       166
     weighted avg       0.94      0.94      0.94       166
     
  ──────────────────────────────────────────────────
  📊 ENSEMBLE  : Accuracy= 98.2% | Loss=0.2137 | R²=0.9483 | MAE=0.4077
  📊 LIGHTGBM  : Accuracy= 99.4% | Loss=0.1796 | R²=0.9617 | MAE=0.3542
  📊 XGBOOST   : Accuracy= 95.8% | Loss=0.2820 | R²=0.9248 | MAE=0.4428
  📊 LSTM      : Accuracy= 78.9% | Loss=0.7599 | R²=0.6179 | MAE=1.0490
✅ ห้องบรรยาย2203.... [ห้องบรรยาย] +LSTM✓  R²:0.948  MAE:0.41ชม  sMAPE:32.0%  Acc:0.940  F1:0.938  conf:68.0%

🏠 ห้องบรรยาย2205
   🧠 [1/3] LSTM (Primary) – ห้องบรรยาย2205
      📈 LSTM training history: epochs=70 train_loss=0.8686 val_loss=1.0213 train_acc=0.7422 val_acc=0.6446
         ✅ success
   🌿 [2/3] LightGBM (Support)
   ⚡ [3/3] XGBoost (Support)
    🟢 LightGBM training: TrainLoss=0.3704 CalLoss=0.3156 TrainAcc=0.9443 CalAcc=0.9398
    ⚡ XGBoost training: TrainLoss=0.3248 CalLoss=0.3530 TrainAcc=0.9663 CalAcc=0.8916

  🎯 ENSEMBLE – ห้องบรรยาย2205 [id=456]

  📊 Classification Metrics – ห้องบรรยาย2205 [id=456]
  ──────────────────────────────────────────────────
  Accuracy  : 0.9277  (92.8%)
  F1 Score  : 0.9249  (weighted avg)
  Recall    : 0.9277  (weighted avg)
  Precision : 0.9244  (weighted avg)
  CE Loss   : 0.3673

  📋 Classification Report:
                   precision    recall  f1-score   support
     
              low       0.99      0.99      0.99        69
           medium       0.89      0.96      0.93        53
             high       0.60      0.43      0.50         7
           urgent       0.91      0.86      0.89        37
     
         accuracy                           0.93       166
        macro avg       0.85      0.81      0.83       166
     weighted avg       0.92      0.93      0.92       166
     
  ──────────────────────────────────────────────────
  📊 ENSEMBLE  : Accuracy= 98.2% | Loss=0.2137 | R²=0.9487 | MAE=0.4062
  📊 LIGHTGBM  : Accuracy= 99.4% | Loss=0.1796 | R²=0.9617 | MAE=0.3542
  📊 XGBOOST   : Accuracy= 95.8% | Loss=0.2820 | R²=0.9248 | MAE=0.4428
  📊 LSTM      : Accuracy= 80.7% | Loss=0.7087 | R²=0.6186 | MAE=1.0494
✅ ห้องบรรยาย2205.... [ห้องบรรยาย] +LSTM✓  R²:0.949  MAE:0.41ชม  sMAPE:31.9%  Acc:0.928  F1:0.925  conf:68.1%

🏠 ห้องบรรยาย2209
   🧠 [1/3] LSTM (Primary) – ห้องบรรยาย2209
      📈 LSTM training history: epochs=70 train_loss=0.8367 val_loss=1.1316 train_acc=0.7507 val_acc=0.5723
         ✅ success
   🌿 [2/3] LightGBM (Support)
   ⚡ [3/3] XGBoost (Support)
    🟢 LightGBM training: TrainLoss=0.3704 CalLoss=0.3156 TrainAcc=0.9443 CalAcc=0.9398
    ⚡ XGBoost training: TrainLoss=0.3248 CalLoss=0.3530 TrainAcc=0.9663 CalAcc=0.8916

  🎯 ENSEMBLE – ห้องบรรยาย2209 [id=457]

  📊 Classification Metrics – ห้องบรรยาย2209 [id=457]
  ──────────────────────────────────────────────────
  Accuracy  : 0.9277  (92.8%)
  F1 Score  : 0.9249  (weighted avg)
  Recall    : 0.9277  (weighted avg)
  Precision : 0.9244  (weighted avg)
  CE Loss   : 0.3673

  📋 Classification Report:
                   precision    recall  f1-score   support
     
              low       0.99      0.99      0.99        69
           medium       0.89      0.96      0.93        53
             high       0.60      0.43      0.50         7
           urgent       0.91      0.86      0.89        37
     
         accuracy                           0.93       166
        macro avg       0.85      0.81      0.83       166
     weighted avg       0.92      0.93      0.92       166
     
  ──────────────────────────────────────────────────
  📊 ENSEMBLE  : Accuracy= 97.6% | Loss=0.2308 | R²=0.9490 | MAE=0.4040
  📊 LIGHTGBM  : Accuracy= 99.4% | Loss=0.1796 | R²=0.9617 | MAE=0.3542
  📊 XGBOOST   : Accuracy= 95.8% | Loss=0.2820 | R²=0.9248 | MAE=0.4428
  📊 LSTM      : Accuracy= 81.9% | Loss=0.6745 | R²=0.5966 | MAE=1.0464
✅ ห้องบรรยาย2209.... [ห้องบรรยาย] +LSTM✓  R²:0.949  MAE:0.40ชม  sMAPE:32.0%  Acc:0.928  F1:0.925  conf:68.0%

🏠 ห้องบรรยาย2305
   🧠 [1/3] LSTM (Primary) – ห้องบรรยาย2305
      📈 LSTM training history: epochs=70 train_loss=0.8058 val_loss=1.1075 train_acc=0.7593 val_acc=0.6566
         ✅ success
   🌿 [2/3] LightGBM (Support)
   ⚡ [3/3] XGBoost (Support)
    🟢 LightGBM training: TrainLoss=0.3704 CalLoss=0.3156 TrainAcc=0.9443 CalAcc=0.9398
    ⚡ XGBoost training: TrainLoss=0.3248 CalLoss=0.3530 TrainAcc=0.9663 CalAcc=0.8916

  🎯 ENSEMBLE – ห้องบรรยาย2305 [id=458]

  📊 Classification Metrics – ห้องบรรยาย2305 [id=458]
  ──────────────────────────────────────────────────
  Accuracy  : 0.9398  (94.0%)
  F1 Score  : 0.9380  (weighted avg)
  Recall    : 0.9398  (weighted avg)
  Precision : 0.9385  (weighted avg)
  CE Loss   : 0.3332

  📋 Classification Report:
                   precision    recall  f1-score   support
     
              low       0.99      0.99      0.99        69
           medium       0.91      0.96      0.94        53
             high       0.80      0.57      0.67         7
           urgent       0.92      0.89      0.90        37
     
         accuracy                           0.94       166
        macro avg       0.90      0.85      0.87       166
     weighted avg       0.94      0.94      0.94       166
     
  ──────────────────────────────────────────────────
  📊 ENSEMBLE  : Accuracy= 97.6% | Loss=0.2308 | R²=0.9490 | MAE=0.4047
  📊 LIGHTGBM  : Accuracy= 99.4% | Loss=0.1796 | R²=0.9617 | MAE=0.3542
  📊 XGBOOST   : Accuracy= 95.8% | Loss=0.2820 | R²=0.9248 | MAE=0.4428
  📊 LSTM      : Accuracy= 82.5% | Loss=0.6575 | R²=0.5403 | MAE=1.1071
✅ ห้องบรรยาย2305.... [ห้องบรรยาย] +LSTM✓  R²:0.949  MAE:0.40ชม  sMAPE:32.0%  Acc:0.940  F1:0.938  conf:68.0%

🏠 1C-MEETING
   🧠 [1/3] LSTM (Primary) – 1C-MEETING
      📈 LSTM training history: epochs=70 train_loss=0.2910 val_loss=0.1888 train_acc=0.9164 val_acc=0.9650
         ✅ success
   🌿 [2/3] LightGBM (Support)
   ⚡ [3/3] XGBoost (Support)
    🟢 LightGBM training: TrainLoss=0.0557 CalLoss=0.0223 TrainAcc=0.9731 CalAcc=0.9860
    ⚡ XGBoost training: TrainLoss=0.0447 CalLoss=0.0264 TrainAcc=0.9955 CalAcc=0.9860

  🎯 ENSEMBLE – 1C-MEETING [id=459]

  📊 Classification Metrics – 1C-MEETING [id=459]
  ──────────────────────────────────────────────────
  Accuracy  : 0.9931  (99.3%)
  F1 Score  : 0.9896  (weighted avg)
  Recall    : 0.9931  (weighted avg)
  Precision : 0.9862  (weighted avg)
  CE Loss   : 0.1822

  📋 Classification Report:
                   precision    recall  f1-score   support
     
              low       0.99      1.00      1.00       140
           medium       0.00      0.00      0.00         1
             high       0.00      0.00      0.00         0
           urgent       1.00      1.00      1.00         3
     
         accuracy                           0.99       144
        macro avg       0.50      0.50      0.50       144
     weighted avg       0.99      0.99      0.99       144
     
  ──────────────────────────────────────────────────
  📊 ENSEMBLE  : Accuracy=100.0% | Loss=0.1625 | R²=0.8030 | MAE=0.1014
  📊 LIGHTGBM  : Accuracy=100.0% | Loss=0.1625 | R²=0.9567 | MAE=0.0153
  📊 XGBOOST   : Accuracy=100.0% | Loss=0.1625 | R²=0.1882 | MAE=0.2029
  📊 LSTM      : Accuracy= 98.6% | Loss=0.2019 | R²=-0.0415 | MAE=0.0938
✅ 1C-MEETING........ [ห้องประชุม] [no LSTM]  R²:0.803  MAE:0.10ชม  sMAPE:47.2%  Acc:0.993  F1:0.990  conf:52.8%

🏠 POL123(สำนักงานชั้น1)
   🧠 [1/3] LSTM (Primary) – POL123(สำนักงานชั้น1)
      📈 LSTM training history: epochs=70 train_loss=0.2910 val_loss=0.1888 train_acc=0.9164 val_acc=0.9650
         ✅ success
   🌿 [2/3] LightGBM (Support)
   ⚡ [3/3] XGBoost (Support)
    🟢 LightGBM training: TrainLoss=0.0557 CalLoss=0.0223 TrainAcc=0.9731 CalAcc=0.9860
    ⚡ XGBoost training: TrainLoss=0.0447 CalLoss=0.0264 TrainAcc=0.9955 CalAcc=0.9860

  🎯 ENSEMBLE – POL123(สำนักงานชั้น1) [id=460]

  📊 Classification Metrics – POL123(สำนักงานชั้น1) [id=460]
  ──────────────────────────────────────────────────
  Accuracy  : 0.9931  (99.3%)
  F1 Score  : 0.9896  (weighted avg)
  Recall    : 0.9931  (weighted avg)
  Precision : 0.9862  (weighted avg)
  CE Loss   : 0.1822

  📋 Classification Report:
                   precision    recall  f1-score   support
     
              low       0.99      1.00      1.00       140
           medium       0.00      0.00      0.00         1
             high       0.00      0.00      0.00         0
           urgent       1.00      1.00      1.00         3
     
         accuracy                           0.99       144
        macro avg       0.50      0.50      0.50       144
     weighted avg       0.99      0.99      0.99       144
     
  ──────────────────────────────────────────────────
  📊 ENSEMBLE  : Accuracy=100.0% | Loss=0.1625 | R²=0.8030 | MAE=0.1014
  📊 LIGHTGBM  : Accuracy=100.0% | Loss=0.1625 | R²=0.9567 | MAE=0.0153
  📊 XGBOOST   : Accuracy=100.0% | Loss=0.1625 | R²=0.1882 | MAE=0.2029
  📊 LSTM      : Accuracy= 98.6% | Loss=0.2019 | R²=-0.0415 | MAE=0.0938
✅ POL123(สำนักงานชั้น1) [ห้องประชุม] [no LSTM]  R²:0.803  MAE:0.10ชม  sMAPE:47.2%  Acc:0.993  F1:0.990  conf:52.8%

🏠 POL228ห้องเรียนชั้น2
   🧠 [1/3] LSTM (Primary) – POL228ห้องเรียนชั้น2
      📈 LSTM training history: epochs=70 train_loss=0.9112 val_loss=1.1590 train_acc=0.7251 val_acc=0.6325
         ✅ success
   🌿 [2/3] LightGBM (Support)
   ⚡ [3/3] XGBoost (Support)
    🟢 LightGBM training: TrainLoss=0.3704 CalLoss=0.3156 TrainAcc=0.9443 CalAcc=0.9398
    ⚡ XGBoost training: TrainLoss=0.3248 CalLoss=0.3530 TrainAcc=0.9663 CalAcc=0.8916

  🎯 ENSEMBLE – POL228ห้องเรียนชั้น2 [id=461]

  📊 Classification Metrics – POL228ห้องเรียนชั้น2 [id=461]
  ──────────────────────────────────────────────────
  Accuracy  : 0.9157  (91.6%)
  F1 Score  : 0.9117  (weighted avg)
  Recall    : 0.9157  (weighted avg)
  Precision : 0.9105  (weighted avg)
  CE Loss   : 0.4015

  📋 Classification Report:
                   precision    recall  f1-score   support
     
              low       0.99      0.99      0.99        69
           medium       0.88      0.96      0.92        53
             high       0.40      0.29      0.33         7
           urgent       0.91      0.84      0.87        37
     
         accuracy                           0.92       166
        macro avg       0.79      0.77      0.78       166
     weighted avg       0.91      0.92      0.91       166
     
  ──────────────────────────────────────────────────
  📊 ENSEMBLE  : Accuracy= 97.6% | Loss=0.2308 | R²=0.9499 | MAE=0.4010
  📊 LIGHTGBM  : Accuracy= 99.4% | Loss=0.1796 | R²=0.9617 | MAE=0.3542
  📊 XGBOOST   : Accuracy= 95.8% | Loss=0.2820 | R²=0.9248 | MAE=0.4428
  📊 LSTM      : Accuracy= 80.7% | Loss=0.7087 | R²=0.6217 | MAE=1.0072
✅ POL228ห้องเรียนชั้น2 [ห้องเรียน ] +LSTM✓  R²:0.950  MAE:0.40ชม  sMAPE:31.9%  Acc:0.916  F1:0.912  conf:68.1%

🏠 POLSMARTCLASSROOM(C)
   🧠 [1/3] LSTM (Primary) – POLSMARTCLASSROOM(C)
      📈 LSTM training history: epochs=70 train_loss=0.8840 val_loss=1.0686 train_acc=0.7350 val_acc=0.6506
         ✅ success
   🌿 [2/3] LightGBM (Support)
   ⚡ [3/3] XGBoost (Support)
    🟢 LightGBM training: TrainLoss=0.3704 CalLoss=0.3156 TrainAcc=0.9443 CalAcc=0.9398
    ⚡ XGBoost training: TrainLoss=0.3248 CalLoss=0.3530 TrainAcc=0.9663 CalAcc=0.8916

  🎯 ENSEMBLE – POLSMARTCLASSROOM(C) [id=462]

  📊 Classification Metrics – POLSMARTCLASSROOM(C) [id=462]
  ──────────────────────────────────────────────────
  Accuracy  : 0.9036  (90.4%)
  F1 Score  : 0.9024  (weighted avg)
  Recall    : 0.9036  (weighted avg)
  Precision : 0.9044  (weighted avg)
  CE Loss   : 0.4356

  📋 Classification Report:
                   precision    recall  f1-score   support
     
              low       0.99      0.99      0.99        69
           medium       0.88      0.96      0.92        53
             high       0.29      0.29      0.29         7
           urgent       0.91      0.78      0.84        37
     
         accuracy                           0.90       166
        macro avg       0.76      0.75      0.76       166
     weighted avg       0.90      0.90      0.90       166
     
  ──────────────────────────────────────────────────
  📊 ENSEMBLE  : Accuracy= 98.2% | Loss=0.2137 | R²=0.9494 | MAE=0.4036
  📊 LIGHTGBM  : Accuracy= 99.4% | Loss=0.1796 | R²=0.9617 | MAE=0.3542
  📊 XGBOOST   : Accuracy= 95.8% | Loss=0.2820 | R²=0.9248 | MAE=0.4428
  📊 LSTM      : Accuracy= 80.1% | Loss=0.7257 | R²=0.6189 | MAE=1.0346
✅ POLSMARTCLASSROOM(C) [smart classroom] +LSTM✓  R²:0.949  MAE:0.40ชม  sMAPE:32.0%  Acc:0.904  F1:0.902  conf:68.0%

🏠 BIOACTIVELEARNING(บรรยาย5ชั้น1)
   🧠 [1/3] LSTM (Primary) – BIOACTIVELEARNING(บรรยาย5ชั้น1)
      📈 LSTM training history: epochs=70 train_loss=0.9164 val_loss=1.0497 train_acc=0.7123 val_acc=0.6386
         ✅ success
   🌿 [2/3] LightGBM (Support)
   ⚡ [3/3] XGBoost (Support)
    🟢 LightGBM training: TrainLoss=0.3704 CalLoss=0.3156 TrainAcc=0.9443 CalAcc=0.9398
    ⚡ XGBoost training: TrainLoss=0.3248 CalLoss=0.3530 TrainAcc=0.9663 CalAcc=0.8916

  🎯 ENSEMBLE – BIOACTIVELEARNING(บรรยาย5ชั้น1) [id=463]

  📊 Classification Metrics – BIOACTIVELEARNING(บรรยาย5ชั้น1) [id=463]
  ──────────────────────────────────────────────────
  Accuracy  : 0.9217  (92.2%)
  F1 Score  : 0.9198  (weighted avg)
  Recall    : 0.9217  (weighted avg)
  Precision : 0.9196  (weighted avg)
  CE Loss   : 0.3844

  📋 Classification Report:
                   precision    recall  f1-score   support
     
              low       0.99      0.99      0.99        69
           medium       0.89      0.96      0.93        53
             high       0.50      0.43      0.46         7
           urgent       0.91      0.84      0.87        37
     
         accuracy                           0.92       166
        macro avg       0.82      0.80      0.81       166
     weighted avg       0.92      0.92      0.92       166
     
  ──────────────────────────────────────────────────
  📊 ENSEMBLE  : Accuracy= 97.6% | Loss=0.2308 | R²=0.9486 | MAE=0.4054
  📊 LIGHTGBM  : Accuracy= 99.4% | Loss=0.1796 | R²=0.9617 | MAE=0.3542
  📊 XGBOOST   : Accuracy= 95.8% | Loss=0.2820 | R²=0.9248 | MAE=0.4428
  📊 LSTM      : Accuracy= 80.1% | Loss=0.7257 | R²=0.6421 | MAE=1.0436
✅ BIOACTIVELEARNING(บรรยาย5ชั้น1) [ห้องเรียน/active learning] +LSTM✓  R²:0.949  MAE:0.41ชม  sMAPE:31.9%  Acc:0.922  F1:0.920  conf:68.1%

🏠 BIO1ห้องบรรยาย1ชั้น1
   🧠 [1/3] LSTM (Primary) – BIO1ห้องบรรยาย1ชั้น1
      📈 LSTM training history: epochs=70 train_loss=0.9349 val_loss=1.1876 train_acc=0.7151 val_acc=0.6024
         ✅ success
   🌿 [2/3] LightGBM (Support)
   ⚡ [3/3] XGBoost (Support)
    🟢 LightGBM training: TrainLoss=0.3704 CalLoss=0.3156 TrainAcc=0.9443 CalAcc=0.9398
    ⚡ XGBoost training: TrainLoss=0.3248 CalLoss=0.3530 TrainAcc=0.9663 CalAcc=0.8916

  🎯 ENSEMBLE – BIO1ห้องบรรยาย1ชั้น1 [id=464]

  📊 Classification Metrics – BIO1ห้องบรรยาย1ชั้น1 [id=464]
  ──────────────────────────────────────────────────
  Accuracy  : 0.9337  (93.4%)
  F1 Score  : 0.9302  (weighted avg)
  Recall    : 0.9337  (weighted avg)
  Precision : 0.9313  (weighted avg)
  CE Loss   : 0.3503

  📋 Classification Report:
                   precision    recall  f1-score   support
     
              low       0.99      0.99      0.99        69
           medium       0.89      0.96      0.93        53
             high       0.75      0.43      0.55         7
           urgent       0.92      0.89      0.90        37
     
         accuracy                           0.93       166
        macro avg       0.89      0.82      0.84       166
     weighted avg       0.93      0.93      0.93       166
     
  ──────────────────────────────────────────────────
  📊 ENSEMBLE  : Accuracy= 97.0% | Loss=0.2479 | R²=0.9507 | MAE=0.3984
  📊 LIGHTGBM  : Accuracy= 99.4% | Loss=0.1796 | R²=0.9617 | MAE=0.3542
  📊 XGBOOST   : Accuracy= 95.8% | Loss=0.2820 | R²=0.9248 | MAE=0.4428
  📊 LSTM      : Accuracy= 84.3% | Loss=0.6063 | R²=0.6536 | MAE=0.9915
✅ BIO1ห้องบรรยาย1ชั้น1 [ห้องบรรยาย] +LSTM✓  R²:0.951  MAE:0.40ชม  sMAPE:31.8%  Acc:0.934  F1:0.930  conf:68.2%

🏠 BIO3ห้องบรรยาย3ชั้น3
   🧠 [1/3] LSTM (Primary) – BIO3ห้องบรรยาย3ชั้น3
      📈 LSTM training history: epochs=70 train_loss=0.8787 val_loss=1.0641 train_acc=0.7450 val_acc=0.6446
         ✅ success
   🌿 [2/3] LightGBM (Support)
   ⚡ [3/3] XGBoost (Support)
    🟢 LightGBM training: TrainLoss=0.3704 CalLoss=0.3156 TrainAcc=0.9443 CalAcc=0.9398
    ⚡ XGBoost training: TrainLoss=0.3248 CalLoss=0.3530 TrainAcc=0.9663 CalAcc=0.8916

  🎯 ENSEMBLE – BIO3ห้องบรรยาย3ชั้น3 [id=465]

  📊 Classification Metrics – BIO3ห้องบรรยาย3ชั้น3 [id=465]
  ──────────────────────────────────────────────────
  Accuracy  : 0.9277  (92.8%)
  F1 Score  : 0.9249  (weighted avg)
  Recall    : 0.9277  (weighted avg)
  Precision : 0.9244  (weighted avg)
  CE Loss   : 0.3673

  📋 Classification Report:
                   precision    recall  f1-score   support
     
              low       0.99      0.99      0.99        69
           medium       0.89      0.96      0.93        53
             high       0.60      0.43      0.50         7
           urgent       0.91      0.86      0.89        37
     
         accuracy                           0.93       166
        macro avg       0.85      0.81      0.83       166
     weighted avg       0.92      0.93      0.92       166
     
  ──────────────────────────────────────────────────
  📊 ENSEMBLE  : Accuracy= 97.6% | Loss=0.2308 | R²=0.9485 | MAE=0.4077
  📊 LIGHTGBM  : Accuracy= 99.4% | Loss=0.1796 | R²=0.9617 | MAE=0.3542
  📊 XGBOOST   : Accuracy= 95.8% | Loss=0.2820 | R²=0.9248 | MAE=0.4428
  📊 LSTM      : Accuracy= 82.5% | Loss=0.6575 | R²=0.5918 | MAE=1.0442
✅ BIO3ห้องบรรยาย3ชั้น3 [ห้องบรรยาย] +LSTM✓  R²:0.949  MAE:0.41ชม  sMAPE:32.1%  Acc:0.928  F1:0.925  conf:67.9%

🏠 BIO4ห้องบรรยาย4ชั้น1
   🧠 [1/3] LSTM (Primary) – BIO4ห้องบรรยาย4ชั้น1
      📈 LSTM training history: epochs=70 train_loss=0.8794 val_loss=1.1002 train_acc=0.7251 val_acc=0.5723
         ✅ success
   🌿 [2/3] LightGBM (Support)
   ⚡ [3/3] XGBoost (Support)
    🟢 LightGBM training: TrainLoss=0.3704 CalLoss=0.3156 TrainAcc=0.9443 CalAcc=0.9398
    ⚡ XGBoost training: TrainLoss=0.3248 CalLoss=0.3530 TrainAcc=0.9663 CalAcc=0.8916

  🎯 ENSEMBLE – BIO4ห้องบรรยาย4ชั้น1 [id=466]

  📊 Classification Metrics – BIO4ห้องบรรยาย4ชั้น1 [id=466]
  ──────────────────────────────────────────────────
  Accuracy  : 0.9217  (92.2%)
  F1 Score  : 0.9165  (weighted avg)
  Recall    : 0.9217  (weighted avg)
  Precision : 0.9153  (weighted avg)
  CE Loss   : 0.3844

  📋 Classification Report:
                   precision    recall  f1-score   support
     
              low       0.99      0.99      0.99        69
           medium       0.88      0.96      0.92        53
             high       0.50      0.29      0.36         7
           urgent       0.91      0.86      0.89        37
     
         accuracy                           0.92       166
        macro avg       0.82      0.77      0.79       166
     weighted avg       0.92      0.92      0.92       166
     
  ──────────────────────────────────────────────────
  📊 ENSEMBLE  : Accuracy= 98.2% | Loss=0.2137 | R²=0.9494 | MAE=0.4045
  📊 LIGHTGBM  : Accuracy= 99.4% | Loss=0.1796 | R²=0.9617 | MAE=0.3542
  📊 XGBOOST   : Accuracy= 95.8% | Loss=0.2820 | R²=0.9248 | MAE=0.4428
  📊 LSTM      : Accuracy= 82.5% | Loss=0.6575 | R²=0.6373 | MAE=0.9921
✅ BIO4ห้องบรรยาย4ชั้น1 [ห้องบรรยาย] +LSTM✓  R²:0.949  MAE:0.40ชม  sMAPE:32.0%  Acc:0.922  F1:0.916  conf:68.0%

🏠 SC302ชั้น3
   🧠 [1/3] LSTM (Primary) – SC302ชั้น3
      📈 LSTM training history: epochs=70 train_loss=0.8600 val_loss=1.0311 train_acc=0.7422 val_acc=0.6446
         ✅ success
   🌿 [2/3] LightGBM (Support)
   ⚡ [3/3] XGBoost (Support)
    🟢 LightGBM training: TrainLoss=0.3704 CalLoss=0.3156 TrainAcc=0.9443 CalAcc=0.9398
    ⚡ XGBoost training: TrainLoss=0.3248 CalLoss=0.3530 TrainAcc=0.9663 CalAcc=0.8916

  🎯 ENSEMBLE – SC302ชั้น3 [id=467]

  📊 Classification Metrics – SC302ชั้น3 [id=467]
  ──────────────────────────────────────────────────
  Accuracy  : 0.9277  (92.8%)
  F1 Score  : 0.9271  (weighted avg)
  Recall    : 0.9277  (weighted avg)
  Precision : 0.9277  (weighted avg)
  CE Loss   : 0.3673

  📋 Classification Report:
                   precision    recall  f1-score   support
     
              low       0.99      0.99      0.99        69
           medium       0.91      0.96      0.94        53
             high       0.57      0.57      0.57         7
           urgent       0.91      0.84      0.87        37
     
         accuracy                           0.93       166
        macro avg       0.84      0.84      0.84       166
     weighted avg       0.93      0.93      0.93       166
     
  ──────────────────────────────────────────────────
  📊 ENSEMBLE  : Accuracy= 98.2% | Loss=0.2137 | R²=0.9489 | MAE=0.4062
  📊 LIGHTGBM  : Accuracy= 99.4% | Loss=0.1796 | R²=0.9617 | MAE=0.3542
  📊 XGBOOST   : Accuracy= 95.8% | Loss=0.2820 | R²=0.9248 | MAE=0.4428
  📊 LSTM      : Accuracy= 78.9% | Loss=0.7599 | R²=0.5984 | MAE=1.0463
✅ SC302ชั้น3........ [ห้องเรียน/ประชุม] +LSTM✓  R²:0.949  MAE:0.41ชม  sMAPE:32.1%  Acc:0.928  F1:0.927  conf:67.9%

🏠 SC349ชั้น3
   🧠 [1/3] LSTM (Primary) – SC349ชั้น3
      📈 LSTM training history: epochs=70 train_loss=0.8625 val_loss=1.0389 train_acc=0.7507 val_acc=0.6747
         ✅ success
   🌿 [2/3] LightGBM (Support)
   ⚡ [3/3] XGBoost (Support)
    🟢 LightGBM training: TrainLoss=0.3704 CalLoss=0.3156 TrainAcc=0.9443 CalAcc=0.9398
    ⚡ XGBoost training: TrainLoss=0.3248 CalLoss=0.3530 TrainAcc=0.9663 CalAcc=0.8916

  🎯 ENSEMBLE – SC349ชั้น3 [id=468]

  📊 Classification Metrics – SC349ชั้น3 [id=468]
  ──────────────────────────────────────────────────
  Accuracy  : 0.9337  (93.4%)
  F1 Score  : 0.9325  (weighted avg)
  Recall    : 0.9337  (weighted avg)
  Precision : 0.9323  (weighted avg)
  CE Loss   : 0.3503

  📋 Classification Report:
                   precision    recall  f1-score   support
     
              low       0.99      0.99      0.99        69
           medium       0.91      0.96      0.94        53
             high       0.67      0.57      0.62         7
           urgent       0.91      0.86      0.89        37
     
         accuracy                           0.93       166
        macro avg       0.87      0.85      0.86       166
     weighted avg       0.93      0.93      0.93       166
     
  ──────────────────────────────────────────────────
  📊 ENSEMBLE  : Accuracy= 97.6% | Loss=0.2308 | R²=0.9481 | MAE=0.4094
  📊 LIGHTGBM  : Accuracy= 99.4% | Loss=0.1796 | R²=0.9617 | MAE=0.3542
  📊 XGBOOST   : Accuracy= 95.8% | Loss=0.2820 | R²=0.9248 | MAE=0.4428
  📊 LSTM      : Accuracy= 81.3% | Loss=0.6916 | R²=0.5922 | MAE=1.0729
✅ SC349ชั้น3........ [ห้องเรียน/ประชุม] +LSTM✓  R²:0.948  MAE:0.41ชม  sMAPE:32.1%  Acc:0.934  F1:0.932  conf:67.9%

🏠 SC350ชั้น3
   🧠 [1/3] LSTM (Primary) – SC350ชั้น3
      📈 LSTM training history: epochs=70 train_loss=0.8681 val_loss=1.1588 train_acc=0.7479 val_acc=0.6024
         ✅ success
   🌿 [2/3] LightGBM (Support)
   ⚡ [3/3] XGBoost (Support)
    🟢 LightGBM training: TrainLoss=0.3704 CalLoss=0.3156 TrainAcc=0.9443 CalAcc=0.9398
    ⚡ XGBoost training: TrainLoss=0.3248 CalLoss=0.3530 TrainAcc=0.9663 CalAcc=0.8916

  🎯 ENSEMBLE – SC350ชั้น3 [id=469]

  📊 Classification Metrics – SC350ชั้น3 [id=469]
  ──────────────────────────────────────────────────
  Accuracy  : 0.9217  (92.2%)
  F1 Score  : 0.9165  (weighted avg)
  Recall    : 0.9217  (weighted avg)
  Precision : 0.9153  (weighted avg)
  CE Loss   : 0.3844

  📋 Classification Report:
                   precision    recall  f1-score   support
     
              low       0.99      0.99      0.99        69
           medium       0.88      0.96      0.92        53
             high       0.50      0.29      0.36         7
           urgent       0.91      0.86      0.89        37
     
         accuracy                           0.92       166
        macro avg       0.82      0.77      0.79       166
     weighted avg       0.92      0.92      0.92       166
     
  ──────────────────────────────────────────────────
  📊 ENSEMBLE  : Accuracy= 97.6% | Loss=0.2308 | R²=0.9490 | MAE=0.4044
  📊 LIGHTGBM  : Accuracy= 99.4% | Loss=0.1796 | R²=0.9617 | MAE=0.3542
  📊 XGBOOST   : Accuracy= 95.8% | Loss=0.2820 | R²=0.9248 | MAE=0.4428
  📊 LSTM      : Accuracy= 83.1% | Loss=0.6404 | R²=0.6184 | MAE=1.0629
✅ SC350ชั้น3........ [ห้องเรียน/ประชุม] +LSTM✓  R²:0.949  MAE:0.40ชม  sMAPE:31.9%  Acc:0.922  F1:0.916  conf:68.1%

🏠 EN6206ปฏิบัติการคอมพิวเตอร์
   🧠 [1/3] LSTM (Primary) – EN6206ปฏิบัติการคอมพิวเตอร์
      📈 LSTM training history: epochs=70 train_loss=0.9483 val_loss=1.2829 train_acc=0.7418 val_acc=0.6000
         ✅ success
   🌿 [2/3] LightGBM (Support)
   ⚡ [3/3] XGBoost (Support)
    🟢 LightGBM training: TrainLoss=0.4187 CalLoss=0.3534 TrainAcc=0.9533 CalAcc=0.9273
    ⚡ XGBoost training: TrainLoss=0.3578 CalLoss=0.3552 TrainAcc=0.9637 CalAcc=0.9212

  🎯 ENSEMBLE – EN6206ปฏิบัติการคอมพิวเตอร์ [id=470]

  📊 Classification Metrics – EN6206ปฏิบัติการคอมพิวเตอร์ [id=470]
  ──────────────────────────────────────────────────
  Accuracy  : 0.9036  (90.4%)
  F1 Score  : 0.9056  (weighted avg)
  Recall    : 0.9036  (weighted avg)
  Precision : 0.9105  (weighted avg)
  CE Loss   : 0.4356

  📋 Classification Report:
                   precision    recall  f1-score   support
     
              low       0.96      0.99      0.97        69
           medium       0.91      0.93      0.92        57
             high       0.33      0.43      0.38         7
           urgent       0.93      0.79      0.85        33
     
         accuracy                           0.90       166
        macro avg       0.78      0.78      0.78       166
     weighted avg       0.91      0.90      0.91       166
     
  ──────────────────────────────────────────────────
  📊 ENSEMBLE  : Accuracy= 97.0% | Loss=0.2479 | R²=0.9571 | MAE=0.4109
  📊 LIGHTGBM  : Accuracy= 96.4% | Loss=0.2649 | R²=0.9604 | MAE=0.3920
  📊 XGBOOST   : Accuracy= 97.0% | Loss=0.2479 | R²=0.9545 | MAE=0.4380
  📊 LSTM      : Accuracy= 80.7% | Loss=0.7087 | R²=0.6159 | MAE=1.1522
✅ EN6206ปฏิบัติการคอมพิวเตอร์ [ห้องปฏิบัติการคอมพิวเตอร์] +LSTM✓  R²:0.957  MAE:0.41ชม  sMAPE:32.6%  Acc:0.904  F1:0.906  conf:67.4%

🏠 1C-MEETING
   🧠 [1/3] LSTM (Primary) – 1C-MEETING
      📈 LSTM training history: epochs=70 train_loss=0.2911 val_loss=0.1889 train_acc=0.9164 val_acc=0.9650
         ✅ success
   🌿 [2/3] LightGBM (Support)
   ⚡ [3/3] XGBoost (Support)
    🟢 LightGBM training: TrainLoss=0.0557 CalLoss=0.0223 TrainAcc=0.9731 CalAcc=0.9860
    ⚡ XGBoost training: TrainLoss=0.0447 CalLoss=0.0264 TrainAcc=0.9955 CalAcc=0.9860

  🎯 ENSEMBLE – 1C-MEETING [id=471]

  📊 Classification Metrics – 1C-MEETING [id=471]
  ──────────────────────────────────────────────────
  Accuracy  : 0.9931  (99.3%)
  F1 Score  : 0.9896  (weighted avg)
  Recall    : 0.9931  (weighted avg)
  Precision : 0.9862  (weighted avg)
  CE Loss   : 0.1822

  📋 Classification Report:
                   precision    recall  f1-score   support
     
              low       0.99      1.00      1.00       140
           medium       0.00      0.00      0.00         1
             high       0.00      0.00      0.00         0
           urgent       1.00      1.00      1.00         3
     
         accuracy                           0.99       144
        macro avg       0.50      0.50      0.50       144
     weighted avg       0.99      0.99      0.99       144
     
  ──────────────────────────────────────────────────
  📊 ENSEMBLE  : Accuracy=100.0% | Loss=0.1625 | R²=0.8030 | MAE=0.1014
  📊 LIGHTGBM  : Accuracy=100.0% | Loss=0.1625 | R²=0.9567 | MAE=0.0153
  📊 XGBOOST   : Accuracy=100.0% | Loss=0.1625 | R²=0.1882 | MAE=0.2029
  📊 LSTM      : Accuracy= 98.6% | Loss=0.2019 | R²=-0.0414 | MAE=0.0939
✅ 1C-MEETING........ [ห้องประชุม] [no LSTM]  R²:0.803  MAE:0.10ชม  sMAPE:47.2%  Acc:0.993  F1:0.990  conf:52.8%

🏠 ลานกิจกรรมEN6ชั้น1ZONEB
   🧠 [1/3] LSTM (Primary) – ลานกิจกรรมEN6ชั้น1ZONEB
      📈 LSTM training history: epochs=70 train_loss=0.8862 val_loss=1.0817 train_acc=0.7379 val_acc=0.6084
         ✅ success
   🌿 [2/3] LightGBM (Support)
   ⚡ [3/3] XGBoost (Support)
    🟢 LightGBM training: TrainLoss=0.3704 CalLoss=0.3156 TrainAcc=0.9443 CalAcc=0.9398
    ⚡ XGBoost training: TrainLoss=0.3248 CalLoss=0.3530 TrainAcc=0.9663 CalAcc=0.8916

  🎯 ENSEMBLE – ลานกิจกรรมEN6ชั้น1ZONEB [id=472]

  📊 Classification Metrics – ลานกิจกรรมEN6ชั้น1ZONEB [id=472]
  ──────────────────────────────────────────────────
  Accuracy  : 0.9157  (91.6%)
  F1 Score  : 0.9117  (weighted avg)
  Recall    : 0.9157  (weighted avg)
  Precision : 0.9105  (weighted avg)
  CE Loss   : 0.4015

  📋 Classification Report:
                   precision    recall  f1-score   support
     
              low       0.99      0.99      0.99        69
           medium       0.88      0.96      0.92        53
             high       0.40      0.29      0.33         7
           urgent       0.91      0.84      0.87        37
     
         accuracy                           0.92       166
        macro avg       0.79      0.77      0.78       166
     weighted avg       0.91      0.92      0.91       166
     
  ──────────────────────────────────────────────────
  📊 ENSEMBLE  : Accuracy= 97.6% | Loss=0.2308 | R²=0.9492 | MAE=0.4048
  📊 LIGHTGBM  : Accuracy= 99.4% | Loss=0.1796 | R²=0.9617 | MAE=0.3542
  📊 XGBOOST   : Accuracy= 95.8% | Loss=0.2820 | R²=0.9248 | MAE=0.4428
  📊 LSTM      : Accuracy= 83.7% | Loss=0.6233 | R²=0.6052 | MAE=1.0483
✅ ลานกิจกรรมEN6ชั้น1ZONEB [ลานกิจกรรม] +LSTM✓  R²:0.949  MAE:0.40ชม  sMAPE:32.0%  Acc:0.916  F1:0.912  conf:68.0%

🏠 AGCOMPUTER1
   🧠 [1/3] LSTM (Primary) – AGCOMPUTER1
      📈 LSTM training history: epochs=70 train_loss=1.0062 val_loss=1.2207 train_acc=0.7375 val_acc=0.6242
         ✅ success
   🌿 [2/3] LightGBM (Support)
   ⚡ [3/3] XGBoost (Support)
    🟢 LightGBM training: TrainLoss=0.4187 CalLoss=0.3534 TrainAcc=0.9533 CalAcc=0.9273
    ⚡ XGBoost training: TrainLoss=0.3578 CalLoss=0.3552 TrainAcc=0.9637 CalAcc=0.9212

  🎯 ENSEMBLE – AGCOMPUTER1 [id=473]

  📊 Classification Metrics – AGCOMPUTER1 [id=473]
  ──────────────────────────────────────────────────
  Accuracy  : 0.9036  (90.4%)
  F1 Score  : 0.9056  (weighted avg)
  Recall    : 0.9036  (weighted avg)
  Precision : 0.9105  (weighted avg)
  CE Loss   : 0.4356

  📋 Classification Report:
                   precision    recall  f1-score   support
     
              low       0.96      0.99      0.97        69
           medium       0.91      0.93      0.92        57
             high       0.33      0.43      0.38         7
           urgent       0.93      0.79      0.85        33
     
         accuracy                           0.90       166
        macro avg       0.78      0.78      0.78       166
     weighted avg       0.91      0.90      0.91       166
     
  ──────────────────────────────────────────────────
  📊 ENSEMBLE  : Accuracy= 97.0% | Loss=0.2479 | R²=0.9566 | MAE=0.4137
  📊 LIGHTGBM  : Accuracy= 96.4% | Loss=0.2649 | R²=0.9604 | MAE=0.3920
  📊 XGBOOST   : Accuracy= 97.0% | Loss=0.2479 | R²=0.9545 | MAE=0.4380
  📊 LSTM      : Accuracy= 80.1% | Loss=0.7257 | R²=0.5784 | MAE=1.1867
✅ AGCOMPUTER1....... [ห้องปฏิบัติการคอมพิวเตอร์] +LSTM✓  R²:0.957  MAE:0.41ชม  sMAPE:32.7%  Acc:0.904  F1:0.906  conf:67.3%

🏠 AGCOMPUTER2
   🧠 [1/3] LSTM (Primary) – AGCOMPUTER2
      📈 LSTM training history: epochs=70 train_loss=0.9287 val_loss=1.1775 train_acc=0.7475 val_acc=0.6364
         ✅ success
   🌿 [2/3] LightGBM (Support)
   ⚡ [3/3] XGBoost (Support)
    🟢 LightGBM training: TrainLoss=0.4187 CalLoss=0.3534 TrainAcc=0.9533 CalAcc=0.9273
    ⚡ XGBoost training: TrainLoss=0.3578 CalLoss=0.3552 TrainAcc=0.9637 CalAcc=0.9212

  🎯 ENSEMBLE – AGCOMPUTER2 [id=474]

  📊 Classification Metrics – AGCOMPUTER2 [id=474]
  ──────────────────────────────────────────────────
  Accuracy  : 0.9036  (90.4%)
  F1 Score  : 0.9048  (weighted avg)
  Recall    : 0.9036  (weighted avg)
  Precision : 0.9102  (weighted avg)
  CE Loss   : 0.4356

  📋 Classification Report:
                   precision    recall  f1-score   support
     
              low       0.96      1.00      0.98        69
           medium       0.91      0.93      0.92        57
             high       0.33      0.43      0.38         7
           urgent       0.93      0.76      0.83        33
     
         accuracy                           0.90       166
        macro avg       0.78      0.78      0.78       166
     weighted avg       0.91      0.90      0.90       166
     
  ──────────────────────────────────────────────────
  📊 ENSEMBLE  : Accuracy= 97.0% | Loss=0.2479 | R²=0.9575 | MAE=0.4119
  📊 LIGHTGBM  : Accuracy= 96.4% | Loss=0.2649 | R²=0.9604 | MAE=0.3920
  📊 XGBOOST   : Accuracy= 97.0% | Loss=0.2479 | R²=0.9545 | MAE=0.4380
  📊 LSTM      : Accuracy= 80.7% | Loss=0.7087 | R²=0.6066 | MAE=1.1707
✅ AGCOMPUTER2....... [ห้องปฏิบัติการคอมพิวเตอร์] +LSTM✓  R²:0.957  MAE:0.41ชม  sMAPE:32.7%  Acc:0.904  F1:0.905  conf:67.3%

🏠 AGCOMPUTER3
   🧠 [1/3] LSTM (Primary) – AGCOMPUTER3
      📈 LSTM training history: epochs=70 train_loss=0.9696 val_loss=1.2367 train_acc=0.7475 val_acc=0.6121
         ✅ success
   🌿 [2/3] LightGBM (Support)
   ⚡ [3/3] XGBoost (Support)
    🟢 LightGBM training: TrainLoss=0.4187 CalLoss=0.3534 TrainAcc=0.9533 CalAcc=0.9273
    ⚡ XGBoost training: TrainLoss=0.3578 CalLoss=0.3552 TrainAcc=0.9637 CalAcc=0.9212

  🎯 ENSEMBLE – AGCOMPUTER3 [id=475]

  📊 Classification Metrics – AGCOMPUTER3 [id=475]
  ──────────────────────────────────────────────────
  Accuracy  : 0.9036  (90.4%)
  F1 Score  : 0.9048  (weighted avg)
  Recall    : 0.9036  (weighted avg)
  Precision : 0.9102  (weighted avg)
  CE Loss   : 0.4356

  📋 Classification Report:
                   precision    recall  f1-score   support
     
              low       0.96      1.00      0.98        69
           medium       0.91      0.93      0.92        57
             high       0.33      0.43      0.38         7
           urgent       0.93      0.76      0.83        33
     
         accuracy                           0.90       166
        macro avg       0.78      0.78      0.78       166
     weighted avg       0.91      0.90      0.90       166
     
  ──────────────────────────────────────────────────
  📊 ENSEMBLE  : Accuracy= 97.0% | Loss=0.2479 | R²=0.9574 | MAE=0.4113
  📊 LIGHTGBM  : Accuracy= 96.4% | Loss=0.2649 | R²=0.9604 | MAE=0.3920
  📊 XGBOOST   : Accuracy= 97.0% | Loss=0.2479 | R²=0.9545 | MAE=0.4380
  📊 LSTM      : Accuracy= 79.5% | Loss=0.7428 | R²=0.5976 | MAE=1.1483
✅ AGCOMPUTER3....... [ห้องปฏิบัติการคอมพิวเตอร์] +LSTM✓  R²:0.957  MAE:0.41ชม  sMAPE:32.7%  Acc:0.904  F1:0.905  conf:67.3%

🏠 CMP_101ออดิทอเรียม
   🧠 [1/3] LSTM (Primary) – CMP_101ออดิทอเรียม
      📈 LSTM training history: epochs=70 train_loss=0.8269 val_loss=1.1575 train_acc=0.7507 val_acc=0.6205
         ✅ success
   🌿 [2/3] LightGBM (Support)
   ⚡ [3/3] XGBoost (Support)
    🟢 LightGBM training: TrainLoss=0.3704 CalLoss=0.3156 TrainAcc=0.9443 CalAcc=0.9398
    ⚡ XGBoost training: TrainLoss=0.3248 CalLoss=0.3530 TrainAcc=0.9663 CalAcc=0.8916

  🎯 ENSEMBLE – CMP_101ออดิทอเรียม [id=476]

  📊 Classification Metrics – CMP_101ออดิทอเรียม [id=476]
  ──────────────────────────────────────────────────
  Accuracy  : 0.9398  (94.0%)
  F1 Score  : 0.9380  (weighted avg)
  Recall    : 0.9398  (weighted avg)
  Precision : 0.9385  (weighted avg)
  CE Loss   : 0.3332

  📋 Classification Report:
                   precision    recall  f1-score   support
     
              low       0.99      0.99      0.99        69
           medium       0.91      0.96      0.94        53
             high       0.80      0.57      0.67         7
           urgent       0.92      0.89      0.90        37
     
         accuracy                           0.94       166
        macro avg       0.90      0.85      0.87       166
     weighted avg       0.94      0.94      0.94       166
     
  ──────────────────────────────────────────────────
  📊 ENSEMBLE  : Accuracy= 97.6% | Loss=0.2308 | R²=0.9501 | MAE=0.4009
  📊 LIGHTGBM  : Accuracy= 99.4% | Loss=0.1796 | R²=0.9617 | MAE=0.3542
  📊 XGBOOST   : Accuracy= 95.8% | Loss=0.2820 | R²=0.9248 | MAE=0.4428
  📊 LSTM      : Accuracy= 80.7% | Loss=0.7087 | R²=0.6412 | MAE=1.0240
✅ CMP_101ออดิทอเรียม [auditorium] +LSTM✓  R²:0.950  MAE:0.40ชม  sMAPE:31.9%  Acc:0.940  F1:0.938  conf:68.1%

🏠 CMP_103ห้องบรรยาย
   🧠 [1/3] LSTM (Primary) – CMP_103ห้องบรรยาย
      📈 LSTM training history: epochs=70 train_loss=0.8710 val_loss=1.0245 train_acc=0.7436 val_acc=0.6506
         ✅ success
   🌿 [2/3] LightGBM (Support)
   ⚡ [3/3] XGBoost (Support)
    🟢 LightGBM training: TrainLoss=0.3704 CalLoss=0.3156 TrainAcc=0.9443 CalAcc=0.9398
    ⚡ XGBoost training: TrainLoss=0.3248 CalLoss=0.3530 TrainAcc=0.9663 CalAcc=0.8916

  🎯 ENSEMBLE – CMP_103ห้องบรรยาย [id=477]

  📊 Classification Metrics – CMP_103ห้องบรรยาย [id=477]
  ──────────────────────────────────────────────────
  Accuracy  : 0.9217  (92.2%)
  F1 Score  : 0.9198  (weighted avg)
  Recall    : 0.9217  (weighted avg)
  Precision : 0.9196  (weighted avg)
  CE Loss   : 0.3844

  📋 Classification Report:
                   precision    recall  f1-score   support
     
              low       0.99      0.99      0.99        69
           medium       0.89      0.96      0.93        53
             high       0.50      0.43      0.46         7
           urgent       0.91      0.84      0.87        37
     
         accuracy                           0.92       166
        macro avg       0.82      0.80      0.81       166
     weighted avg       0.92      0.92      0.92       166
     
  ──────────────────────────────────────────────────
  📊 ENSEMBLE  : Accuracy= 97.6% | Loss=0.2308 | R²=0.9478 | MAE=0.4100
  📊 LIGHTGBM  : Accuracy= 99.4% | Loss=0.1796 | R²=0.9617 | MAE=0.3542
  📊 XGBOOST   : Accuracy= 95.8% | Loss=0.2820 | R²=0.9248 | MAE=0.4428
  📊 LSTM      : Accuracy= 80.1% | Loss=0.7257 | R²=0.5692 | MAE=1.0940
✅ CMP_103ห้องบรรยาย. [ห้องบรรยาย] +LSTM✓  R²:0.948  MAE:0.41ชม  sMAPE:32.1%  Acc:0.922  F1:0.920  conf:67.9%

🏠 CMP_131SMARTCLASSROOM
   🧠 [1/3] LSTM (Primary) – CMP_131SMARTCLASSROOM
      📈 LSTM training history: epochs=70 train_loss=0.8748 val_loss=0.9745 train_acc=0.7379 val_acc=0.6747
         ✅ success
   🌿 [2/3] LightGBM (Support)
   ⚡ [3/3] XGBoost (Support)
    🟢 LightGBM training: TrainLoss=0.3704 CalLoss=0.3156 TrainAcc=0.9443 CalAcc=0.9398
    ⚡ XGBoost training: TrainLoss=0.3248 CalLoss=0.3530 TrainAcc=0.9663 CalAcc=0.8916

  🎯 ENSEMBLE – CMP_131SMARTCLASSROOM [id=478]

  📊 Classification Metrics – CMP_131SMARTCLASSROOM [id=478]
  ──────────────────────────────────────────────────
  Accuracy  : 0.9157  (91.6%)
  F1 Score  : 0.9148  (weighted avg)
  Recall    : 0.9157  (weighted avg)
  Precision : 0.9160  (weighted avg)
  CE Loss   : 0.4015

  📋 Classification Report:
                   precision    recall  f1-score   support
     
              low       0.99      0.99      0.99        69
           medium       0.89      0.96      0.93        53
             high       0.43      0.43      0.43         7
           urgent       0.91      0.81      0.86        37
     
         accuracy                           0.92       166
        macro avg       0.80      0.80      0.80       166
     weighted avg       0.92      0.92      0.91       166
     
  ──────────────────────────────────────────────────
  📊 ENSEMBLE  : Accuracy= 97.6% | Loss=0.2308 | R²=0.9480 | MAE=0.4114
  📊 LIGHTGBM  : Accuracy= 99.4% | Loss=0.1796 | R²=0.9617 | MAE=0.3542
  📊 XGBOOST   : Accuracy= 95.8% | Loss=0.2820 | R²=0.9248 | MAE=0.4428
  📊 LSTM      : Accuracy= 80.1% | Loss=0.7257 | R²=0.5632 | MAE=1.0957
✅ CMP_131SMARTCLASSROOM [smart classroom] +LSTM✓  R²:0.948  MAE:0.41ชม  sMAPE:32.2%  Acc:0.916  F1:0.915  conf:67.8%

🏠 CMP_201ห้องวิจัย
   🧠 [1/3] LSTM (Primary) – CMP_201ห้องวิจัย
      📈 LSTM training history: epochs=70 train_loss=0.8884 val_loss=1.0628 train_acc=0.7350 val_acc=0.6325
         ✅ success
   🌿 [2/3] LightGBM (Support)
   ⚡ [3/3] XGBoost (Support)
    🟢 LightGBM training: TrainLoss=0.3704 CalLoss=0.3156 TrainAcc=0.9443 CalAcc=0.9398
    ⚡ XGBoost training: TrainLoss=0.3248 CalLoss=0.3530 TrainAcc=0.9663 CalAcc=0.8916

  🎯 ENSEMBLE – CMP_201ห้องวิจัย [id=479]

  📊 Classification Metrics – CMP_201ห้องวิจัย [id=479]
  ──────────────────────────────────────────────────
  Accuracy  : 0.9217  (92.2%)
  F1 Score  : 0.9165  (weighted avg)
  Recall    : 0.9217  (weighted avg)
  Precision : 0.9153  (weighted avg)
  CE Loss   : 0.3844

  📋 Classification Report:
                   precision    recall  f1-score   support
     
              low       0.99      0.99      0.99        69
           medium       0.88      0.96      0.92        53
             high       0.50      0.29      0.36         7
           urgent       0.91      0.86      0.89        37
     
         accuracy                           0.92       166
        macro avg       0.82      0.77      0.79       166
     weighted avg       0.92      0.92      0.92       166
     
  ──────────────────────────────────────────────────
  📊 ENSEMBLE  : Accuracy= 97.6% | Loss=0.2308 | R²=0.9484 | MAE=0.4075
  📊 LIGHTGBM  : Accuracy= 99.4% | Loss=0.1796 | R²=0.9617 | MAE=0.3542
  📊 XGBOOST   : Accuracy= 95.8% | Loss=0.2820 | R²=0.9248 | MAE=0.4428
  📊 LSTM      : Accuracy= 81.9% | Loss=0.6745 | R²=0.6052 | MAE=1.0730
✅ CMP_201ห้องวิจัย.. [ห้องวิจัย ] +LSTM✓  R²:0.948  MAE:0.41ชม  sMAPE:32.0%  Acc:0.922  F1:0.916  conf:68.0%

🏠 CMP_211ปฏิบัติการชีวเคมีฯ
   🧠 [1/3] LSTM (Primary) – CMP_211ปฏิบัติการชีวเคมีฯ
      📈 LSTM training history: epochs=70 train_loss=0.8938 val_loss=1.0609 train_acc=0.7165 val_acc=0.6506
         ✅ success
   🌿 [2/3] LightGBM (Support)
   ⚡ [3/3] XGBoost (Support)
    🟢 LightGBM training: TrainLoss=0.3704 CalLoss=0.3156 TrainAcc=0.9443 CalAcc=0.9398
    ⚡ XGBoost training: TrainLoss=0.3248 CalLoss=0.3530 TrainAcc=0.9663 CalAcc=0.8916

  🎯 ENSEMBLE – CMP_211ปฏิบัติการชีวเคมีฯ [id=480]

  📊 Classification Metrics – CMP_211ปฏิบัติการชีวเคมีฯ [id=480]
  ──────────────────────────────────────────────────
  Accuracy  : 0.9096  (91.0%)
  F1 Score  : 0.9071  (weighted avg)
  Recall    : 0.9096  (weighted avg)
  Precision : 0.9071  (weighted avg)
  CE Loss   : 0.4185

  📋 Classification Report:
                   precision    recall  f1-score   support
     
              low       0.99      0.99      0.99        69
           medium       0.88      0.96      0.92        53
             high       0.33      0.29      0.31         7
           urgent       0.91      0.81      0.86        37
     
         accuracy                           0.91       166
        macro avg       0.78      0.76      0.77       166
     weighted avg       0.91      0.91      0.91       166
     
  ──────────────────────────────────────────────────
  📊 ENSEMBLE  : Accuracy= 98.2% | Loss=0.2137 | R²=0.9487 | MAE=0.4067
  📊 LIGHTGBM  : Accuracy= 99.4% | Loss=0.1796 | R²=0.9617 | MAE=0.3542
  📊 XGBOOST   : Accuracy= 95.8% | Loss=0.2820 | R²=0.9248 | MAE=0.4428
  📊 LSTM      : Accuracy= 80.1% | Loss=0.7257 | R²=0.5872 | MAE=1.0570
✅ CMP_211ปฏิบัติการชีวเคมีฯ [ห้องปฏิบัติการ] +LSTM✓  R²:0.949  MAE:0.41ชม  sMAPE:32.0%  Acc:0.910  F1:0.907  conf:68.0%

🏠 CMP_213ปฏิบัติการสรีรวิทยาฯ
   🧠 [1/3] LSTM (Primary) – CMP_213ปฏิบัติการสรีรวิทยาฯ
      📈 LSTM training history: epochs=70 train_loss=0.8804 val_loss=1.0666 train_acc=0.7507 val_acc=0.6566
         ✅ success
   🌿 [2/3] LightGBM (Support)
   ⚡ [3/3] XGBoost (Support)
    🟢 LightGBM training: TrainLoss=0.3704 CalLoss=0.3156 TrainAcc=0.9443 CalAcc=0.9398
    ⚡ XGBoost training: TrainLoss=0.3248 CalLoss=0.3530 TrainAcc=0.9663 CalAcc=0.8916

  🎯 ENSEMBLE – CMP_213ปฏิบัติการสรีรวิทยาฯ [id=481]

  📊 Classification Metrics – CMP_213ปฏิบัติการสรีรวิทยาฯ [id=481]
  ──────────────────────────────────────────────────
  Accuracy  : 0.9337  (93.4%)
  F1 Score  : 0.9302  (weighted avg)
  Recall    : 0.9337  (weighted avg)
  Precision : 0.9313  (weighted avg)
  CE Loss   : 0.3503

  📋 Classification Report:
                   precision    recall  f1-score   support
     
              low       0.99      0.99      0.99        69
           medium       0.89      0.96      0.93        53
             high       0.75      0.43      0.55         7
           urgent       0.92      0.89      0.90        37
     
         accuracy                           0.93       166
        macro avg       0.89      0.82      0.84       166
     weighted avg       0.93      0.93      0.93       166
     
  ──────────────────────────────────────────────────
  📊 ENSEMBLE  : Accuracy= 97.0% | Loss=0.2479 | R²=0.9480 | MAE=0.4076
  📊 LIGHTGBM  : Accuracy= 99.4% | Loss=0.1796 | R²=0.9617 | MAE=0.3542
  📊 XGBOOST   : Accuracy= 95.8% | Loss=0.2820 | R²=0.9248 | MAE=0.4428
  📊 LSTM      : Accuracy= 82.5% | Loss=0.6575 | R²=0.5787 | MAE=1.0878
✅ CMP_213ปฏิบัติการสรีรวิทยาฯ [ห้องปฏิบัติการ] +LSTM✓  R²:0.948  MAE:0.41ชม  sMAPE:32.0%  Acc:0.934  F1:0.930  conf:68.0%

🏠 1C-MEETING
   🧠 [1/3] LSTM (Primary) – 1C-MEETING
      📈 LSTM training history: epochs=70 train_loss=0.2913 val_loss=0.1892 train_acc=0.9164 val_acc=0.9650
         ✅ success
   🌿 [2/3] LightGBM (Support)
   ⚡ [3/3] XGBoost (Support)
    🟢 LightGBM training: TrainLoss=0.0557 CalLoss=0.0223 TrainAcc=0.9731 CalAcc=0.9860
    ⚡ XGBoost training: TrainLoss=0.0447 CalLoss=0.0264 TrainAcc=0.9955 CalAcc=0.9860

  🎯 ENSEMBLE – 1C-MEETING [id=482]

  📊 Classification Metrics – 1C-MEETING [id=482]
  ──────────────────────────────────────────────────
  Accuracy  : 0.9931  (99.3%)
  F1 Score  : 0.9896  (weighted avg)
  Recall    : 0.9931  (weighted avg)
  Precision : 0.9862  (weighted avg)
  CE Loss   : 0.1822

  📋 Classification Report:
                   precision    recall  f1-score   support
     
              low       0.99      1.00      1.00       140
           medium       0.00      0.00      0.00         1
             high       0.00      0.00      0.00         0
           urgent       1.00      1.00      1.00         3
     
         accuracy                           0.99       144
        macro avg       0.50      0.50      0.50       144
     weighted avg       0.99      0.99      0.99       144
     
  ──────────────────────────────────────────────────
  📊 ENSEMBLE  : Accuracy=100.0% | Loss=0.1625 | R²=0.8030 | MAE=0.1014
  📊 LIGHTGBM  : Accuracy=100.0% | Loss=0.1625 | R²=0.9567 | MAE=0.0153
  📊 XGBOOST   : Accuracy=100.0% | Loss=0.1625 | R²=0.1882 | MAE=0.2029
  📊 LSTM      : Accuracy= 98.6% | Loss=0.2019 | R²=-0.0411 | MAE=0.0941
✅ 1C-MEETING........ [ห้องประชุม] [no LSTM]  R²:0.803  MAE:0.10ชม  sMAPE:47.2%  Acc:0.993  F1:0.990  conf:52.8%

🏠 NTC_313ห้องเรียน
   🧠 [1/3] LSTM (Primary) – NTC_313ห้องเรียน
      📈 LSTM training history: epochs=70 train_loss=0.8983 val_loss=1.1330 train_acc=0.7379 val_acc=0.6145
         ✅ success
   🌿 [2/3] LightGBM (Support)
   ⚡ [3/3] XGBoost (Support)
    🟢 LightGBM training: TrainLoss=0.3704 CalLoss=0.3156 TrainAcc=0.9443 CalAcc=0.9398
    ⚡ XGBoost training: TrainLoss=0.3248 CalLoss=0.3530 TrainAcc=0.9663 CalAcc=0.8916

  🎯 ENSEMBLE – NTC_313ห้องเรียน [id=483]

  📊 Classification Metrics – NTC_313ห้องเรียน [id=483]
  ──────────────────────────────────────────────────
  Accuracy  : 0.9217  (92.2%)
  F1 Score  : 0.9165  (weighted avg)
  Recall    : 0.9217  (weighted avg)
  Precision : 0.9153  (weighted avg)
  CE Loss   : 0.3844

  📋 Classification Report:
                   precision    recall  f1-score   support
     
              low       0.99      0.99      0.99        69
           medium       0.88      0.96      0.92        53
             high       0.50      0.29      0.36         7
           urgent       0.91      0.86      0.89        37
     
         accuracy                           0.92       166
        macro avg       0.82      0.77      0.79       166
     weighted avg       0.92      0.92      0.92       166
     
  ──────────────────────────────────────────────────
  📊 ENSEMBLE  : Accuracy= 98.2% | Loss=0.2137 | R²=0.9487 | MAE=0.4067
  📊 LIGHTGBM  : Accuracy= 99.4% | Loss=0.1796 | R²=0.9617 | MAE=0.3542
  📊 XGBOOST   : Accuracy= 95.8% | Loss=0.2820 | R²=0.9248 | MAE=0.4428
  📊 LSTM      : Accuracy= 78.9% | Loss=0.7599 | R²=0.5576 | MAE=1.1131
✅ NTC_313ห้องเรียน.. [ห้องเรียน ] +LSTM✓  R²:0.949  MAE:0.41ชม  sMAPE:32.0%  Acc:0.922  F1:0.916  conf:68.0%

🏠 NTC_409ห้องเรียน
   🧠 [1/3] LSTM (Primary) – NTC_409ห้องเรียน
      📈 LSTM training history: epochs=70 train_loss=0.8681 val_loss=1.0695 train_acc=0.7407 val_acc=0.6386
         ✅ success
   🌿 [2/3] LightGBM (Support)
   ⚡ [3/3] XGBoost (Support)
    🟢 LightGBM training: TrainLoss=0.3704 CalLoss=0.3156 TrainAcc=0.9443 CalAcc=0.9398
    ⚡ XGBoost training: TrainLoss=0.3248 CalLoss=0.3530 TrainAcc=0.9663 CalAcc=0.8916

  🎯 ENSEMBLE – NTC_409ห้องเรียน [id=484]

  📊 Classification Metrics – NTC_409ห้องเรียน [id=484]
  ──────────────────────────────────────────────────
  Accuracy  : 0.9157  (91.6%)
  F1 Score  : 0.9117  (weighted avg)
  Recall    : 0.9157  (weighted avg)
  Precision : 0.9105  (weighted avg)
  CE Loss   : 0.4015

  📋 Classification Report:
                   precision    recall  f1-score   support
     
              low       0.99      0.99      0.99        69
           medium       0.88      0.96      0.92        53
             high       0.40      0.29      0.33         7
           urgent       0.91      0.84      0.87        37
     
         accuracy                           0.92       166
        macro avg       0.79      0.77      0.78       166
     weighted avg       0.91      0.92      0.91       166
     
  ──────────────────────────────────────────────────
  📊 ENSEMBLE  : Accuracy= 97.6% | Loss=0.2308 | R²=0.9488 | MAE=0.4076
  📊 LIGHTGBM  : Accuracy= 99.4% | Loss=0.1796 | R²=0.9617 | MAE=0.3542
  📊 XGBOOST   : Accuracy= 95.8% | Loss=0.2820 | R²=0.9248 | MAE=0.4428
  📊 LSTM      : Accuracy= 81.9% | Loss=0.6745 | R²=0.6189 | MAE=1.0607
✅ NTC_409ห้องเรียน.. [ห้องเรียน ] +LSTM✓  R²:0.949  MAE:0.41ชม  sMAPE:32.1%  Acc:0.916  F1:0.912  conf:67.9%

🏠 ห้องโถงกิจกรรมชั้น1
   🧠 [1/3] LSTM (Primary) – ห้องโถงกิจกรรมชั้น1
      📈 LSTM training history: epochs=70 train_loss=0.8578 val_loss=1.1321 train_acc=0.7379 val_acc=0.6024
         ✅ success
   🌿 [2/3] LightGBM (Support)
   ⚡ [3/3] XGBoost (Support)
    🟢 LightGBM training: TrainLoss=0.3704 CalLoss=0.3156 TrainAcc=0.9443 CalAcc=0.9398
    ⚡ XGBoost training: TrainLoss=0.3248 CalLoss=0.3530 TrainAcc=0.9663 CalAcc=0.8916

  🎯 ENSEMBLE – ห้องโถงกิจกรรมชั้น1 [id=485]

  📊 Classification Metrics – ห้องโถงกิจกรรมชั้น1 [id=485]
  ──────────────────────────────────────────────────
  Accuracy  : 0.9337  (93.4%)
  F1 Score  : 0.9302  (weighted avg)
  Recall    : 0.9337  (weighted avg)
  Precision : 0.9313  (weighted avg)
  CE Loss   : 0.3503

  📋 Classification Report:
                   precision    recall  f1-score   support
     
              low       0.99      0.99      0.99        69
           medium       0.89      0.96      0.93        53
             high       0.75      0.43      0.55         7
           urgent       0.92      0.89      0.90        37
     
         accuracy                           0.93       166
        macro avg       0.89      0.82      0.84       166
     weighted avg       0.93      0.93      0.93       166
     
  ──────────────────────────────────────────────────
  📊 ENSEMBLE  : Accuracy= 98.2% | Loss=0.2137 | R²=0.9495 | MAE=0.4024
  📊 LIGHTGBM  : Accuracy= 99.4% | Loss=0.1796 | R²=0.9617 | MAE=0.3542
  📊 XGBOOST   : Accuracy= 95.8% | Loss=0.2820 | R²=0.9248 | MAE=0.4428
  📊 LSTM      : Accuracy= 80.7% | Loss=0.7087 | R²=0.5891 | MAE=1.0450
✅ ห้องโถงกิจกรรมชั้น1 [โถง/ห้องกิจกรรม] +LSTM✓  R²:0.949  MAE:0.40ชม  sMAPE:31.9%  Acc:0.934  F1:0.930  conf:68.1%
   🔢 Augment: 1 → 154 วัน (synthetic=153) – ข้อมูลใกล้เคียง

🏠 1C-MEETING
   🧠 [1/3] LSTM (Primary) – 1C-MEETING
      📈 LSTM training history: epochs=70 train_loss=0.1154 val_loss=0.1289 train_acc=0.6486 val_acc=0.8261
         ✅ success
   🌿 [2/3] LightGBM (Support)
   ⚡ [3/3] XGBoost (Support)
    🟢 LightGBM training: TrainLoss=0.0433 CalLoss=0.0792 TrainAcc=0.8785 CalAcc=0.9130
    ⚡ XGBoost training: TrainLoss=0.0313 CalLoss=0.0938 TrainAcc=0.9439 CalAcc=0.8696

  🎯 ENSEMBLE – 1C-MEETING [id=486]

  📊 Classification Metrics – 1C-MEETING [id=486]
  ──────────────────────────────────────────────────
  Accuracy  : 0.7500  (75.0%)
  F1 Score  : 0.7778  (weighted avg)
  Recall    : 0.7500  (weighted avg)
  Precision : 0.9167  (weighted avg)
  CE Loss   : 0.8708

  📋 Classification Report:
                   precision    recall  f1-score   support
     
              low       1.00      0.20      0.33         5
           medium       0.00      0.00      0.00         0
             high       0.00      0.00      0.00         0
           urgent       0.89      0.89      0.89        19
     
         accuracy                           0.75        24
        macro avg       0.47      0.27      0.31        24
     weighted avg       0.92      0.75      0.78        24
     
  ──────────────────────────────────────────────────
  📊 ENSEMBLE  : Accuracy=100.0% | Loss=0.1625 | R²=0.5862 | MAE=0.0692
  📊 LIGHTGBM  : Accuracy=100.0% | Loss=0.1625 | R²=0.6145 | MAE=0.0676
  📊 XGBOOST   : Accuracy=100.0% | Loss=0.1625 | R²=0.5253 | MAE=0.0728
  📊 LSTM      : Accuracy=100.0% | Loss=0.1625 | R²=-0.1340 | MAE=0.1085
✅ 1C-MEETING........ [ห้องประชุม] [no LSTM]  R²:0.586  MAE:0.07ชม  sMAPE:7.0%  Acc:0.750  F1:0.778  conf:93.0%

🏠 1C-MEETING
   🧠 [1/3] LSTM (Primary) – 1C-MEETING
      📈 LSTM training history: epochs=70 train_loss=0.2915 val_loss=0.1888 train_acc=0.9162 val_acc=0.9650
         ✅ success
   🌿 [2/3] LightGBM (Support)
   ⚡ [3/3] XGBoost (Support)
    🟢 LightGBM training: TrainLoss=0.0464 CalLoss=0.0229 TrainAcc=0.9940 CalAcc=0.9860
    ⚡ XGBoost training: TrainLoss=0.0420 CalLoss=0.0251 TrainAcc=0.9955 CalAcc=0.9790

  🎯 ENSEMBLE – 1C-MEETING [id=487]

  📊 Classification Metrics – 1C-MEETING [id=487]
  ──────────────────────────────────────────────────
  Accuracy  : 0.9931  (99.3%)
  F1 Score  : 0.9896  (weighted avg)
  Recall    : 0.9931  (weighted avg)
  Precision : 0.9862  (weighted avg)
  CE Loss   : 0.1822

  📋 Classification Report:
                   precision    recall  f1-score   support
     
              low       0.99      1.00      1.00       140
           medium       0.00      0.00      0.00         1
             high       0.00      0.00      0.00         0
           urgent       1.00      1.00      1.00         3
     
         accuracy                           0.99       144
        macro avg       0.50      0.50      0.50       144
     weighted avg       0.99      0.99      0.99       144
     
  ──────────────────────────────────────────────────
  📊 ENSEMBLE  : Accuracy=100.0% | Loss=0.1625 | R²=0.8046 | MAE=0.0998
  📊 LIGHTGBM  : Accuracy=100.0% | Loss=0.1625 | R²=0.9649 | MAE=0.0145
  📊 XGBOOST   : Accuracy=100.0% | Loss=0.1625 | R²=0.2485 | MAE=0.1931
  📊 LSTM      : Accuracy= 98.6% | Loss=0.2019 | R²=-0.0365 | MAE=0.0868
✅ 1C-MEETING........ [ห้องประชุม] [no LSTM]  R²:0.805  MAE:0.10ชม  sMAPE:57.0%  Acc:0.993  F1:0.990  conf:43.0%

🏠 CLB4100บันทึกวีดิโอ
   🧠 [1/3] LSTM (Primary) – CLB4100บันทึกวีดิโอ
      📈 LSTM training history: epochs=70 train_loss=0.9028 val_loss=1.0074 train_acc=0.7493 val_acc=0.6566
         ✅ success
   🌿 [2/3] LightGBM (Support)
   ⚡ [3/3] XGBoost (Support)
    🟢 LightGBM training: TrainLoss=0.3704 CalLoss=0.3156 TrainAcc=0.9443 CalAcc=0.9398
    ⚡ XGBoost training: TrainLoss=0.3248 CalLoss=0.3530 TrainAcc=0.9663 CalAcc=0.8916

  🎯 ENSEMBLE – CLB4100บันทึกวีดิโอ [id=488]

  📊 Classification Metrics – CLB4100บันทึกวีดิโอ [id=488]
  ──────────────────────────────────────────────────
  Accuracy  : 0.9277  (92.8%)
  F1 Score  : 0.9249  (weighted avg)
  Recall    : 0.9277  (weighted avg)
  Precision : 0.9244  (weighted avg)
  CE Loss   : 0.3673

  📋 Classification Report:
                   precision    recall  f1-score   support
     
              low       0.99      0.99      0.99        69
           medium       0.89      0.96      0.93        53
             high       0.60      0.43      0.50         7
           urgent       0.91      0.86      0.89        37
     
         accuracy                           0.93       166
        macro avg       0.85      0.81      0.83       166
     weighted avg       0.92      0.93      0.92       166
     
  ──────────────────────────────────────────────────
  📊 ENSEMBLE  : Accuracy= 98.2% | Loss=0.2137 | R²=0.9478 | MAE=0.4113
  📊 LIGHTGBM  : Accuracy= 99.4% | Loss=0.1796 | R²=0.9617 | MAE=0.3542
  📊 XGBOOST   : Accuracy= 95.8% | Loss=0.2820 | R²=0.9248 | MAE=0.4428
  📊 LSTM      : Accuracy= 83.1% | Loss=0.6404 | R²=0.6200 | MAE=1.0636
✅ CLB4100บันทึกวีดิโอ [ห้อง vdo recording] +LSTM✓  R²:0.948  MAE:0.41ชม  sMAPE:32.1%  Acc:0.928  F1:0.925  conf:67.9%
   🔢 Augment: 1 → 154 วัน (synthetic=153) – ข้อมูลใกล้เคียง

🏠 CLB4104LIVEONLINE
   🧠 [1/3] LSTM (Primary) – CLB4104LIVEONLINE
      📈 LSTM training history: epochs=70 train_loss=0.2253 val_loss=0.3790 train_acc=0.7568 val_acc=0.5217
         ✅ success
   🌿 [2/3] LightGBM (Support)
   ⚡ [3/3] XGBoost (Support)
    🟢 LightGBM training: TrainLoss=0.0891 CalLoss=0.1186 TrainAcc=0.8224 CalAcc=0.6087
    ⚡ XGBoost training: TrainLoss=0.0693 CalLoss=0.1362 TrainAcc=0.8692 CalAcc=0.5217

  🎯 ENSEMBLE – CLB4104LIVEONLINE [id=489]

  📊 Classification Metrics – CLB4104LIVEONLINE [id=489]
  ──────────────────────────────────────────────────
  Accuracy  : 0.5833  (58.3%)
  F1 Score  : 0.5293  (weighted avg)
  Recall    : 0.5833  (weighted avg)
  Precision : 0.7662  (weighted avg)
  CE Loss   : 1.3430

  📋 Classification Report:
                   precision    recall  f1-score   support
     
              low       1.00      0.11      0.20         9
           medium       0.00      0.00      0.00         1
             high       0.00      0.00      0.00         1
           urgent       0.72      1.00      0.84        13
     
         accuracy                           0.58        24
        macro avg       0.43      0.28      0.26        24
     weighted avg       0.77      0.58      0.53        24
     
  ──────────────────────────────────────────────────
  📊 ENSEMBLE  : Accuracy=100.0% | Loss=0.1625 | R²=0.4962 | MAE=0.1867
  📊 LIGHTGBM  : Accuracy=100.0% | Loss=0.1625 | R²=0.5361 | MAE=0.1733
  📊 XGBOOST   : Accuracy=100.0% | Loss=0.1625 | R²=0.4188 | MAE=0.2056
  📊 LSTM      : Accuracy=100.0% | Loss=0.1625 | R²=-1.0520 | MAE=0.3690
✅ CLB4104LIVEONLINE. [ห้อง live/self-record] [no LSTM]  R²:0.496  MAE:0.19ชม  sMAPE:9.8%  Acc:0.583  F1:0.529  conf:90.2%

🏠 CLB4201SMARTCLASSROOM
   🧠 [1/3] LSTM (Primary) – CLB4201SMARTCLASSROOM
      📈 LSTM training history: epochs=70 train_loss=0.8480 val_loss=1.0755 train_acc=0.7464 val_acc=0.6084
         ✅ success
   🌿 [2/3] LightGBM (Support)
   ⚡ [3/3] XGBoost (Support)
    🟢 LightGBM training: TrainLoss=0.3704 CalLoss=0.3156 TrainAcc=0.9443 CalAcc=0.9398
    ⚡ XGBoost training: TrainLoss=0.3248 CalLoss=0.3530 TrainAcc=0.9663 CalAcc=0.8916

  🎯 ENSEMBLE – CLB4201SMARTCLASSROOM [id=490]

  📊 Classification Metrics – CLB4201SMARTCLASSROOM [id=490]
  ──────────────────────────────────────────────────
  Accuracy  : 0.9217  (92.2%)
  F1 Score  : 0.9165  (weighted avg)
  Recall    : 0.9217  (weighted avg)
  Precision : 0.9153  (weighted avg)
  CE Loss   : 0.3844

  📋 Classification Report:
                   precision    recall  f1-score   support
     
              low       0.99      0.99      0.99        69
           medium       0.88      0.96      0.92        53
             high       0.50      0.29      0.36         7
           urgent       0.91      0.86      0.89        37
     
         accuracy                           0.92       166
        macro avg       0.82      0.77      0.79       166
     weighted avg       0.92      0.92      0.92       166
     
  ──────────────────────────────────────────────────
  📊 ENSEMBLE  : Accuracy= 97.6% | Loss=0.2308 | R²=0.9496 | MAE=0.4026
  📊 LIGHTGBM  : Accuracy= 99.4% | Loss=0.1796 | R²=0.9617 | MAE=0.3542
  📊 XGBOOST   : Accuracy= 95.8% | Loss=0.2820 | R²=0.9248 | MAE=0.4428
  📊 LSTM      : Accuracy= 82.5% | Loss=0.6575 | R²=0.6420 | MAE=0.9925
✅ CLB4201SMARTCLASSROOM [smart classroom vdo] +LSTM✓  R²:0.950  MAE:0.40ชม  sMAPE:31.9%  Acc:0.922  F1:0.916  conf:68.1%

🏠 CLB4202SMARTCLASSROOM
   🧠 [1/3] LSTM (Primary) – CLB4202SMARTCLASSROOM
      📈 LSTM training history: epochs=70 train_loss=0.8802 val_loss=1.1522 train_acc=0.7507 val_acc=0.6205
         ✅ success
   🌿 [2/3] LightGBM (Support)
   ⚡ [3/3] XGBoost (Support)
    🟢 LightGBM training: TrainLoss=0.3704 CalLoss=0.3156 TrainAcc=0.9443 CalAcc=0.9398
    ⚡ XGBoost training: TrainLoss=0.3248 CalLoss=0.3530 TrainAcc=0.9663 CalAcc=0.8916

  🎯 ENSEMBLE – CLB4202SMARTCLASSROOM [id=491]

  📊 Classification Metrics – CLB4202SMARTCLASSROOM [id=491]
  ──────────────────────────────────────────────────
  Accuracy  : 0.9217  (92.2%)
  F1 Score  : 0.9165  (weighted avg)
  Recall    : 0.9217  (weighted avg)
  Precision : 0.9153  (weighted avg)
  CE Loss   : 0.3844

  📋 Classification Report:
                   precision    recall  f1-score   support
     
              low       0.99      0.99      0.99        69
           medium       0.88      0.96      0.92        53
             high       0.50      0.29      0.36         7
           urgent       0.91      0.86      0.89        37
     
         accuracy                           0.92       166
        macro avg       0.82      0.77      0.79       166
     weighted avg       0.92      0.92      0.92       166
     
  ──────────────────────────────────────────────────
  📊 ENSEMBLE  : Accuracy= 98.2% | Loss=0.2137 | R²=0.9493 | MAE=0.4031
  📊 LIGHTGBM  : Accuracy= 99.4% | Loss=0.1796 | R²=0.9617 | MAE=0.3542
  📊 XGBOOST   : Accuracy= 95.8% | Loss=0.2820 | R²=0.9248 | MAE=0.4428
  📊 LSTM      : Accuracy= 80.7% | Loss=0.7087 | R²=0.6474 | MAE=1.0309
✅ CLB4202SMARTCLASSROOM [smart classroom vdo] +LSTM✓  R²:0.949  MAE:0.40ชม  sMAPE:31.8%  Acc:0.922  F1:0.916  conf:68.2%

🏠 CLB4203SMARTCLASSROOM
   🧠 [1/3] LSTM (Primary) – CLB4203SMARTCLASSROOM
      📈 LSTM training history: epochs=70 train_loss=0.8694 val_loss=1.0424 train_acc=0.7293 val_acc=0.6024
         ✅ success
   🌿 [2/3] LightGBM (Support)
   ⚡ [3/3] XGBoost (Support)
    🟢 LightGBM training: TrainLoss=0.3704 CalLoss=0.3156 TrainAcc=0.9443 CalAcc=0.9398
    ⚡ XGBoost training: TrainLoss=0.3248 CalLoss=0.3530 TrainAcc=0.9663 CalAcc=0.8916

  🎯 ENSEMBLE – CLB4203SMARTCLASSROOM [id=492]

  📊 Classification Metrics – CLB4203SMARTCLASSROOM [id=492]
  ──────────────────────────────────────────────────
  Accuracy  : 0.9398  (94.0%)
  F1 Score  : 0.9380  (weighted avg)
  Recall    : 0.9398  (weighted avg)
  Precision : 0.9385  (weighted avg)
  CE Loss   : 0.3332

  📋 Classification Report:
                   precision    recall  f1-score   support
     
              low       0.99      0.99      0.99        69
           medium       0.91      0.96      0.94        53
             high       0.80      0.57      0.67         7
           urgent       0.92      0.89      0.90        37
     
         accuracy                           0.94       166
        macro avg       0.90      0.85      0.87       166
     weighted avg       0.94      0.94      0.94       166
     
  ──────────────────────────────────────────────────
  📊 ENSEMBLE  : Accuracy= 97.6% | Loss=0.2308 | R²=0.9493 | MAE=0.4038
  📊 LIGHTGBM  : Accuracy= 99.4% | Loss=0.1796 | R²=0.9617 | MAE=0.3542
  📊 XGBOOST   : Accuracy= 95.8% | Loss=0.2820 | R²=0.9248 | MAE=0.4428
  📊 LSTM      : Accuracy= 81.9% | Loss=0.6745 | R²=0.6349 | MAE=0.9979
✅ CLB4203SMARTCLASSROOM [smart classroom vdo] +LSTM✓  R²:0.949  MAE:0.40ชม  sMAPE:32.0%  Acc:0.940  F1:0.938  conf:68.0%

🏠 OARทองกวาวVDOSTUDIO
   🧠 [1/3] LSTM (Primary) – OARทองกวาวVDOSTUDIO
      📈 LSTM training history: epochs=70 train_loss=0.8717 val_loss=1.0333 train_acc=0.7322 val_acc=0.6446
         ✅ success
   🌿 [2/3] LightGBM (Support)
   ⚡ [3/3] XGBoost (Support)
    🟢 LightGBM training: TrainLoss=0.3704 CalLoss=0.3156 TrainAcc=0.9443 CalAcc=0.9398
    ⚡ XGBoost training: TrainLoss=0.3248 CalLoss=0.3530 TrainAcc=0.9663 CalAcc=0.8916

  🎯 ENSEMBLE – OARทองกวาวVDOSTUDIO [id=493]

  📊 Classification Metrics – OARทองกวาวVDOSTUDIO [id=493]
  ──────────────────────────────────────────────────
  Accuracy  : 0.9217  (92.2%)
  F1 Score  : 0.9198  (weighted avg)
  Recall    : 0.9217  (weighted avg)
  Precision : 0.9196  (weighted avg)
  CE Loss   : 0.3844

  📋 Classification Report:
                   precision    recall  f1-score   support
     
              low       0.99      0.99      0.99        69
           medium       0.89      0.96      0.93        53
             high       0.50      0.43      0.46         7
           urgent       0.91      0.84      0.87        37
     
         accuracy                           0.92       166
        macro avg       0.82      0.80      0.81       166
     weighted avg       0.92      0.92      0.92       166
     
  ──────────────────────────────────────────────────
  📊 ENSEMBLE  : Accuracy= 98.2% | Loss=0.2137 | R²=0.9480 | MAE=0.4085
  📊 LIGHTGBM  : Accuracy= 99.4% | Loss=0.1796 | R²=0.9617 | MAE=0.3542
  📊 XGBOOST   : Accuracy= 95.8% | Loss=0.2820 | R²=0.9248 | MAE=0.4428
  📊 LSTM      : Accuracy= 81.3% | Loss=0.6916 | R²=0.5783 | MAE=1.0985
✅ OARทองกวาวVDOSTUDIO [vdo studio] +LSTM✓  R²:0.948  MAE:0.41ชม  sMAPE:32.0%  Acc:0.922  F1:0.920  conf:68.0%

🏠 OARยางนาOBSSTUDIO
   🧠 [1/3] LSTM (Primary) – OARยางนาOBSSTUDIO
      📈 LSTM training history: epochs=70 train_loss=0.9315 val_loss=1.1580 train_acc=0.7194 val_acc=0.6265
         ✅ success
   🌿 [2/3] LightGBM (Support)
   ⚡ [3/3] XGBoost (Support)
    🟢 LightGBM training: TrainLoss=0.3704 CalLoss=0.3156 TrainAcc=0.9443 CalAcc=0.9398
    ⚡ XGBoost training: TrainLoss=0.3248 CalLoss=0.3530 TrainAcc=0.9663 CalAcc=0.8916

  🎯 ENSEMBLE – OARยางนาOBSSTUDIO [id=494]

  📊 Classification Metrics – OARยางนาOBSSTUDIO [id=494]
  ──────────────────────────────────────────────────
  Accuracy  : 0.9217  (92.2%)
  F1 Score  : 0.9220  (weighted avg)
  Recall    : 0.9217  (weighted avg)
  Precision : 0.9241  (weighted avg)
  CE Loss   : 0.3844

  📋 Classification Report:
                   precision    recall  f1-score   support
     
              low       0.99      0.99      0.99        69
           medium       0.91      0.96      0.94        53
             high       0.50      0.57      0.53         7
           urgent       0.91      0.81      0.86        37
     
         accuracy                           0.92       166
        macro avg       0.83      0.83      0.83       166
     weighted avg       0.92      0.92      0.92       166
     
  ──────────────────────────────────────────────────
  📊 ENSEMBLE  : Accuracy= 97.6% | Loss=0.2308 | R²=0.9494 | MAE=0.4022
  📊 LIGHTGBM  : Accuracy= 99.4% | Loss=0.1796 | R²=0.9617 | MAE=0.3542
  📊 XGBOOST   : Accuracy= 95.8% | Loss=0.2820 | R²=0.9248 | MAE=0.4428
  📊 LSTM      : Accuracy= 75.3% | Loss=0.8623 | R²=0.5255 | MAE=1.1322
✅ OARยางนาOBSSTUDIO. [obs studio] +LSTM✓  R²:0.949  MAE:0.40ชม  sMAPE:31.9%  Acc:0.922  F1:0.922  conf:68.1%

🏠 บัวบา1
   🧠 [1/3] LSTM (Primary) – บัวบา1
      📈 LSTM training history: epochs=70 train_loss=0.8737 val_loss=1.0526 train_acc=0.7350 val_acc=0.6506
         ✅ success
   🌿 [2/3] LightGBM (Support)
   ⚡ [3/3] XGBoost (Support)
    🟢 LightGBM training: TrainLoss=0.3704 CalLoss=0.3156 TrainAcc=0.9443 CalAcc=0.9398
    ⚡ XGBoost training: TrainLoss=0.3248 CalLoss=0.3530 TrainAcc=0.9663 CalAcc=0.8916

  🎯 ENSEMBLE – บัวบา1 [id=495]

  📊 Classification Metrics – บัวบา1 [id=495]
  ──────────────────────────────────────────────────
  Accuracy  : 0.9277  (92.8%)
  F1 Score  : 0.9249  (weighted avg)
  Recall    : 0.9277  (weighted avg)
  Precision : 0.9244  (weighted avg)
  CE Loss   : 0.3673

  📋 Classification Report:
                   precision    recall  f1-score   support
     
              low       0.99      0.99      0.99        69
           medium       0.89      0.96      0.93        53
             high       0.60      0.43      0.50         7
           urgent       0.91      0.86      0.89        37
     
         accuracy                           0.93       166
        macro avg       0.85      0.81      0.83       166
     weighted avg       0.92      0.93      0.92       166
     
  ──────────────────────────────────────────────────
  📊 ENSEMBLE  : Accuracy= 97.6% | Loss=0.2308 | R²=0.9485 | MAE=0.4071
  📊 LIGHTGBM  : Accuracy= 99.4% | Loss=0.1796 | R²=0.9617 | MAE=0.3542
  📊 XGBOOST   : Accuracy= 95.8% | Loss=0.2820 | R²=0.9248 | MAE=0.4428
  📊 LSTM      : Accuracy= 81.9% | Loss=0.6745 | R²=0.5979 | MAE=1.0447
✅ บัวบา1............ [ห้องกลุ่มย่อย] +LSTM✓  R²:0.949  MAE:0.41ชม  sMAPE:32.1%  Acc:0.928  F1:0.925  conf:67.9%

🏠 บัวบา2
   🧠 [1/3] LSTM (Primary) – บัวบา2
      📈 LSTM training history: epochs=70 train_loss=0.8539 val_loss=1.0612 train_acc=0.7393 val_acc=0.6506
         ✅ success
   🌿 [2/3] LightGBM (Support)
   ⚡ [3/3] XGBoost (Support)
    🟢 LightGBM training: TrainLoss=0.3704 CalLoss=0.3156 TrainAcc=0.9443 CalAcc=0.9398
    ⚡ XGBoost training: TrainLoss=0.3248 CalLoss=0.3530 TrainAcc=0.9663 CalAcc=0.8916

  🎯 ENSEMBLE – บัวบา2 [id=496]

  📊 Classification Metrics – บัวบา2 [id=496]
  ──────────────────────────────────────────────────
  Accuracy  : 0.9398  (94.0%)
  F1 Score  : 0.9380  (weighted avg)
  Recall    : 0.9398  (weighted avg)
  Precision : 0.9385  (weighted avg)
  CE Loss   : 0.3332

  📋 Classification Report:
                   precision    recall  f1-score   support
     
              low       0.99      0.99      0.99        69
           medium       0.91      0.96      0.94        53
             high       0.80      0.57      0.67         7
           urgent       0.92      0.89      0.90        37
     
         accuracy                           0.94       166
        macro avg       0.90      0.85      0.87       166
     weighted avg       0.94      0.94      0.94       166
     
  ──────────────────────────────────────────────────
  📊 ENSEMBLE  : Accuracy= 97.6% | Loss=0.2308 | R²=0.9491 | MAE=0.4052
  📊 LIGHTGBM  : Accuracy= 99.4% | Loss=0.1796 | R²=0.9617 | MAE=0.3542
  📊 XGBOOST   : Accuracy= 95.8% | Loss=0.2820 | R²=0.9248 | MAE=0.4428
  📊 LSTM      : Accuracy= 81.3% | Loss=0.6916 | R²=0.6072 | MAE=1.0686
✅ บัวบา2............ [ห้องกลุ่มย่อย] +LSTM✓  R²:0.949  MAE:0.41ชม  sMAPE:32.0%  Acc:0.940  F1:0.938  conf:68.0%

🏠 บัวบา4
   🧠 [1/3] LSTM (Primary) – บัวบา4
      📈 LSTM training history: epochs=70 train_loss=0.8564 val_loss=1.0503 train_acc=0.7407 val_acc=0.6145
         ✅ success
   🌿 [2/3] LightGBM (Support)
   ⚡ [3/3] XGBoost (Support)
    🟢 LightGBM training: TrainLoss=0.3704 CalLoss=0.3156 TrainAcc=0.9443 CalAcc=0.9398
    ⚡ XGBoost training: TrainLoss=0.3248 CalLoss=0.3530 TrainAcc=0.9663 CalAcc=0.8916

  🎯 ENSEMBLE – บัวบา4 [id=497]

  📊 Classification Metrics – บัวบา4 [id=497]
  ──────────────────────────────────────────────────
  Accuracy  : 0.9277  (92.8%)
  F1 Score  : 0.9271  (weighted avg)
  Recall    : 0.9277  (weighted avg)
  Precision : 0.9277  (weighted avg)
  CE Loss   : 0.3673

  📋 Classification Report:
                   precision    recall  f1-score   support
     
              low       0.99      0.99      0.99        69
           medium       0.91      0.96      0.94        53
             high       0.57      0.57      0.57         7
           urgent       0.91      0.84      0.87        37
     
         accuracy                           0.93       166
        macro avg       0.84      0.84      0.84       166
     weighted avg       0.93      0.93      0.93       166
     
  ──────────────────────────────────────────────────
  📊 ENSEMBLE  : Accuracy= 97.6% | Loss=0.2308 | R²=0.9477 | MAE=0.4098
  📊 LIGHTGBM  : Accuracy= 99.4% | Loss=0.1796 | R²=0.9617 | MAE=0.3542
  📊 XGBOOST   : Accuracy= 95.8% | Loss=0.2820 | R²=0.9248 | MAE=0.4428
  📊 LSTM      : Accuracy= 82.5% | Loss=0.6575 | R²=0.5729 | MAE=1.1197
✅ บัวบา4............ [ห้องกลุ่มย่อย] +LSTM✓  R²:0.948  MAE:0.41ชม  sMAPE:32.0%  Acc:0.928  F1:0.927  conf:68.0%

🏠 บัวบา6
   🧠 [1/3] LSTM (Primary) – บัวบา6
      📈 LSTM training history: epochs=70 train_loss=0.8901 val_loss=1.0662 train_acc=0.7350 val_acc=0.6265
         ✅ success
   🌿 [2/3] LightGBM (Support)
   ⚡ [3/3] XGBoost (Support)
    🟢 LightGBM training: TrainLoss=0.3704 CalLoss=0.3156 TrainAcc=0.9443 CalAcc=0.9398
    ⚡ XGBoost training: TrainLoss=0.3248 CalLoss=0.3530 TrainAcc=0.9663 CalAcc=0.8916

  🎯 ENSEMBLE – บัวบา6 [id=498]

  📊 Classification Metrics – บัวบา6 [id=498]
  ──────────────────────────────────────────────────
  Accuracy  : 0.9277  (92.8%)
  F1 Score  : 0.9249  (weighted avg)
  Recall    : 0.9277  (weighted avg)
  Precision : 0.9244  (weighted avg)
  CE Loss   : 0.3673

  📋 Classification Report:
                   precision    recall  f1-score   support
     
              low       0.99      0.99      0.99        69
           medium       0.89      0.96      0.93        53
             high       0.60      0.43      0.50         7
           urgent       0.91      0.86      0.89        37
     
         accuracy                           0.93       166
        macro avg       0.85      0.81      0.83       166
     weighted avg       0.92      0.93      0.92       166
     
  ──────────────────────────────────────────────────
  📊 ENSEMBLE  : Accuracy= 97.6% | Loss=0.2308 | R²=0.9482 | MAE=0.4089
  📊 LIGHTGBM  : Accuracy= 99.4% | Loss=0.1796 | R²=0.9617 | MAE=0.3542
  📊 XGBOOST   : Accuracy= 95.8% | Loss=0.2820 | R²=0.9248 | MAE=0.4428
  📊 LSTM      : Accuracy= 81.3% | Loss=0.6916 | R²=0.6125 | MAE=1.0695
✅ บัวบา6............ [ห้องกลุ่มย่อย] +LSTM✓  R²:0.948  MAE:0.41ชม  sMAPE:32.0%  Acc:0.928  F1:0.925  conf:68.0%

🏠 บัวบา7
   🧠 [1/3] LSTM (Primary) – บัวบา7
      📈 LSTM training history: epochs=70 train_loss=0.8543 val_loss=1.0524 train_acc=0.7393 val_acc=0.6386
         ✅ success
   🌿 [2/3] LightGBM (Support)
   ⚡ [3/3] XGBoost (Support)
    🟢 LightGBM training: TrainLoss=0.3704 CalLoss=0.3156 TrainAcc=0.9443 CalAcc=0.9398
    ⚡ XGBoost training: TrainLoss=0.3248 CalLoss=0.3530 TrainAcc=0.9663 CalAcc=0.8916

  🎯 ENSEMBLE – บัวบา7 [id=499]

  📊 Classification Metrics – บัวบา7 [id=499]
  ──────────────────────────────────────────────────
  Accuracy  : 0.9398  (94.0%)
  F1 Score  : 0.9380  (weighted avg)
  Recall    : 0.9398  (weighted avg)
  Precision : 0.9385  (weighted avg)
  CE Loss   : 0.3332

  📋 Classification Report:
                   precision    recall  f1-score   support
     
              low       0.99      0.99      0.99        69
           medium       0.91      0.96      0.94        53
             high       0.80      0.57      0.67         7
           urgent       0.92      0.89      0.90        37
     
         accuracy                           0.94       166
        macro avg       0.90      0.85      0.87       166
     weighted avg       0.94      0.94      0.94       166
     
  ──────────────────────────────────────────────────
  📊 ENSEMBLE  : Accuracy= 97.6% | Loss=0.2308 | R²=0.9478 | MAE=0.4084
  📊 LIGHTGBM  : Accuracy= 99.4% | Loss=0.1796 | R²=0.9617 | MAE=0.3542
  📊 XGBOOST   : Accuracy= 95.8% | Loss=0.2820 | R²=0.9248 | MAE=0.4428
  📊 LSTM      : Accuracy= 80.1% | Loss=0.7257 | R²=0.5915 | MAE=1.0780
✅ บัวบา7............ [ห้องกลุ่มย่อย] +LSTM✓  R²:0.948  MAE:0.41ชม  sMAPE:32.0%  Acc:0.940  F1:0.938  conf:68.0%

🏠 บัวบา9
   🧠 [1/3] LSTM (Primary) – บัวบา9
      📈 LSTM training history: epochs=70 train_loss=0.8168 val_loss=1.0821 train_acc=0.7507 val_acc=0.6627
         ✅ success
   🌿 [2/3] LightGBM (Support)
   ⚡ [3/3] XGBoost (Support)
    🟢 LightGBM training: TrainLoss=0.3704 CalLoss=0.3156 TrainAcc=0.9443 CalAcc=0.9398
    ⚡ XGBoost training: TrainLoss=0.3248 CalLoss=0.3530 TrainAcc=0.9663 CalAcc=0.8916

  🎯 ENSEMBLE – บัวบา9 [id=500]

  📊 Classification Metrics – บัวบา9 [id=500]
  ──────────────────────────────────────────────────
  Accuracy  : 0.9096  (91.0%)
  F1 Score  : 0.9099  (weighted avg)
  Recall    : 0.9096  (weighted avg)
  Precision : 0.9131  (weighted avg)
  CE Loss   : 0.4185

  📋 Classification Report:
                   precision    recall  f1-score   support
     
              low       0.99      0.99      0.99        69
           medium       0.89      0.96      0.93        53
             high       0.38      0.43      0.40         7
           urgent       0.91      0.78      0.84        37
     
         accuracy                           0.91       166
        macro avg       0.79      0.79      0.79       166
     weighted avg       0.91      0.91      0.91       166
     
  ──────────────────────────────────────────────────
  📊 ENSEMBLE  : Accuracy= 98.2% | Loss=0.2137 | R²=0.9487 | MAE=0.4071
  📊 LIGHTGBM  : Accuracy= 99.4% | Loss=0.1796 | R²=0.9617 | MAE=0.3542
  📊 XGBOOST   : Accuracy= 95.8% | Loss=0.2820 | R²=0.9248 | MAE=0.4428
  📊 LSTM      : Accuracy= 79.5% | Loss=0.7428 | R²=0.5986 | MAE=1.0967
✅ บัวบา9............ [ห้องกลุ่มย่อย] +LSTM✓  R²:0.949  MAE:0.41ชม  sMAPE:32.0%  Acc:0.910  F1:0.910  conf:68.0%

🏠 ห้องบัวหลวง
   🧠 [1/3] LSTM (Primary) – ห้องบัวหลวง
      📈 LSTM training history: epochs=70 train_loss=0.2910 val_loss=0.1888 train_acc=0.9164 val_acc=0.9650
         ✅ success
   🌿 [2/3] LightGBM (Support)
   ⚡ [3/3] XGBoost (Support)
    🟢 LightGBM training: TrainLoss=0.0557 CalLoss=0.0223 TrainAcc=0.9731 CalAcc=0.9860
    ⚡ XGBoost training: TrainLoss=0.0447 CalLoss=0.0264 TrainAcc=0.9955 CalAcc=0.9860

  🎯 ENSEMBLE – ห้องบัวหลวง [id=501]

  📊 Classification Metrics – ห้องบัวหลวง [id=501]
  ──────────────────────────────────────────────────
  Accuracy  : 0.9931  (99.3%)
  F1 Score  : 0.9896  (weighted avg)
  Recall    : 0.9931  (weighted avg)
  Precision : 0.9862  (weighted avg)
  CE Loss   : 0.1822

  📋 Classification Report:
                   precision    recall  f1-score   support
     
              low       0.99      1.00      1.00       140
           medium       0.00      0.00      0.00         1
             high       0.00      0.00      0.00         0
           urgent       1.00      1.00      1.00         3
     
         accuracy                           0.99       144
        macro avg       0.50      0.50      0.50       144
     weighted avg       0.99      0.99      0.99       144
     
  ──────────────────────────────────────────────────
  📊 ENSEMBLE  : Accuracy=100.0% | Loss=0.1625 | R²=0.8030 | MAE=0.1014
  📊 LIGHTGBM  : Accuracy=100.0% | Loss=0.1625 | R²=0.9567 | MAE=0.0153
  📊 XGBOOST   : Accuracy=100.0% | Loss=0.1625 | R²=0.1882 | MAE=0.2029
  📊 LSTM      : Accuracy= 98.6% | Loss=0.2019 | R²=-0.0415 | MAE=0.0938
✅ ห้องบัวหลวง....... [ห้องประชุม] [no LSTM]  R²:0.803  MAE:0.10ชม  sMAPE:47.2%  Acc:0.993  F1:0.990  conf:52.8%

🏠 ห้องESANZONE
   🧠 [1/3] LSTM (Primary) – ห้องESANZONE
      📈 LSTM training history: epochs=70 train_loss=0.8826 val_loss=1.1027 train_acc=0.7436 val_acc=0.6446
         ✅ success
   🌿 [2/3] LightGBM (Support)
   ⚡ [3/3] XGBoost (Support)
    🟢 LightGBM training: TrainLoss=0.3704 CalLoss=0.3156 TrainAcc=0.9443 CalAcc=0.9398
    ⚡ XGBoost training: TrainLoss=0.3248 CalLoss=0.3530 TrainAcc=0.9663 CalAcc=0.8916

  🎯 ENSEMBLE – ห้องESANZONE [id=502]

  📊 Classification Metrics – ห้องESANZONE [id=502]
  ──────────────────────────────────────────────────
  Accuracy  : 0.9398  (94.0%)
  F1 Score  : 0.9380  (weighted avg)
  Recall    : 0.9398  (weighted avg)
  Precision : 0.9385  (weighted avg)
  CE Loss   : 0.3332

  📋 Classification Report:
                   precision    recall  f1-score   support
     
              low       0.99      0.99      0.99        69
           medium       0.91      0.96      0.94        53
             high       0.80      0.57      0.67         7
           urgent       0.92      0.89      0.90        37
     
         accuracy                           0.94       166
        macro avg       0.90      0.85      0.87       166
     weighted avg       0.94      0.94      0.94       166
     
  ──────────────────────────────────────────────────
  📊 ENSEMBLE  : Accuracy= 98.2% | Loss=0.2137 | R²=0.9488 | MAE=0.4052
  📊 LIGHTGBM  : Accuracy= 99.4% | Loss=0.1796 | R²=0.9617 | MAE=0.3542
  📊 XGBOOST   : Accuracy= 95.8% | Loss=0.2820 | R²=0.9248 | MAE=0.4428
  📊 LSTM      : Accuracy= 81.9% | Loss=0.6745 | R²=0.5669 | MAE=1.0819
✅ ห้องESANZONE...... [ห้องกิจกรรม] +LSTM✓  R²:0.949  MAE:0.41ชม  sMAPE:32.0%  Acc:0.940  F1:0.938  conf:68.0%

🏠 LOCKARD
   🧠 [1/3] LSTM (Primary) – LOCKARD
      📈 LSTM training history: epochs=70 train_loss=0.8381 val_loss=1.1161 train_acc=0.7393 val_acc=0.6205
         ✅ success
   🌿 [2/3] LightGBM (Support)
   ⚡ [3/3] XGBoost (Support)
    🟢 LightGBM training: TrainLoss=0.3704 CalLoss=0.3156 TrainAcc=0.9443 CalAcc=0.9398
    ⚡ XGBoost training: TrainLoss=0.3248 CalLoss=0.3530 TrainAcc=0.9663 CalAcc=0.8916

  🎯 ENSEMBLE – LOCKARD [id=503]

  📊 Classification Metrics – LOCKARD [id=503]
  ──────────────────────────────────────────────────
  Accuracy  : 0.9157  (91.6%)
  F1 Score  : 0.9117  (weighted avg)
  Recall    : 0.9157  (weighted avg)
  Precision : 0.9105  (weighted avg)
  CE Loss   : 0.4015

  📋 Classification Report:
                   precision    recall  f1-score   support
     
              low       0.99      0.99      0.99        69
           medium       0.88      0.96      0.92        53
             high       0.40      0.29      0.33         7
           urgent       0.91      0.84      0.87        37
     
         accuracy                           0.92       166
        macro avg       0.79      0.77      0.78       166
     weighted avg       0.91      0.92      0.91       166
     
  ──────────────────────────────────────────────────
  📊 ENSEMBLE  : Accuracy= 97.6% | Loss=0.2308 | R²=0.9484 | MAE=0.4073
  📊 LIGHTGBM  : Accuracy= 99.4% | Loss=0.1796 | R²=0.9617 | MAE=0.3542
  📊 XGBOOST   : Accuracy= 95.8% | Loss=0.2820 | R²=0.9248 | MAE=0.4428
  📊 LSTM      : Accuracy= 80.1% | Loss=0.7257 | R²=0.6135 | MAE=1.0699
✅ LOCKARD........... [ห้องเรียน ] +LSTM✓  R²:0.948  MAE:0.41ชม  sMAPE:31.9%  Acc:0.916  F1:0.912  conf:68.1%

🏠 ห้องยางนา
   🧠 [1/3] LSTM (Primary) – ห้องยางนา
      📈 LSTM training history: epochs=70 train_loss=0.2912 val_loss=0.1891 train_acc=0.9164 val_acc=0.9650
         ✅ success
   🌿 [2/3] LightGBM (Support)
   ⚡ [3/3] XGBoost (Support)
    🟢 LightGBM training: TrainLoss=0.0557 CalLoss=0.0223 TrainAcc=0.9731 CalAcc=0.9860
    ⚡ XGBoost training: TrainLoss=0.0447 CalLoss=0.0264 TrainAcc=0.9955 CalAcc=0.9860

  🎯 ENSEMBLE – ห้องยางนา [id=504]

  📊 Classification Metrics – ห้องยางนา [id=504]
  ──────────────────────────────────────────────────
  Accuracy  : 0.9931  (99.3%)
  F1 Score  : 0.9896  (weighted avg)
  Recall    : 0.9931  (weighted avg)
  Precision : 0.9862  (weighted avg)
  CE Loss   : 0.1822

  📋 Classification Report:
                   precision    recall  f1-score   support
     
              low       0.99      1.00      1.00       140
           medium       0.00      0.00      0.00         1
             high       0.00      0.00      0.00         0
           urgent       1.00      1.00      1.00         3
     
         accuracy                           0.99       144
        macro avg       0.50      0.50      0.50       144
     weighted avg       0.99      0.99      0.99       144
     
  ──────────────────────────────────────────────────
  📊 ENSEMBLE  : Accuracy=100.0% | Loss=0.1625 | R²=0.8030 | MAE=0.1014
  📊 LIGHTGBM  : Accuracy=100.0% | Loss=0.1625 | R²=0.9567 | MAE=0.0153
  📊 XGBOOST   : Accuracy=100.0% | Loss=0.1625 | R²=0.1882 | MAE=0.2029
  📊 LSTM      : Accuracy= 98.6% | Loss=0.2019 | R²=-0.0412 | MAE=0.0941
✅ ห้องยางนา......... [ห้องประชุม] [no LSTM]  R²:0.803  MAE:0.10ชม  sMAPE:47.2%  Acc:0.993  F1:0.990  conf:52.8%

🏠 3C16-17
   🧠 [1/3] LSTM (Primary) – 3C16-17
      📈 LSTM training history: epochs=70 train_loss=1.2987 val_loss=2.5444 train_acc=0.7195 val_acc=0.5644
         ✅ success
   🌿 [2/3] LightGBM (Support)
   ⚡ [3/3] XGBoost (Support)
    🟢 LightGBM training: TrainLoss=0.6252 CalLoss=0.6812 TrainAcc=0.9763 CalAcc=0.8528
    ⚡ XGBoost training: TrainLoss=0.5604 CalLoss=0.7040 TrainAcc=0.9868 CalAcc=0.8466

  🎯 ENSEMBLE – 3C16-17 [id=505]

  📊 Classification Metrics – 3C16-17 [id=505]
  ──────────────────────────────────────────────────
  Accuracy  : 0.9877  (98.8%)
  F1 Score  : 0.9938  (weighted avg)
  Recall    : 0.9877  (weighted avg)
  Precision : 1.0000  (weighted avg)
  CE Loss   : 0.1973

  📋 Classification Report:
                   precision    recall  f1-score   support
     
              low       1.00      1.00      1.00        63
           medium       1.00      1.00      1.00         8
             high       0.00      0.00      0.00         0
           urgent       1.00      0.98      0.99        92
     
         accuracy                           0.99       163
        macro avg       0.75      0.74      0.75       163
     weighted avg       1.00      0.99      0.99       163
     
  ──────────────────────────────────────────────────
  📊 ENSEMBLE  : Accuracy=100.0% | Loss=0.1625 | R²=0.9728 | MAE=0.6191
  📊 LIGHTGBM  : Accuracy=100.0% | Loss=0.1625 | R²=0.9747 | MAE=0.5909
  📊 XGBOOST   : Accuracy=100.0% | Loss=0.1625 | R²=0.9719 | MAE=0.6428
  📊 LSTM      : Accuracy= 93.2% | Loss=0.3537 | R²=0.7516 | MAE=1.4417
✅ 3C16-17........... [ห้องปฏิบัติการคอมพิวเตอร์] +LSTM✓  R²:0.973  MAE:0.62ชม  sMAPE:38.6%  Acc:0.988  F1:0.994  conf:61.4%

🏠 4C05
   🧠 [1/3] LSTM (Primary) – 4C05
      📈 LSTM training history: epochs=70 train_loss=0.9252 val_loss=1.0244 train_acc=0.7885 val_acc=0.7683
         ✅ success
   🌿 [2/3] LightGBM (Support)
   ⚡ [3/3] XGBoost (Support)
    🟢 LightGBM training: TrainLoss=0.1769 CalLoss=0.2164 TrainAcc=0.9516 CalAcc=0.9390
    ⚡ XGBoost training: TrainLoss=0.1587 CalLoss=0.2201 TrainAcc=0.9621 CalAcc=0.9268

  🎯 ENSEMBLE – 4C05 [id=506]

  📊 Classification Metrics – 4C05 [id=506]
  ──────────────────────────────────────────────────
  Accuracy  : 0.9512  (95.1%)
  F1 Score  : 0.9471  (weighted avg)
  Recall    : 0.9512  (weighted avg)
  Precision : 0.9505  (weighted avg)
  CE Loss   : 0.3007

  📋 Classification Report:
                   precision    recall  f1-score   support
     
              low       0.96      1.00      0.98       129
           medium       0.85      0.77      0.81        22
             high       1.00      0.33      0.50         3
           urgent       1.00      0.90      0.95        10
     
         accuracy                           0.95       164
        macro avg       0.95      0.75      0.81       164
     weighted avg       0.95      0.95      0.95       164
     
  ──────────────────────────────────────────────────
  📊 ENSEMBLE  : Accuracy= 98.2% | Loss=0.2143 | R²=0.9471 | MAE=0.1365
  📊 LIGHTGBM  : Accuracy= 97.0% | Loss=0.2489 | R²=0.9456 | MAE=0.1367
  📊 XGBOOST   : Accuracy= 97.6% | Loss=0.2316 | R²=0.9457 | MAE=0.1463
  📊 LSTM      : Accuracy= 92.1% | Loss=0.3871 | R²=-0.3019 | MAE=0.8476
✅ 4C05.............. [ห้องปฏิบัติการคอมพิวเตอร์] [no LSTM]  R²:0.947  MAE:0.14ชม  sMAPE:51.1%  Acc:0.951  F1:0.947  conf:48.9%

📊 ── สรุปผลการเทรนทั้งหมด ──
   LSTM (Primary)  : 58/69 ห้อง
Room                 Type          LSTM     R²     MAE   sMAPE    Acc     F1    Loss   Conf
----------------------------------------------------------------------------------------------------
  ห้องกันเกรา        ประชุม/จัดเลี้ยง/นิทรรศการ     ✓  0.948   0.41ชม   32.1%  0.922  0.920  0.3844  67.9%
  ห้องประดู่1–6      ประชุม/จัดกิจกรรม     ✓  0.949   0.40ชม   32.0%  0.940  0.938  0.3332  68.0%
  ห้องพวงพยอม        ประชุม           ✓  0.948   0.41ชม   32.0%  0.928  0.925  0.3673  68.0%
  ห้องชัยพฤกษ์       ประชุม/จัดเลี้ยง/นิทรรศการ     ✓  0.948   0.41ชม   32.0%  0.928  0.925  0.3673  68.0%
  1C-MEETING         ห้องประชุม       ✗  0.803   0.10ชม   47.2%  0.993  0.990  0.1822  52.8%
  2C05-06            ห้องปฏิบัติการคอมพิวเตอร์     ✓  0.953   0.58ชม   40.3%  0.884  0.876  0.4908  59.7%
  2C07               ห้องปฏิบัติการ imac     ✓  0.949   0.40ชม   31.9%  0.928  0.925  0.3673  68.1%
  2C09               ห้องปฏิบัติการคอมพิวเตอร์     ✓  0.959   0.22ชม   40.8%  0.957  0.945  0.2834  59.2%
  2C10-11            ห้องปฏิบัติการคอมพิวเตอร์     ✓  0.924   0.67ชม   44.3%  0.878  0.876  0.5080  55.7%
  2C16-17            ห้องปฏิบัติการคอมพิวเตอร์     ✓  0.961   0.53ชม   53.4%  0.872  0.864  0.5253  46.6%
  3C05-06            ห้องปฏิบัติการคอมพิวเตอร์     ✓  0.918   0.81ชม   42.0%  0.841  0.839  0.6144  58.0%
  3C10-11(SMARTCLASSROOM) smart classroom     ✓  0.950   0.40ชม   31.9%  0.934  0.932  0.3503  68.1%
  3C12               ห้องประชุม/สัมมนา     ✓  0.949   0.40ชม   31.9%  0.940  0.938  0.3332  68.1%
  3C15-16            ห้องปฏิบัติการคอมพิวเตอร์     ✓  0.958   0.41ชม   32.6%  0.898  0.899  0.4527  67.4%
  4C05(VDOCONFERENCE) ห้องประชุม/vdo conference     ✓  0.948   0.41ชม   32.0%  0.934  0.932  0.3503  68.0%
  ห้องบรรยาย2110     ห้องบรรยาย       ✓  0.950   0.40ชม   31.8%  0.928  0.925  0.3673  68.2%
  ห้องบรรยาย2201     ห้องบรรยาย       ✓  0.949   0.41ชม   32.0%  0.934  0.932  0.3503  68.0%
  ห้องบรรยาย2203     ห้องบรรยาย       ✓  0.948   0.41ชม   32.0%  0.940  0.938  0.3332  68.0%
  ห้องบรรยาย2205     ห้องบรรยาย       ✓  0.949   0.41ชม   31.9%  0.928  0.925  0.3673  68.1%
  ห้องบรรยาย2209     ห้องบรรยาย       ✓  0.949   0.40ชม   32.0%  0.928  0.925  0.3673  68.0%
  ห้องบรรยาย2305     ห้องบรรยาย       ✓  0.949   0.40ชม   32.0%  0.940  0.938  0.3332  68.0%
  1C-MEETING         ห้องประชุม       ✗  0.803   0.10ชม   47.2%  0.993  0.990  0.1822  52.8%
  POL123(สำนักงานชั้น1) ห้องประชุม       ✗  0.803   0.10ชม   47.2%  0.993  0.990  0.1822  52.8%
  POL228ห้องเรียนชั้น2 ห้องเรียน        ✓  0.950   0.40ชม   31.9%  0.916  0.912  0.4015  68.1%
  POLSMARTCLASSROOM(C) smart classroom     ✓  0.949   0.40ชม   32.0%  0.904  0.902  0.4356  68.0%
  BIOACTIVELEARNING(บรรยาย5ชั้น1) ห้องเรียน/active learning     ✓  0.949   0.41ชม   31.9%  0.922  0.920  0.3844  68.1%
  BIO1ห้องบรรยาย1ชั้น1 ห้องบรรยาย       ✓  0.951   0.40ชม   31.8%  0.934  0.930  0.3503  68.2%
  BIO3ห้องบรรยาย3ชั้น3 ห้องบรรยาย       ✓  0.949   0.41ชม   32.1%  0.928  0.925  0.3673  67.9%
  BIO4ห้องบรรยาย4ชั้น1 ห้องบรรยาย       ✓  0.949   0.40ชม   32.0%  0.922  0.916  0.3844  68.0%
  SC302ชั้น3         ห้องเรียน/ประชุม     ✓  0.949   0.41ชม   32.1%  0.928  0.927  0.3673  67.9%
  SC349ชั้น3         ห้องเรียน/ประชุม     ✓  0.948   0.41ชม   32.1%  0.934  0.932  0.3503  67.9%
  SC350ชั้น3         ห้องเรียน/ประชุม     ✓  0.949   0.40ชม   31.9%  0.922  0.916  0.3844  68.1%
  EN6206ปฏิบัติการคอมพิวเตอร์ ห้องปฏิบัติการคอมพิวเตอร์     ✓  0.957   0.41ชม   32.6%  0.904  0.906  0.4356  67.4%
  1C-MEETING         ห้องประชุม       ✗  0.803   0.10ชม   47.2%  0.993  0.990  0.1822  52.8%
  ลานกิจกรรมEN6ชั้น1ZONEB ลานกิจกรรม       ✓  0.949   0.40ชม   32.0%  0.916  0.912  0.4015  68.0%
  AGCOMPUTER1        ห้องปฏิบัติการคอมพิวเตอร์     ✓  0.957   0.41ชม   32.7%  0.904  0.906  0.4356  67.3%
  AGCOMPUTER2        ห้องปฏิบัติการคอมพิวเตอร์     ✓  0.957   0.41ชม   32.7%  0.904  0.905  0.4356  67.3%
  AGCOMPUTER3        ห้องปฏิบัติการคอมพิวเตอร์     ✓  0.957   0.41ชม   32.7%  0.904  0.905  0.4356  67.3%
  CMP_101ออดิทอเรียม auditorium       ✓  0.950   0.40ชม   31.9%  0.940  0.938  0.3332  68.1%
  CMP_103ห้องบรรยาย  ห้องบรรยาย       ✓  0.948   0.41ชม   32.1%  0.922  0.920  0.3844  67.9%
  CMP_131SMARTCLASSROOM smart classroom     ✓  0.948   0.41ชม   32.2%  0.916  0.915  0.4015  67.8%
  CMP_201ห้องวิจัย   ห้องวิจัย        ✓  0.948   0.41ชม   32.0%  0.922  0.916  0.3844  68.0%
  CMP_211ปฏิบัติการชีวเคมีฯ ห้องปฏิบัติการ     ✓  0.949   0.41ชม   32.0%  0.910  0.907  0.4185  68.0%
  CMP_213ปฏิบัติการสรีรวิทยาฯ ห้องปฏิบัติการ     ✓  0.948   0.41ชม   32.0%  0.934  0.930  0.3503  68.0%
  1C-MEETING         ห้องประชุม       ✗  0.803   0.10ชม   47.2%  0.993  0.990  0.1822  52.8%
  NTC_313ห้องเรียน   ห้องเรียน        ✓  0.949   0.41ชม   32.0%  0.922  0.916  0.3844  68.0%
  NTC_409ห้องเรียน   ห้องเรียน        ✓  0.949   0.41ชม   32.1%  0.916  0.912  0.4015  67.9%
  ห้องโถงกิจกรรมชั้น1 โถง/ห้องกิจกรรม     ✓  0.949   0.40ชม   31.9%  0.934  0.930  0.3503  68.1%
  1C-MEETING         ห้องประชุม       ✗  0.586   0.07ชม    7.0%  0.750  0.778  0.8708  93.0%
  1C-MEETING         ห้องประชุม       ✗  0.805   0.10ชม   57.0%  0.993  0.990  0.1822  43.0%
  CLB4100บันทึกวีดิโอ ห้อง vdo recording     ✓  0.948   0.41ชม   32.1%  0.928  0.925  0.3673  67.9%
  CLB4104LIVEONLINE  ห้อง live/self-record     ✗  0.496   0.19ชม    9.8%  0.583  0.529  1.3430  90.2%
  CLB4201SMARTCLASSROOM smart classroom vdo     ✓  0.950   0.40ชม   31.9%  0.922  0.916  0.3844  68.1%
  CLB4202SMARTCLASSROOM smart classroom vdo     ✓  0.949   0.40ชม   31.8%  0.922  0.916  0.3844  68.2%
  CLB4203SMARTCLASSROOM smart classroom vdo     ✓  0.949   0.40ชม   32.0%  0.940  0.938  0.3332  68.0%
  OARทองกวาวVDOSTUDIO vdo studio       ✓  0.948   0.41ชม   32.0%  0.922  0.920  0.3844  68.0%
  OARยางนาOBSSTUDIO  obs studio       ✓  0.949   0.40ชม   31.9%  0.922  0.922  0.3844  68.1%
  บัวบา1             ห้องกลุ่มย่อย     ✓  0.949   0.41ชม   32.1%  0.928  0.925  0.3673  67.9%
  บัวบา2             ห้องกลุ่มย่อย     ✓  0.949   0.41ชม   32.0%  0.940  0.938  0.3332  68.0%
  บัวบา4             ห้องกลุ่มย่อย     ✓  0.948   0.41ชม   32.0%  0.928  0.927  0.3673  68.0%
  บัวบา6             ห้องกลุ่มย่อย     ✓  0.948   0.41ชม   32.0%  0.928  0.925  0.3673  68.0%
  บัวบา7             ห้องกลุ่มย่อย     ✓  0.948   0.41ชม   32.0%  0.940  0.938  0.3332  68.0%
  บัวบา9             ห้องกลุ่มย่อย     ✓  0.949   0.41ชม   32.0%  0.910  0.910  0.4185  68.0%
  ห้องบัวหลวง        ห้องประชุม       ✗  0.803   0.10ชม   47.2%  0.993  0.990  0.1822  52.8%
  ห้องESANZONE       ห้องกิจกรรม      ✓  0.949   0.41ชม   32.0%  0.940  0.938  0.3332  68.0%
  LOCKARD            ห้องเรียน        ✓  0.948   0.41ชม   31.9%  0.916  0.912  0.4015  68.1%
  ห้องยางนา          ห้องประชุม       ✗  0.803   0.10ชม   47.2%  0.993  0.990  0.1822  52.8%
  3C16-17            ห้องปฏิบัติการคอมพิวเตอร์     ✓  0.973   0.62ชม   38.6%  0.988  0.994  0.1973  61.4%
  4C05               ห้องปฏิบัติการคอมพิวเตอร์     ✗  0.947   0.14ชม   51.1%  0.951  0.947  0.3007  48.9%
----------------------------------------------------------------------------------------------------
  เฉลี่ย                                 0.921   0.37ชม   34.5%  0.924  0.921  0.3790  65.5%

🖼️  Run: python ml/saved/generate_plots.py to create training-curve PNGs.

── จำนวน Record ต่อระดับ ──
  urgent  : 1,183
  high    : 7,187
  medium  : 7,024
  low     : 22,820
============================================================
--- [18:15:15] Set D training finished, archiving ---
--- [18:15:21] Set D archived to saved_models_D_new / saved_meta_D_new ---
--- [18:15:21] Training Set E ---

🔧 Using Hyperparameter Set E: E - Maximum Depth (Experimental)
   LSTM Epochs: 90, LGB Estimators: 90, XGB Estimators: 90


🚀 RETRAIN + GENERATE FORECAST
============================================================
🧠 Pipeline: LSTM (Primary) + LightGBM/XGBoost (Support) → Weighted Ensemble
   LSTM weight prior ≈ 20% | LGB ≈ 40% | XGB ≈ 40%
============================================================

============================================================
📋 DATA SUMMARY (All Rooms)
============================================================

📌 ภาพรวม
   จำนวน booking ทั้งหมด : 7,253 ครั้ง
   ช่วงวันที่            : 2023-04-24 → 2026-07-22
   จำนวนวันทั้งหมด       : 1,186 วัน
   วันที่มี booking       : 839 วัน
   วันที่ไม่มี booking    : 347 วัน

⏱️  ระยะเวลาการจอง (ชั่วโมง)
   เฉลี่ย    : 3.91 ชม.
   ต่ำสุด    : 0.50 ชม.
   สูงสุด    : 12.00 ชม.
   รวมทั้งหมด: 28344.5 ชม.

🎯 Target: ชั่วโมงรวม/วัน
   เฉลี่ย   : 33.78 ชม./วัน
   ต่ำสุด   : 0.50 ชม./วัน
   สูงสุด   : 107.50 ชม./วัน
   มัธยฐาน  : 36.00 ชม./วัน

🕐 การกระจายตามชั่วโมง (start_time)
   08:00  ████████████                    12039.0 ชม. (42.5%)
   09:00  █████                           4754.5 ชม. (16.8%)
   10:00                                  151.0 ชม. (0.5%)
   11:00                                  111.5 ชม. (0.4%)
   12:00  █████                           5014.5 ชม. (17.7%)
   13:00  ████                            3919.5 ชม. (13.8%)
   14:00                                  324.5 ชม. (1.1%)
   15:00  █                               1488.5 ชม. (5.3%)
   16:00                                  524.0 ชม. (1.8%)
   17:00                                  5.0 ชม. (0.0%)
   18:00                                  8.5 ชม. (0.0%)
   19:00                                  4.0 ชม. (0.0%)

📅 การกระจายตามวันในสัปดาห์
   จันทร์  ████████████████████  5708.5 ชม.
   อังคาร  █████████████████     4941.0 ชม.
   พุธ     ██████████████████    5332.0 ชม.
   พฤหัส   █████████████████     4942.0 ชม.
   ศุกร์   ███████████████       4524.5 ชม.
   เสาร์   ██████                1848.5 ชม.
   อาทิตย์  ███                   1048.0 ชม.
============================================================

🏠 ห้องกันเกรา
   🧠 [1/3] LSTM (Primary) – ห้องกันเกรา
      📈 LSTM training history: epochs=90 train_loss=0.8203 val_loss=1.1411 train_acc=0.7346 val_acc=0.5602
         ✅ success
   🌿 [2/3] LightGBM (Support)
   ⚡ [3/3] XGBoost (Support)
    🟢 LightGBM training: TrainLoss=0.4639 CalLoss=0.3716 TrainAcc=0.9326 CalAcc=0.9277
    ⚡ XGBoost training: TrainLoss=0.4088 CalLoss=0.3887 TrainAcc=0.9482 CalAcc=0.9337

  🎯 ENSEMBLE – ห้องกันเกรา [id=438]

  📊 Classification Metrics – ห้องกันเกรา [id=438]
  ──────────────────────────────────────────────────
  Accuracy  : 0.8795  (87.9%)
  F1 Score  : 0.8823  (weighted avg)
  Recall    : 0.8795  (weighted avg)
  Precision : 0.9067  (weighted avg)
  CE Loss   : 0.5039

  📋 Classification Report:
                   precision    recall  f1-score   support
     
              low       0.99      0.99      0.99        69
           medium       0.82      0.96      0.89        53
             high       0.27      0.43      0.33         7
           urgent       1.00      0.65      0.79        37
     
         accuracy                           0.88       166
        macro avg       0.77      0.76      0.75       166
     weighted avg       0.91      0.88      0.88       166
     
  ──────────────────────────────────────────────────
  📊 ENSEMBLE  : Accuracy= 95.8% | Loss=0.2820 | R²=0.9278 | MAE=0.4889
  📊 LIGHTGBM  : Accuracy= 95.8% | Loss=0.2820 | R²=0.9393 | MAE=0.4603
  📊 XGBOOST   : Accuracy= 95.2% | Loss=0.2991 | R²=0.9018 | MAE=0.5059
  📊 LSTM      : Accuracy= 80.7% | Loss=0.7087 | R²=0.5961 | MAE=1.1082
✅ ห้องกันเกรา....... [ประชุม/จัดเลี้ยง/นิทรรศการ] +LSTM✓  R²:0.928  MAE:0.49ชม  sMAPE:32.8%  Acc:0.879  F1:0.882  conf:67.2%

🏠 ห้องประดู่1–6
   🧠 [1/3] LSTM (Primary) – ห้องประดู่1–6
      📈 LSTM training history: epochs=90 train_loss=0.8644 val_loss=1.2088 train_acc=0.7317 val_acc=0.5964
         ✅ success
   🌿 [2/3] LightGBM (Support)
   ⚡ [3/3] XGBoost (Support)
    🟢 LightGBM training: TrainLoss=0.4639 CalLoss=0.3716 TrainAcc=0.9326 CalAcc=0.9277
    ⚡ XGBoost training: TrainLoss=0.4088 CalLoss=0.3887 TrainAcc=0.9482 CalAcc=0.9337

  🎯 ENSEMBLE – ห้องประดู่1–6 [id=439]

  📊 Classification Metrics – ห้องประดู่1–6 [id=439]
  ──────────────────────────────────────────────────
  Accuracy  : 0.8916  (89.2%)
  F1 Score  : 0.8949  (weighted avg)
  Recall    : 0.8916  (weighted avg)
  Precision : 0.9137  (weighted avg)
  CE Loss   : 0.4697

  📋 Classification Report:
                   precision    recall  f1-score   support
     
              low       1.00      0.99      0.99        69
           medium       0.85      0.98      0.91        53
             high       0.27      0.43      0.33         7
           urgent       0.96      0.68      0.79        37
     
         accuracy                           0.89       166
        macro avg       0.77      0.77      0.76       166
     weighted avg       0.91      0.89      0.89       166
     
  ──────────────────────────────────────────────────
  📊 ENSEMBLE  : Accuracy= 96.4% | Loss=0.2649 | R²=0.9279 | MAE=0.4870
  📊 LIGHTGBM  : Accuracy= 95.8% | Loss=0.2820 | R²=0.9393 | MAE=0.4603
  📊 XGBOOST   : Accuracy= 95.2% | Loss=0.2991 | R²=0.9018 | MAE=0.5059
  📊 LSTM      : Accuracy= 79.5% | Loss=0.7428 | R²=0.6024 | MAE=1.1127
✅ ห้องประดู่1–6..... [ประชุม/จัดกิจกรรม] +LSTM✓  R²:0.928  MAE:0.49ชม  sMAPE:32.7%  Acc:0.892  F1:0.895  conf:67.3%

🏠 ห้องพวงพยอม
   🧠 [1/3] LSTM (Primary) – ห้องพวงพยอม
      📈 LSTM training history: epochs=90 train_loss=0.8782 val_loss=1.2462 train_acc=0.7273 val_acc=0.6145
         ✅ success
   🌿 [2/3] LightGBM (Support)
   ⚡ [3/3] XGBoost (Support)
    🟢 LightGBM training: TrainLoss=0.4639 CalLoss=0.3716 TrainAcc=0.9326 CalAcc=0.9277
    ⚡ XGBoost training: TrainLoss=0.4088 CalLoss=0.3887 TrainAcc=0.9482 CalAcc=0.9337

  🎯 ENSEMBLE – ห้องพวงพยอม [id=440]

  📊 Classification Metrics – ห้องพวงพยอม [id=440]
  ──────────────────────────────────────────────────
  Accuracy  : 0.8916  (89.2%)
  F1 Score  : 0.8931  (weighted avg)
  Recall    : 0.8916  (weighted avg)
  Precision : 0.9104  (weighted avg)
  CE Loss   : 0.4697

  📋 Classification Report:
                   precision    recall  f1-score   support
     
              low       1.00      0.99      0.99        69
           medium       0.84      0.98      0.90        53
             high       0.30      0.43      0.35         7
           urgent       0.96      0.68      0.79        37
     
         accuracy                           0.89       166
        macro avg       0.78      0.77      0.76       166
     weighted avg       0.91      0.89      0.89       166
     
  ──────────────────────────────────────────────────
  📊 ENSEMBLE  : Accuracy= 95.8% | Loss=0.2820 | R²=0.9272 | MAE=0.4879
  📊 LIGHTGBM  : Accuracy= 95.8% | Loss=0.2820 | R²=0.9393 | MAE=0.4603
  📊 XGBOOST   : Accuracy= 95.2% | Loss=0.2991 | R²=0.9018 | MAE=0.5059
  📊 LSTM      : Accuracy= 75.3% | Loss=0.8623 | R²=0.5494 | MAE=1.1886
✅ ห้องพวงพยอม....... [ประชุม    ] +LSTM✓  R²:0.927  MAE:0.49ชม  sMAPE:32.7%  Acc:0.892  F1:0.893  conf:67.3%

🏠 ห้องชัยพฤกษ์
   🧠 [1/3] LSTM (Primary) – ห้องชัยพฤกษ์
      📈 LSTM training history: epochs=90 train_loss=0.8572 val_loss=1.1666 train_acc=0.7493 val_acc=0.5904
         ✅ success
   🌿 [2/3] LightGBM (Support)
   ⚡ [3/3] XGBoost (Support)
    🟢 LightGBM training: TrainLoss=0.4639 CalLoss=0.3716 TrainAcc=0.9326 CalAcc=0.9277
    ⚡ XGBoost training: TrainLoss=0.4088 CalLoss=0.3887 TrainAcc=0.9482 CalAcc=0.9337

  🎯 ENSEMBLE – ห้องชัยพฤกษ์ [id=441]

  📊 Classification Metrics – ห้องชัยพฤกษ์ [id=441]
  ──────────────────────────────────────────────────
  Accuracy  : 0.8855  (88.5%)
  F1 Score  : 0.8888  (weighted avg)
  Recall    : 0.8855  (weighted avg)
  Precision : 0.9068  (weighted avg)
  CE Loss   : 0.4868

  📋 Classification Report:
                   precision    recall  f1-score   support
     
              low       0.99      0.99      0.99        69
           medium       0.85      0.96      0.90        53
             high       0.27      0.43      0.33         7
           urgent       0.96      0.68      0.79        37
     
         accuracy                           0.89       166
        macro avg       0.77      0.76      0.75       166
     weighted avg       0.91      0.89      0.89       166
     
  ──────────────────────────────────────────────────
  📊 ENSEMBLE  : Accuracy= 96.4% | Loss=0.2649 | R²=0.9271 | MAE=0.4886
  📊 LIGHTGBM  : Accuracy= 95.8% | Loss=0.2820 | R²=0.9393 | MAE=0.4603
  📊 XGBOOST   : Accuracy= 95.2% | Loss=0.2991 | R²=0.9018 | MAE=0.5059
  📊 LSTM      : Accuracy= 78.9% | Loss=0.7599 | R²=0.5773 | MAE=1.1044
✅ ห้องชัยพฤกษ์...... [ประชุม/จัดเลี้ยง/นิทรรศการ] +LSTM✓  R²:0.927  MAE:0.49ชม  sMAPE:32.7%  Acc:0.885  F1:0.889  conf:67.3%

🏠 1C-MEETING
   🧠 [1/3] LSTM (Primary) – 1C-MEETING
      📈 LSTM training history: epochs=90 train_loss=0.2960 val_loss=0.1890 train_acc=0.9152 val_acc=0.9650
         ✅ success
   🌿 [2/3] LightGBM (Support)
   ⚡ [3/3] XGBoost (Support)
    🟢 LightGBM training: TrainLoss=0.0649 CalLoss=0.0286 TrainAcc=0.9701 CalAcc=0.9790
    ⚡ XGBoost training: TrainLoss=0.0858 CalLoss=0.0559 TrainAcc=0.9401 CalAcc=0.9650

  🎯 ENSEMBLE – 1C-MEETING [id=442]

  📊 Classification Metrics – 1C-MEETING [id=442]
  ──────────────────────────────────────────────────
  Accuracy  : 0.9861  (98.6%)
  F1 Score  : 0.9854  (weighted avg)
  Recall    : 0.9861  (weighted avg)
  Precision : 0.9862  (weighted avg)
  CE Loss   : 0.2019

  📋 Classification Report:
                   precision    recall  f1-score   support
     
              low       0.99      1.00      1.00       140
           medium       0.00      0.00      0.00         1
             high       0.00      0.00      0.00         0
           urgent       1.00      0.67      0.80         3
     
         accuracy                           0.99       144
        macro avg       0.50      0.42      0.45       144
     weighted avg       0.99      0.99      0.99       144
     
  ──────────────────────────────────────────────────
  📊 ENSEMBLE  : Accuracy=100.0% | Loss=0.1625 | R²=0.8874 | MAE=0.0737
  📊 LIGHTGBM  : Accuracy= 99.3% | Loss=0.1822 | R²=0.9457 | MAE=0.0186
  📊 XGBOOST   : Accuracy=100.0% | Loss=0.1625 | R²=0.3815 | MAE=0.1871
  📊 LSTM      : Accuracy= 98.6% | Loss=0.2019 | R²=-0.0413 | MAE=0.0940
✅ 1C-MEETING........ [ห้องประชุม] [no LSTM]  R²:0.887  MAE:0.07ชม  sMAPE:63.4%  Acc:0.986  F1:0.985  conf:36.6%

🏠 2C05-06
   🧠 [1/3] LSTM (Primary) – 2C05-06
      📈 LSTM training history: epochs=90 train_loss=1.1631 val_loss=2.2392 train_acc=0.8104 val_acc=0.6646
         ✅ success
   🌿 [2/3] LightGBM (Support)
   ⚡ [3/3] XGBoost (Support)
    🟢 LightGBM training: TrainLoss=0.8292 CalLoss=0.7495 TrainAcc=0.9150 CalAcc=0.8659
    ⚡ XGBoost training: TrainLoss=0.7456 CalLoss=0.7362 TrainAcc=0.9477 CalAcc=0.8537

  🎯 ENSEMBLE – 2C05-06 [id=443]

  📊 Classification Metrics – 2C05-06 [id=443]
  ──────────────────────────────────────────────────
  Accuracy  : 0.8232  (82.3%)
  F1 Score  : 0.8142  (weighted avg)
  Recall    : 0.8232  (weighted avg)
  Precision : 0.8137  (weighted avg)
  CE Loss   : 0.6635

  📋 Classification Report:
                   precision    recall  f1-score   support
     
              low       0.79      0.93      0.86        74
           medium       0.79      0.71      0.75        59
             high       0.00      0.00      0.00         3
           urgent       1.00      0.86      0.92        28
     
         accuracy                           0.82       164
        macro avg       0.65      0.63      0.63       164
     weighted avg       0.81      0.82      0.81       164
     
  ──────────────────────────────────────────────────
  📊 ENSEMBLE  : Accuracy= 99.4% | Loss=0.1798 | R²=0.9231 | MAE=0.7178
  📊 LIGHTGBM  : Accuracy= 98.8% | Loss=0.1971 | R²=0.9211 | MAE=0.7579
  📊 XGBOOST   : Accuracy= 99.4% | Loss=0.1798 | R²=0.9229 | MAE=0.7095
  📊 LSTM      : Accuracy= 77.4% | Loss=0.8017 | R²=0.2004 | MAE=2.1947
✅ 2C05-06........... [ห้องปฏิบัติการคอมพิวเตอร์] +LSTM✓  R²:0.923  MAE:0.72ชม  sMAPE:41.3%  Acc:0.823  F1:0.814  conf:58.7%

🏠 2C07
   🧠 [1/3] LSTM (Primary) – 2C07
      📈 LSTM training history: epochs=90 train_loss=0.8652 val_loss=1.1978 train_acc=0.7302 val_acc=0.5723
         ✅ success
   🌿 [2/3] LightGBM (Support)
   ⚡ [3/3] XGBoost (Support)
    🟢 LightGBM training: TrainLoss=0.4639 CalLoss=0.3716 TrainAcc=0.9326 CalAcc=0.9277
    ⚡ XGBoost training: TrainLoss=0.4088 CalLoss=0.3887 TrainAcc=0.9482 CalAcc=0.9337

  🎯 ENSEMBLE – 2C07 [id=444]

  📊 Classification Metrics – 2C07 [id=444]
  ──────────────────────────────────────────────────
  Accuracy  : 0.8855  (88.5%)
  F1 Score  : 0.8871  (weighted avg)
  Recall    : 0.8855  (weighted avg)
  Precision : 0.9035  (weighted avg)
  CE Loss   : 0.4868

  📋 Classification Report:
                   precision    recall  f1-score   support
     
              low       0.99      0.99      0.99        69
           medium       0.84      0.96      0.89        53
             high       0.30      0.43      0.35         7
           urgent       0.96      0.68      0.79        37
     
         accuracy                           0.89       166
        macro avg       0.77      0.76      0.76       166
     weighted avg       0.90      0.89      0.89       166
     
  ──────────────────────────────────────────────────
  📊 ENSEMBLE  : Accuracy= 95.8% | Loss=0.2820 | R²=0.9259 | MAE=0.4900
  📊 LIGHTGBM  : Accuracy= 95.8% | Loss=0.2820 | R²=0.9393 | MAE=0.4603
  📊 XGBOOST   : Accuracy= 95.2% | Loss=0.2991 | R²=0.9018 | MAE=0.5059
  📊 LSTM      : Accuracy= 78.9% | Loss=0.7599 | R²=0.5181 | MAE=1.1417
✅ 2C07.............. [ห้องปฏิบัติการ imac] +LSTM✓  R²:0.926  MAE:0.49ชม  sMAPE:32.7%  Acc:0.885  F1:0.887  conf:67.3%

🏠 2C09
   🧠 [1/3] LSTM (Primary) – 2C09
      📈 LSTM training history: epochs=90 train_loss=0.8593 val_loss=2.2960 train_acc=0.8548 val_acc=0.5793
         ✅ success
   🌿 [2/3] LightGBM (Support)
   ⚡ [3/3] XGBoost (Support)
    🟢 LightGBM training: TrainLoss=0.4295 CalLoss=0.6330 TrainAcc=0.8105 CalAcc=0.7683
    ⚡ XGBoost training: TrainLoss=0.4163 CalLoss=0.6906 TrainAcc=0.8105 CalAcc=0.7439

  🎯 ENSEMBLE – 2C09 [id=445]

  📊 Classification Metrics – 2C09 [id=445]
  ──────────────────────────────────────────────────
  Accuracy  : 0.9390  (93.9%)
  F1 Score  : 0.9203  (weighted avg)
  Recall    : 0.9390  (weighted avg)
  Precision : 0.9033  (weighted avg)
  CE Loss   : 0.3353

  📋 Classification Report:
                   precision    recall  f1-score   support
     
              low       0.98      1.00      0.99       135
           medium       0.73      0.86      0.79        22
             high       0.00      0.00      0.00         3
           urgent       0.00      0.00      0.00         4
     
         accuracy                           0.94       164
        macro avg       0.43      0.47      0.45       164
     weighted avg       0.90      0.94      0.92       164
     
  ──────────────────────────────────────────────────
  📊 ENSEMBLE  : Accuracy= 99.4% | Loss=0.1798 | R²=0.9496 | MAE=0.2180
  📊 LIGHTGBM  : Accuracy= 98.8% | Loss=0.1971 | R²=0.9499 | MAE=0.2115
  📊 XGBOOST   : Accuracy= 99.4% | Loss=0.1798 | R²=0.9471 | MAE=0.2373
  📊 LSTM      : Accuracy= 90.8% | Loss=0.4217 | R²=-0.1920 | MAE=1.4713
✅ 2C09.............. [ห้องปฏิบัติการคอมพิวเตอร์] [no LSTM]  R²:0.950  MAE:0.22ชม  sMAPE:45.6%  Acc:0.939  F1:0.920  conf:54.4%

🏠 2C10-11
   🧠 [1/3] LSTM (Primary) – 2C10-11
      📈 LSTM training history: epochs=90 train_loss=1.3413 val_loss=1.9790 train_acc=0.7615 val_acc=0.6220
         ✅ success
   🌿 [2/3] LightGBM (Support)
   ⚡ [3/3] XGBoost (Support)
    🟢 LightGBM training: TrainLoss=0.8549 CalLoss=0.6951 TrainAcc=0.8222 CalAcc=0.8110
    ⚡ XGBoost training: TrainLoss=0.8499 CalLoss=0.7288 TrainAcc=0.8353 CalAcc=0.7744

  🎯 ENSEMBLE – 2C10-11 [id=446]

  📊 Classification Metrics – 2C10-11 [id=446]
  ──────────────────────────────────────────────────
  Accuracy  : 0.7805  (78.0%)
  F1 Score  : 0.7335  (weighted avg)
  Recall    : 0.7805  (weighted avg)
  Precision : 0.8089  (weighted avg)
  CE Loss   : 0.7844

  📋 Classification Report:
                   precision    recall  f1-score   support
     
              low       0.89      1.00      0.94        96
           medium       0.56      0.71      0.62        42
             high       0.00      0.00      0.00         2
           urgent       1.00      0.08      0.15        24
     
         accuracy                           0.78       164
        macro avg       0.61      0.45      0.43       164
     weighted avg       0.81      0.78      0.73       164
     
  ──────────────────────────────────────────────────
  📊 ENSEMBLE  : Accuracy= 93.9% | Loss=0.3353 | R²=0.8837 | MAE=0.8355
  📊 LIGHTGBM  : Accuracy= 93.3% | Loss=0.3526 | R²=0.8919 | MAE=0.8240
  📊 XGBOOST   : Accuracy= 93.3% | Loss=0.3526 | R²=0.8822 | MAE=0.8347
  📊 LSTM      : Accuracy= 86.6% | Loss=0.5426 | R²=0.2276 | MAE=2.0630
✅ 2C10-11........... [ห้องปฏิบัติการคอมพิวเตอร์] +LSTM✓  R²:0.884  MAE:0.84ชม  sMAPE:45.7%  Acc:0.780  F1:0.734  conf:54.3%

🏠 2C16-17
   🧠 [1/3] LSTM (Primary) – 2C16-17
      📈 LSTM training history: epochs=90 train_loss=1.2820 val_loss=2.5161 train_acc=0.7911 val_acc=0.5793
         ✅ success
   🌿 [2/3] LightGBM (Support)
   ⚡ [3/3] XGBoost (Support)
    🟢 LightGBM training: TrainLoss=0.6471 CalLoss=0.8226 TrainAcc=0.8340 CalAcc=0.7988
    ⚡ XGBoost training: TrainLoss=0.5966 CalLoss=0.8388 TrainAcc=0.8444 CalAcc=0.7805

  🎯 ENSEMBLE – 2C16-17 [id=447]

  📊 Classification Metrics – 2C16-17 [id=447]
  ──────────────────────────────────────────────────
  Accuracy  : 0.8110  (81.1%)
  F1 Score  : 0.7800  (weighted avg)
  Recall    : 0.8110  (weighted avg)
  Precision : 0.8512  (weighted avg)
  CE Loss   : 0.6981

  📋 Classification Report:
                   precision    recall  f1-score   support
     
              low       1.00      0.98      0.99       101
           medium       0.50      1.00      0.67        28
             high       0.75      0.12      0.21        24
           urgent       0.60      0.27      0.38        11
     
         accuracy                           0.81       164
        macro avg       0.71      0.59      0.56       164
     weighted avg       0.85      0.81      0.78       164
     
  ──────────────────────────────────────────────────
  📊 ENSEMBLE  : Accuracy= 97.6% | Loss=0.2316 | R²=0.9481 | MAE=0.6329
  📊 LIGHTGBM  : Accuracy= 97.6% | Loss=0.2316 | R²=0.9511 | MAE=0.6060
  📊 XGBOOST   : Accuracy= 97.6% | Loss=0.2316 | R²=0.9461 | MAE=0.6588
  📊 LSTM      : Accuracy= 73.2% | Loss=0.9226 | R²=0.1399 | MAE=2.2953
✅ 2C16-17........... [ห้องปฏิบัติการคอมพิวเตอร์] +LSTM✓  R²:0.948  MAE:0.63ชม  sMAPE:53.9%  Acc:0.811  F1:0.780  conf:46.1%

🏠 3C05-06
   🧠 [1/3] LSTM (Primary) – 3C05-06
      📈 LSTM training history: epochs=90 train_loss=1.4506 val_loss=2.2781 train_acc=0.6821 val_acc=0.4847
         ✅ success
   🌿 [2/3] LightGBM (Support)
   ⚡ [3/3] XGBoost (Support)
    🟢 LightGBM training: TrainLoss=0.7680 CalLoss=0.9197 TrainAcc=0.7750 CalAcc=0.6748
    ⚡ XGBoost training: TrainLoss=0.7298 CalLoss=0.9509 TrainAcc=0.7553 CalAcc=0.6687

  🎯 ENSEMBLE – 3C05-06 [id=448]

  📊 Classification Metrics – 3C05-06 [id=448]
  ──────────────────────────────────────────────────
  Accuracy  : 0.6810  (68.1%)
  F1 Score  : 0.6245  (weighted avg)
  Recall    : 0.6810  (weighted avg)
  Precision : 0.7498  (weighted avg)
  CE Loss   : 1.0664

  📋 Classification Report:
                   precision    recall  f1-score   support
     
              low       0.86      1.00      0.92        72
           medium       0.50      0.74      0.60        47
             high       0.00      0.00      0.00         7
           urgent       1.00      0.11      0.20        37
     
         accuracy                           0.68       163
        macro avg       0.59      0.46      0.43       163
     weighted avg       0.75      0.68      0.62       163
     
  ──────────────────────────────────────────────────
  📊 ENSEMBLE  : Accuracy= 98.2% | Loss=0.2147 | R²=0.8872 | MAE=0.9691
  📊 LIGHTGBM  : Accuracy= 98.2% | Loss=0.2147 | R²=0.8995 | MAE=0.9249
  📊 XGBOOST   : Accuracy= 98.8% | Loss=0.1973 | R²=0.8893 | MAE=0.9727
  📊 LSTM      : Accuracy= 79.1% | Loss=0.7535 | R²=0.3013 | MAE=2.1539
✅ 3C05-06........... [ห้องปฏิบัติการคอมพิวเตอร์] +LSTM✓  R²:0.887  MAE:0.97ชม  sMAPE:43.6%  Acc:0.681  F1:0.625  conf:56.4%

🏠 3C10-11(SMARTCLASSROOM)
   🧠 [1/3] LSTM (Primary) – 3C10-11(SMARTCLASSROOM)
      📈 LSTM training history: epochs=90 train_loss=0.8293 val_loss=1.1486 train_acc=0.7361 val_acc=0.5723
         ✅ success
   🌿 [2/3] LightGBM (Support)
   ⚡ [3/3] XGBoost (Support)
    🟢 LightGBM training: TrainLoss=0.4639 CalLoss=0.3716 TrainAcc=0.9326 CalAcc=0.9277
    ⚡ XGBoost training: TrainLoss=0.4088 CalLoss=0.3887 TrainAcc=0.9482 CalAcc=0.9337

  🎯 ENSEMBLE – 3C10-11(SMARTCLASSROOM) [id=449]

  📊 Classification Metrics – 3C10-11(SMARTCLASSROOM) [id=449]
  ──────────────────────────────────────────────────
  Accuracy  : 0.8855  (88.5%)
  F1 Score  : 0.8909  (weighted avg)
  Recall    : 0.8855  (weighted avg)
  Precision : 0.9145  (weighted avg)
  CE Loss   : 0.4868

  📋 Classification Report:
                   precision    recall  f1-score   support
     
              low       0.99      0.99      0.99        69
           medium       0.85      0.96      0.90        53
             high       0.25      0.43      0.32         7
           urgent       1.00      0.68      0.81        37
     
         accuracy                           0.89       166
        macro avg       0.77      0.76      0.75       166
     weighted avg       0.91      0.89      0.89       166
     
  ──────────────────────────────────────────────────
  📊 ENSEMBLE  : Accuracy= 96.4% | Loss=0.2649 | R²=0.9276 | MAE=0.4870
  📊 LIGHTGBM  : Accuracy= 95.8% | Loss=0.2820 | R²=0.9393 | MAE=0.4603
  📊 XGBOOST   : Accuracy= 95.2% | Loss=0.2991 | R²=0.9018 | MAE=0.5059
  📊 LSTM      : Accuracy= 81.3% | Loss=0.6916 | R²=0.6131 | MAE=1.0686
✅ 3C10-11(SMARTCLASSROOM) [smart classroom] +LSTM✓  R²:0.928  MAE:0.49ชม  sMAPE:32.7%  Acc:0.885  F1:0.891  conf:67.3%

🏠 3C12
   🧠 [1/3] LSTM (Primary) – 3C12
      📈 LSTM training history: epochs=90 train_loss=0.7983 val_loss=1.1335 train_acc=0.7346 val_acc=0.6386
         ✅ success
   🌿 [2/3] LightGBM (Support)
   ⚡ [3/3] XGBoost (Support)
    🟢 LightGBM training: TrainLoss=0.4639 CalLoss=0.3716 TrainAcc=0.9326 CalAcc=0.9277
    ⚡ XGBoost training: TrainLoss=0.4088 CalLoss=0.3887 TrainAcc=0.9482 CalAcc=0.9337

  🎯 ENSEMBLE – 3C12 [id=450]

  📊 Classification Metrics – 3C12 [id=450]
  ──────────────────────────────────────────────────
  Accuracy  : 0.8795  (87.9%)
  F1 Score  : 0.8841  (weighted avg)
  Recall    : 0.8795  (weighted avg)
  Precision : 0.9030  (weighted avg)
  CE Loss   : 0.5039

  📋 Classification Report:
                   precision    recall  f1-score   support
     
              low       0.99      0.99      0.99        69
           medium       0.85      0.96      0.90        53
             high       0.18      0.29      0.22         7
           urgent       0.96      0.68      0.79        37
     
         accuracy                           0.88       166
        macro avg       0.74      0.73      0.73       166
     weighted avg       0.90      0.88      0.88       166
     
  ──────────────────────────────────────────────────
  📊 ENSEMBLE  : Accuracy= 95.8% | Loss=0.2820 | R²=0.9270 | MAE=0.4876
  📊 LIGHTGBM  : Accuracy= 95.8% | Loss=0.2820 | R²=0.9393 | MAE=0.4603
  📊 XGBOOST   : Accuracy= 95.2% | Loss=0.2991 | R²=0.9018 | MAE=0.5059
  📊 LSTM      : Accuracy= 78.9% | Loss=0.7599 | R²=0.5801 | MAE=1.1065
✅ 3C12.............. [ห้องประชุม/สัมมนา] +LSTM✓  R²:0.927  MAE:0.49ชม  sMAPE:32.7%  Acc:0.879  F1:0.884  conf:67.3%

🏠 3C15-16
   🧠 [1/3] LSTM (Primary) – 3C15-16
      📈 LSTM training history: epochs=90 train_loss=0.9028 val_loss=1.3465 train_acc=0.7518 val_acc=0.5818
         ✅ success
   🌿 [2/3] LightGBM (Support)
   ⚡ [3/3] XGBoost (Support)
    🟢 LightGBM training: TrainLoss=0.5216 CalLoss=0.4350 TrainAcc=0.9248 CalAcc=0.9091
    ⚡ XGBoost training: TrainLoss=0.4646 CalLoss=0.4440 TrainAcc=0.9455 CalAcc=0.9212

  🎯 ENSEMBLE – 3C15-16 [id=451]

  📊 Classification Metrics – 3C15-16 [id=451]
  ──────────────────────────────────────────────────
  Accuracy  : 0.8916  (89.2%)
  F1 Score  : 0.8919  (weighted avg)
  Recall    : 0.8916  (weighted avg)
  Precision : 0.9008  (weighted avg)
  CE Loss   : 0.4697

  📋 Classification Report:
                   precision    recall  f1-score   support
     
              low       0.99      0.99      0.99        69
           medium       0.86      0.96      0.91        57
             high       0.12      0.14      0.13         7
           urgent       0.96      0.73      0.83        33
     
         accuracy                           0.89       166
        macro avg       0.73      0.71      0.71       166
     weighted avg       0.90      0.89      0.89       166
     
  ──────────────────────────────────────────────────
  📊 ENSEMBLE  : Accuracy= 97.6% | Loss=0.2308 | R²=0.9393 | MAE=0.4949
  📊 LIGHTGBM  : Accuracy= 98.2% | Loss=0.2137 | R²=0.9437 | MAE=0.4621
  📊 XGBOOST   : Accuracy= 97.0% | Loss=0.2479 | R²=0.9349 | MAE=0.5166
  📊 LSTM      : Accuracy= 81.9% | Loss=0.6745 | R²=0.6635 | MAE=1.1770
✅ 3C15-16........... [ห้องปฏิบัติการคอมพิวเตอร์] +LSTM✓  R²:0.939  MAE:0.49ชม  sMAPE:33.2%  Acc:0.892  F1:0.892  conf:66.8%

🏠 4C05(VDOCONFERENCE)
   🧠 [1/3] LSTM (Primary) – 4C05(VDOCONFERENCE)
      📈 LSTM training history: epochs=90 train_loss=0.8961 val_loss=1.2057 train_acc=0.7258 val_acc=0.6386
         ✅ success
   🌿 [2/3] LightGBM (Support)
   ⚡ [3/3] XGBoost (Support)
    🟢 LightGBM training: TrainLoss=0.4639 CalLoss=0.3716 TrainAcc=0.9326 CalAcc=0.9277
    ⚡ XGBoost training: TrainLoss=0.4088 CalLoss=0.3887 TrainAcc=0.9482 CalAcc=0.9337

  🎯 ENSEMBLE – 4C05(VDOCONFERENCE) [id=452]

  📊 Classification Metrics – 4C05(VDOCONFERENCE) [id=452]
  ──────────────────────────────────────────────────
  Accuracy  : 0.8916  (89.2%)
  F1 Score  : 0.8931  (weighted avg)
  Recall    : 0.8916  (weighted avg)
  Precision : 0.9104  (weighted avg)
  CE Loss   : 0.4697

  📋 Classification Report:
                   precision    recall  f1-score   support
     
              low       1.00      0.99      0.99        69
           medium       0.84      0.98      0.90        53
             high       0.30      0.43      0.35         7
           urgent       0.96      0.68      0.79        37
     
         accuracy                           0.89       166
        macro avg       0.78      0.77      0.76       166
     weighted avg       0.91      0.89      0.89       166
     
  ──────────────────────────────────────────────────
  📊 ENSEMBLE  : Accuracy= 95.8% | Loss=0.2820 | R²=0.9270 | MAE=0.4886
  📊 LIGHTGBM  : Accuracy= 95.8% | Loss=0.2820 | R²=0.9393 | MAE=0.4603
  📊 XGBOOST   : Accuracy= 95.2% | Loss=0.2991 | R²=0.9018 | MAE=0.5059
  📊 LSTM      : Accuracy= 75.3% | Loss=0.8623 | R²=0.5096 | MAE=1.1805
✅ 4C05(VDOCONFERENCE) [ห้องประชุม/vdo conference] +LSTM✓  R²:0.927  MAE:0.49ชม  sMAPE:32.8%  Acc:0.892  F1:0.893  conf:67.2%

🏠 ห้องบรรยาย2110
   🧠 [1/3] LSTM (Primary) – ห้องบรรยาย2110
      📈 LSTM training history: epochs=90 train_loss=0.8511 val_loss=1.1938 train_acc=0.7331 val_acc=0.5542
         ✅ success
   🌿 [2/3] LightGBM (Support)
   ⚡ [3/3] XGBoost (Support)
    🟢 LightGBM training: TrainLoss=0.4639 CalLoss=0.3716 TrainAcc=0.9326 CalAcc=0.9277
    ⚡ XGBoost training: TrainLoss=0.4088 CalLoss=0.3887 TrainAcc=0.9482 CalAcc=0.9337

  🎯 ENSEMBLE – ห้องบรรยาย2110 [id=453]

  📊 Classification Metrics – ห้องบรรยาย2110 [id=453]
  ──────────────────────────────────────────────────
  Accuracy  : 0.8855  (88.5%)
  F1 Score  : 0.8909  (weighted avg)
  Recall    : 0.8855  (weighted avg)
  Precision : 0.9145  (weighted avg)
  CE Loss   : 0.4868

  📋 Classification Report:
                   precision    recall  f1-score   support
     
              low       0.99      0.99      0.99        69
           medium       0.85      0.96      0.90        53
             high       0.25      0.43      0.32         7
           urgent       1.00      0.68      0.81        37
     
         accuracy                           0.89       166
        macro avg       0.77      0.76      0.75       166
     weighted avg       0.91      0.89      0.89       166
     
  ──────────────────────────────────────────────────
  📊 ENSEMBLE  : Accuracy= 95.8% | Loss=0.2820 | R²=0.9284 | MAE=0.4843
  📊 LIGHTGBM  : Accuracy= 95.8% | Loss=0.2820 | R²=0.9393 | MAE=0.4603
  📊 XGBOOST   : Accuracy= 95.2% | Loss=0.2991 | R²=0.9018 | MAE=0.5059
  📊 LSTM      : Accuracy= 84.3% | Loss=0.6063 | R²=0.6203 | MAE=1.0262
✅ ห้องบรรยาย2110.... [ห้องบรรยาย] +LSTM✓  R²:0.928  MAE:0.48ชม  sMAPE:32.7%  Acc:0.885  F1:0.891  conf:67.3%

🏠 ห้องบรรยาย2201
   🧠 [1/3] LSTM (Primary) – ห้องบรรยาย2201
      📈 LSTM training history: epochs=90 train_loss=0.8373 val_loss=1.2304 train_acc=0.7405 val_acc=0.5361
         ✅ success
   🌿 [2/3] LightGBM (Support)
   ⚡ [3/3] XGBoost (Support)
    🟢 LightGBM training: TrainLoss=0.4639 CalLoss=0.3716 TrainAcc=0.9326 CalAcc=0.9277
    ⚡ XGBoost training: TrainLoss=0.4088 CalLoss=0.3887 TrainAcc=0.9482 CalAcc=0.9337

  🎯 ENSEMBLE – ห้องบรรยาย2201 [id=454]

  📊 Classification Metrics – ห้องบรรยาย2201 [id=454]
  ──────────────────────────────────────────────────
  Accuracy  : 0.8916  (89.2%)
  F1 Score  : 0.8949  (weighted avg)
  Recall    : 0.8916  (weighted avg)
  Precision : 0.9137  (weighted avg)
  CE Loss   : 0.4697

  📋 Classification Report:
                   precision    recall  f1-score   support
     
              low       1.00      0.99      0.99        69
           medium       0.85      0.98      0.91        53
             high       0.27      0.43      0.33         7
           urgent       0.96      0.68      0.79        37
     
         accuracy                           0.89       166
        macro avg       0.77      0.77      0.76       166
     weighted avg       0.91      0.89      0.89       166
     
  ──────────────────────────────────────────────────
  📊 ENSEMBLE  : Accuracy= 95.8% | Loss=0.2820 | R²=0.9279 | MAE=0.4862
  📊 LIGHTGBM  : Accuracy= 95.8% | Loss=0.2820 | R²=0.9393 | MAE=0.4603
  📊 XGBOOST   : Accuracy= 95.2% | Loss=0.2991 | R²=0.9018 | MAE=0.5059
  📊 LSTM      : Accuracy= 80.7% | Loss=0.7087 | R²=0.5917 | MAE=1.1160
✅ ห้องบรรยาย2201.... [ห้องบรรยาย] +LSTM✓  R²:0.928  MAE:0.49ชม  sMAPE:32.6%  Acc:0.892  F1:0.895  conf:67.4%

🏠 ห้องบรรยาย2203
   🧠 [1/3] LSTM (Primary) – ห้องบรรยาย2203
      📈 LSTM training history: epochs=90 train_loss=0.8165 val_loss=1.1292 train_acc=0.7581 val_acc=0.6566
         ✅ success
   🌿 [2/3] LightGBM (Support)
   ⚡ [3/3] XGBoost (Support)
    🟢 LightGBM training: TrainLoss=0.4639 CalLoss=0.3716 TrainAcc=0.9326 CalAcc=0.9277
    ⚡ XGBoost training: TrainLoss=0.4088 CalLoss=0.3887 TrainAcc=0.9482 CalAcc=0.9337

  🎯 ENSEMBLE – ห้องบรรยาย2203 [id=455]

  📊 Classification Metrics – ห้องบรรยาย2203 [id=455]
  ──────────────────────────────────────────────────
  Accuracy  : 0.8795  (87.9%)
  F1 Score  : 0.8821  (weighted avg)
  Recall    : 0.8795  (weighted avg)
  Precision : 0.8993  (weighted avg)
  CE Loss   : 0.5039

  📋 Classification Report:
                   precision    recall  f1-score   support
     
              low       0.99      0.99      0.99        69
           medium       0.84      0.96      0.89        53
             high       0.20      0.29      0.24         7
           urgent       0.96      0.68      0.79        37
     
         accuracy                           0.88       166
        macro avg       0.75      0.73      0.73       166
     weighted avg       0.90      0.88      0.88       166
     
  ──────────────────────────────────────────────────
  📊 ENSEMBLE  : Accuracy= 95.8% | Loss=0.2820 | R²=0.9270 | MAE=0.4885
  📊 LIGHTGBM  : Accuracy= 95.8% | Loss=0.2820 | R²=0.9393 | MAE=0.4603
  📊 XGBOOST   : Accuracy= 95.2% | Loss=0.2991 | R²=0.9018 | MAE=0.5059
  📊 LSTM      : Accuracy= 79.5% | Loss=0.7428 | R²=0.5912 | MAE=1.0894
✅ ห้องบรรยาย2203.... [ห้องบรรยาย] +LSTM✓  R²:0.927  MAE:0.49ชม  sMAPE:32.7%  Acc:0.879  F1:0.882  conf:67.3%

🏠 ห้องบรรยาย2205
   🧠 [1/3] LSTM (Primary) – ห้องบรรยาย2205
      📈 LSTM training history: epochs=90 train_loss=0.8534 val_loss=1.1316 train_acc=0.7361 val_acc=0.5843
         ✅ success
   🌿 [2/3] LightGBM (Support)
   ⚡ [3/3] XGBoost (Support)
    🟢 LightGBM training: TrainLoss=0.4639 CalLoss=0.3716 TrainAcc=0.9326 CalAcc=0.9277
    ⚡ XGBoost training: TrainLoss=0.4088 CalLoss=0.3887 TrainAcc=0.9482 CalAcc=0.9337

  🎯 ENSEMBLE – ห้องบรรยาย2205 [id=456]

  📊 Classification Metrics – ห้องบรรยาย2205 [id=456]
  ──────────────────────────────────────────────────
  Accuracy  : 0.8855  (88.5%)
  F1 Score  : 0.8891  (weighted avg)
  Recall    : 0.8855  (weighted avg)
  Precision : 0.9110  (weighted avg)
  CE Loss   : 0.4868

  📋 Classification Report:
                   precision    recall  f1-score   support
     
              low       0.99      0.99      0.99        69
           medium       0.84      0.96      0.89        53
             high       0.27      0.43      0.33         7
           urgent       1.00      0.68      0.81        37
     
         accuracy                           0.89       166
        macro avg       0.77      0.76      0.76       166
     weighted avg       0.91      0.89      0.89       166
     
  ──────────────────────────────────────────────────
  📊 ENSEMBLE  : Accuracy= 96.4% | Loss=0.2649 | R²=0.9274 | MAE=0.4885
  📊 LIGHTGBM  : Accuracy= 95.8% | Loss=0.2820 | R²=0.9393 | MAE=0.4603
  📊 XGBOOST   : Accuracy= 95.2% | Loss=0.2991 | R²=0.9018 | MAE=0.5059
  📊 LSTM      : Accuracy= 77.7% | Loss=0.7940 | R²=0.6089 | MAE=1.0981
✅ ห้องบรรยาย2205.... [ห้องบรรยาย] +LSTM✓  R²:0.927  MAE:0.49ชม  sMAPE:32.7%  Acc:0.885  F1:0.889  conf:67.3%

🏠 ห้องบรรยาย2209
   🧠 [1/3] LSTM (Primary) – ห้องบรรยาย2209
      📈 LSTM training history: epochs=90 train_loss=0.8282 val_loss=1.1998 train_acc=0.7419 val_acc=0.5783
         ✅ success
   🌿 [2/3] LightGBM (Support)
   ⚡ [3/3] XGBoost (Support)
    🟢 LightGBM training: TrainLoss=0.4639 CalLoss=0.3716 TrainAcc=0.9326 CalAcc=0.9277
    ⚡ XGBoost training: TrainLoss=0.4088 CalLoss=0.3887 TrainAcc=0.9482 CalAcc=0.9337

  🎯 ENSEMBLE – ห้องบรรยาย2209 [id=457]

  📊 Classification Metrics – ห้องบรรยาย2209 [id=457]
  ──────────────────────────────────────────────────
  Accuracy  : 0.8855  (88.5%)
  F1 Score  : 0.8871  (weighted avg)
  Recall    : 0.8855  (weighted avg)
  Precision : 0.9035  (weighted avg)
  CE Loss   : 0.4868

  📋 Classification Report:
                   precision    recall  f1-score   support
     
              low       0.99      0.99      0.99        69
           medium       0.84      0.96      0.89        53
             high       0.30      0.43      0.35         7
           urgent       0.96      0.68      0.79        37
     
         accuracy                           0.89       166
        macro avg       0.77      0.76      0.76       166
     weighted avg       0.90      0.89      0.89       166
     
  ──────────────────────────────────────────────────
  📊 ENSEMBLE  : Accuracy= 95.8% | Loss=0.2820 | R²=0.9272 | MAE=0.4876
  📊 LIGHTGBM  : Accuracy= 95.8% | Loss=0.2820 | R²=0.9393 | MAE=0.4603
  📊 XGBOOST   : Accuracy= 95.2% | Loss=0.2991 | R²=0.9018 | MAE=0.5059
  📊 LSTM      : Accuracy= 80.7% | Loss=0.7087 | R²=0.5555 | MAE=1.1000
✅ ห้องบรรยาย2209.... [ห้องบรรยาย] +LSTM✓  R²:0.927  MAE:0.49ชม  sMAPE:32.7%  Acc:0.885  F1:0.887  conf:67.3%

🏠 ห้องบรรยาย2305
   🧠 [1/3] LSTM (Primary) – ห้องบรรยาย2305
      📈 LSTM training history: epochs=90 train_loss=0.8183 val_loss=1.2205 train_acc=0.7566 val_acc=0.5181
         ✅ success
   🌿 [2/3] LightGBM (Support)
   ⚡ [3/3] XGBoost (Support)
    🟢 LightGBM training: TrainLoss=0.4639 CalLoss=0.3716 TrainAcc=0.9326 CalAcc=0.9277
    ⚡ XGBoost training: TrainLoss=0.4088 CalLoss=0.3887 TrainAcc=0.9482 CalAcc=0.9337

  🎯 ENSEMBLE – ห้องบรรยาย2305 [id=458]

  📊 Classification Metrics – ห้องบรรยาย2305 [id=458]
  ──────────────────────────────────────────────────
  Accuracy  : 0.8855  (88.5%)
  F1 Score  : 0.8871  (weighted avg)
  Recall    : 0.8855  (weighted avg)
  Precision : 0.9035  (weighted avg)
  CE Loss   : 0.4868

  📋 Classification Report:
                   precision    recall  f1-score   support
     
              low       0.99      0.99      0.99        69
           medium       0.84      0.96      0.89        53
             high       0.30      0.43      0.35         7
           urgent       0.96      0.68      0.79        37
     
         accuracy                           0.89       166
        macro avg       0.77      0.76      0.76       166
     weighted avg       0.90      0.89      0.89       166
     
  ──────────────────────────────────────────────────
  📊 ENSEMBLE  : Accuracy= 96.4% | Loss=0.2649 | R²=0.9277 | MAE=0.4864
  📊 LIGHTGBM  : Accuracy= 95.8% | Loss=0.2820 | R²=0.9393 | MAE=0.4603
  📊 XGBOOST   : Accuracy= 95.2% | Loss=0.2991 | R²=0.9018 | MAE=0.5059
  📊 LSTM      : Accuracy= 76.5% | Loss=0.8282 | R²=0.5379 | MAE=1.1404
✅ ห้องบรรยาย2305.... [ห้องบรรยาย] +LSTM✓  R²:0.928  MAE:0.49ชม  sMAPE:32.7%  Acc:0.885  F1:0.887  conf:67.3%

🏠 1C-MEETING
   🧠 [1/3] LSTM (Primary) – 1C-MEETING
      📈 LSTM training history: epochs=90 train_loss=0.2958 val_loss=0.1888 train_acc=0.9152 val_acc=0.9650
         ✅ success
   🌿 [2/3] LightGBM (Support)
   ⚡ [3/3] XGBoost (Support)
    🟢 LightGBM training: TrainLoss=0.0649 CalLoss=0.0286 TrainAcc=0.9701 CalAcc=0.9790
    ⚡ XGBoost training: TrainLoss=0.0858 CalLoss=0.0559 TrainAcc=0.9401 CalAcc=0.9650

  🎯 ENSEMBLE – 1C-MEETING [id=459]

  📊 Classification Metrics – 1C-MEETING [id=459]
  ──────────────────────────────────────────────────
  Accuracy  : 0.9861  (98.6%)
  F1 Score  : 0.9854  (weighted avg)
  Recall    : 0.9861  (weighted avg)
  Precision : 0.9862  (weighted avg)
  CE Loss   : 0.2019

  📋 Classification Report:
                   precision    recall  f1-score   support
     
              low       0.99      1.00      1.00       140
           medium       0.00      0.00      0.00         1
             high       0.00      0.00      0.00         0
           urgent       1.00      0.67      0.80         3
     
         accuracy                           0.99       144
        macro avg       0.50      0.42      0.45       144
     weighted avg       0.99      0.99      0.99       144
     
  ──────────────────────────────────────────────────
  📊 ENSEMBLE  : Accuracy=100.0% | Loss=0.1625 | R²=0.8874 | MAE=0.0737
  📊 LIGHTGBM  : Accuracy= 99.3% | Loss=0.1822 | R²=0.9457 | MAE=0.0186
  📊 XGBOOST   : Accuracy=100.0% | Loss=0.1625 | R²=0.3815 | MAE=0.1871
  📊 LSTM      : Accuracy= 98.6% | Loss=0.2019 | R²=-0.0415 | MAE=0.0938
✅ 1C-MEETING........ [ห้องประชุม] [no LSTM]  R²:0.887  MAE:0.07ชม  sMAPE:63.4%  Acc:0.986  F1:0.985  conf:36.6%

🏠 POL123(สำนักงานชั้น1)
   🧠 [1/3] LSTM (Primary) – POL123(สำนักงานชั้น1)
      📈 LSTM training history: epochs=90 train_loss=0.2959 val_loss=0.1889 train_acc=0.9152 val_acc=0.9650
         ✅ success
   🌿 [2/3] LightGBM (Support)
   ⚡ [3/3] XGBoost (Support)
    🟢 LightGBM training: TrainLoss=0.0649 CalLoss=0.0286 TrainAcc=0.9701 CalAcc=0.9790
    ⚡ XGBoost training: TrainLoss=0.0858 CalLoss=0.0559 TrainAcc=0.9401 CalAcc=0.9650

  🎯 ENSEMBLE – POL123(สำนักงานชั้น1) [id=460]

  📊 Classification Metrics – POL123(สำนักงานชั้น1) [id=460]
  ──────────────────────────────────────────────────
  Accuracy  : 0.9861  (98.6%)
  F1 Score  : 0.9854  (weighted avg)
  Recall    : 0.9861  (weighted avg)
  Precision : 0.9862  (weighted avg)
  CE Loss   : 0.2019

  📋 Classification Report:
                   precision    recall  f1-score   support
     
              low       0.99      1.00      1.00       140
           medium       0.00      0.00      0.00         1
             high       0.00      0.00      0.00         0
           urgent       1.00      0.67      0.80         3
     
         accuracy                           0.99       144
        macro avg       0.50      0.42      0.45       144
     weighted avg       0.99      0.99      0.99       144
     
  ──────────────────────────────────────────────────
  📊 ENSEMBLE  : Accuracy=100.0% | Loss=0.1625 | R²=0.8874 | MAE=0.0737
  📊 LIGHTGBM  : Accuracy= 99.3% | Loss=0.1822 | R²=0.9457 | MAE=0.0186
  📊 XGBOOST   : Accuracy=100.0% | Loss=0.1625 | R²=0.3815 | MAE=0.1871
  📊 LSTM      : Accuracy= 98.6% | Loss=0.2019 | R²=-0.0414 | MAE=0.0939
✅ POL123(สำนักงานชั้น1) [ห้องประชุม] [no LSTM]  R²:0.887  MAE:0.07ชม  sMAPE:63.4%  Acc:0.986  F1:0.985  conf:36.6%

🏠 POL228ห้องเรียนชั้น2
   🧠 [1/3] LSTM (Primary) – POL228ห้องเรียนชั้น2
      📈 LSTM training history: epochs=90 train_loss=0.8328 val_loss=1.1576 train_acc=0.7537 val_acc=0.6325
         ✅ success
   🌿 [2/3] LightGBM (Support)
   ⚡ [3/3] XGBoost (Support)
    🟢 LightGBM training: TrainLoss=0.4639 CalLoss=0.3716 TrainAcc=0.9326 CalAcc=0.9277
    ⚡ XGBoost training: TrainLoss=0.4088 CalLoss=0.3887 TrainAcc=0.9482 CalAcc=0.9337

  🎯 ENSEMBLE – POL228ห้องเรียนชั้น2 [id=461]

  📊 Classification Metrics – POL228ห้องเรียนชั้น2 [id=461]
  ──────────────────────────────────────────────────
  Accuracy  : 0.8855  (88.5%)
  F1 Score  : 0.8909  (weighted avg)
  Recall    : 0.8855  (weighted avg)
  Precision : 0.9145  (weighted avg)
  CE Loss   : 0.4868

  📋 Classification Report:
                   precision    recall  f1-score   support
     
              low       0.99      0.99      0.99        69
           medium       0.85      0.96      0.90        53
             high       0.25      0.43      0.32         7
           urgent       1.00      0.68      0.81        37
     
         accuracy                           0.89       166
        macro avg       0.77      0.76      0.75       166
     weighted avg       0.91      0.89      0.89       166
     
  ──────────────────────────────────────────────────
  📊 ENSEMBLE  : Accuracy= 95.8% | Loss=0.2820 | R²=0.9261 | MAE=0.4907
  📊 LIGHTGBM  : Accuracy= 95.8% | Loss=0.2820 | R²=0.9393 | MAE=0.4603
  📊 XGBOOST   : Accuracy= 95.2% | Loss=0.2991 | R²=0.9018 | MAE=0.5059
  📊 LSTM      : Accuracy= 83.1% | Loss=0.6404 | R²=0.5863 | MAE=1.0857
✅ POL228ห้องเรียนชั้น2 [ห้องเรียน ] +LSTM✓  R²:0.926  MAE:0.49ชม  sMAPE:32.7%  Acc:0.885  F1:0.891  conf:67.3%

🏠 POLSMARTCLASSROOM(C)
   🧠 [1/3] LSTM (Primary) – POLSMARTCLASSROOM(C)
      📈 LSTM training history: epochs=90 train_loss=0.8694 val_loss=1.1918 train_acc=0.7390 val_acc=0.5964
         ✅ success
   🌿 [2/3] LightGBM (Support)
   ⚡ [3/3] XGBoost (Support)
    🟢 LightGBM training: TrainLoss=0.4639 CalLoss=0.3716 TrainAcc=0.9326 CalAcc=0.9277
    ⚡ XGBoost training: TrainLoss=0.4088 CalLoss=0.3887 TrainAcc=0.9482 CalAcc=0.9337

  🎯 ENSEMBLE – POLSMARTCLASSROOM(C) [id=462]

  📊 Classification Metrics – POLSMARTCLASSROOM(C) [id=462]
  ──────────────────────────────────────────────────
  Accuracy  : 0.8855  (88.5%)
  F1 Score  : 0.8888  (weighted avg)
  Recall    : 0.8855  (weighted avg)
  Precision : 0.9068  (weighted avg)
  CE Loss   : 0.4868

  📋 Classification Report:
                   precision    recall  f1-score   support
     
              low       0.99      0.99      0.99        69
           medium       0.85      0.96      0.90        53
             high       0.27      0.43      0.33         7
           urgent       0.96      0.68      0.79        37
     
         accuracy                           0.89       166
        macro avg       0.77      0.76      0.75       166
     weighted avg       0.91      0.89      0.89       166
     
  ──────────────────────────────────────────────────
  📊 ENSEMBLE  : Accuracy= 96.4% | Loss=0.2649 | R²=0.9272 | MAE=0.4888
  📊 LIGHTGBM  : Accuracy= 95.8% | Loss=0.2820 | R²=0.9393 | MAE=0.4603
  📊 XGBOOST   : Accuracy= 95.2% | Loss=0.2991 | R²=0.9018 | MAE=0.5059
  📊 LSTM      : Accuracy= 77.7% | Loss=0.7940 | R²=0.5540 | MAE=1.1461
✅ POLSMARTCLASSROOM(C) [smart classroom] +LSTM✓  R²:0.927  MAE:0.49ชม  sMAPE:32.8%  Acc:0.885  F1:0.889  conf:67.2%

🏠 BIOACTIVELEARNING(บรรยาย5ชั้น1)
   🧠 [1/3] LSTM (Primary) – BIOACTIVELEARNING(บรรยาย5ชั้น1)
      📈 LSTM training history: epochs=90 train_loss=0.8401 val_loss=1.0942 train_acc=0.7419 val_acc=0.6325
         ✅ success
   🌿 [2/3] LightGBM (Support)
   ⚡ [3/3] XGBoost (Support)
    🟢 LightGBM training: TrainLoss=0.4639 CalLoss=0.3716 TrainAcc=0.9326 CalAcc=0.9277
    ⚡ XGBoost training: TrainLoss=0.4088 CalLoss=0.3887 TrainAcc=0.9482 CalAcc=0.9337

  🎯 ENSEMBLE – BIOACTIVELEARNING(บรรยาย5ชั้น1) [id=463]

  📊 Classification Metrics – BIOACTIVELEARNING(บรรยาย5ชั้น1) [id=463]
  ──────────────────────────────────────────────────
  Accuracy  : 0.8795  (87.9%)
  F1 Score  : 0.8859  (weighted avg)
  Recall    : 0.8795  (weighted avg)
  Precision : 0.9136  (weighted avg)
  CE Loss   : 0.5039

  📋 Classification Report:
                   precision    recall  f1-score   support
     
              low       0.99      0.99      0.99        69
           medium       0.85      0.96      0.90        53
             high       0.23      0.43      0.30         7
           urgent       1.00      0.65      0.79        37
     
         accuracy                           0.88       166
        macro avg       0.77      0.76      0.74       166
     weighted avg       0.91      0.88      0.89       166
     
  ──────────────────────────────────────────────────
  📊 ENSEMBLE  : Accuracy= 97.0% | Loss=0.2479 | R²=0.9275 | MAE=0.4860
  📊 LIGHTGBM  : Accuracy= 95.8% | Loss=0.2820 | R²=0.9393 | MAE=0.4603
  📊 XGBOOST   : Accuracy= 95.2% | Loss=0.2991 | R²=0.9018 | MAE=0.5059
  📊 LSTM      : Accuracy= 79.5% | Loss=0.7428 | R²=0.5894 | MAE=1.0667
✅ BIOACTIVELEARNING(บรรยาย5ชั้น1) [ห้องเรียน/active learning] +LSTM✓  R²:0.928  MAE:0.49ชม  sMAPE:32.8%  Acc:0.879  F1:0.886  conf:67.2%

🏠 BIO1ห้องบรรยาย1ชั้น1
   🧠 [1/3] LSTM (Primary) – BIO1ห้องบรรยาย1ชั้น1
      📈 LSTM training history: epochs=90 train_loss=0.7937 val_loss=1.1298 train_acc=0.7463 val_acc=0.6084
         ✅ success
   🌿 [2/3] LightGBM (Support)
   ⚡ [3/3] XGBoost (Support)
    🟢 LightGBM training: TrainLoss=0.4639 CalLoss=0.3716 TrainAcc=0.9326 CalAcc=0.9277
    ⚡ XGBoost training: TrainLoss=0.4088 CalLoss=0.3887 TrainAcc=0.9482 CalAcc=0.9337

  🎯 ENSEMBLE – BIO1ห้องบรรยาย1ชั้น1 [id=464]

  📊 Classification Metrics – BIO1ห้องบรรยาย1ชั้น1 [id=464]
  ──────────────────────────────────────────────────
  Accuracy  : 0.8855  (88.5%)
  F1 Score  : 0.8891  (weighted avg)
  Recall    : 0.8855  (weighted avg)
  Precision : 0.9110  (weighted avg)
  CE Loss   : 0.4868

  📋 Classification Report:
                   precision    recall  f1-score   support
     
              low       0.99      0.99      0.99        69
           medium       0.84      0.96      0.89        53
             high       0.27      0.43      0.33         7
           urgent       1.00      0.68      0.81        37
     
         accuracy                           0.89       166
        macro avg       0.77      0.76      0.76       166
     weighted avg       0.91      0.89      0.89       166
     
  ──────────────────────────────────────────────────
  📊 ENSEMBLE  : Accuracy= 95.8% | Loss=0.2820 | R²=0.9285 | MAE=0.4859
  📊 LIGHTGBM  : Accuracy= 95.8% | Loss=0.2820 | R²=0.9393 | MAE=0.4603
  📊 XGBOOST   : Accuracy= 95.2% | Loss=0.2991 | R²=0.9018 | MAE=0.5059
  📊 LSTM      : Accuracy= 81.9% | Loss=0.6745 | R²=0.6290 | MAE=1.0262
✅ BIO1ห้องบรรยาย1ชั้น1 [ห้องบรรยาย] +LSTM✓  R²:0.928  MAE:0.49ชม  sMAPE:32.7%  Acc:0.885  F1:0.889  conf:67.3%

🏠 BIO3ห้องบรรยาย3ชั้น3
   🧠 [1/3] LSTM (Primary) – BIO3ห้องบรรยาย3ชั้น3
      📈 LSTM training history: epochs=90 train_loss=0.8918 val_loss=1.1688 train_acc=0.7273 val_acc=0.6446
         ✅ success
   🌿 [2/3] LightGBM (Support)
   ⚡ [3/3] XGBoost (Support)
    🟢 LightGBM training: TrainLoss=0.4639 CalLoss=0.3716 TrainAcc=0.9326 CalAcc=0.9277
    ⚡ XGBoost training: TrainLoss=0.4088 CalLoss=0.3887 TrainAcc=0.9482 CalAcc=0.9337

  🎯 ENSEMBLE – BIO3ห้องบรรยาย3ชั้น3 [id=465]

  📊 Classification Metrics – BIO3ห้องบรรยาย3ชั้น3 [id=465]
  ──────────────────────────────────────────────────
  Accuracy  : 0.8855  (88.5%)
  F1 Score  : 0.8901  (weighted avg)
  Recall    : 0.8855  (weighted avg)
  Precision : 0.9169  (weighted avg)
  CE Loss   : 0.4868

  📋 Classification Report:
                   precision    recall  f1-score   support
     
              low       1.00      0.99      0.99        69
           medium       0.84      0.98      0.90        53
             high       0.25      0.43      0.32         7
           urgent       1.00      0.65      0.79        37
     
         accuracy                           0.89       166
        macro avg       0.77      0.76      0.75       166
     weighted avg       0.92      0.89      0.89       166
     
  ──────────────────────────────────────────────────
  📊 ENSEMBLE  : Accuracy= 96.4% | Loss=0.2649 | R²=0.9267 | MAE=0.4914
  📊 LIGHTGBM  : Accuracy= 95.8% | Loss=0.2820 | R²=0.9393 | MAE=0.4603
  📊 XGBOOST   : Accuracy= 95.2% | Loss=0.2991 | R²=0.9018 | MAE=0.5059
  📊 LSTM      : Accuracy= 75.3% | Loss=0.8623 | R²=0.5306 | MAE=1.1728
✅ BIO3ห้องบรรยาย3ชั้น3 [ห้องบรรยาย] +LSTM✓  R²:0.927  MAE:0.49ชม  sMAPE:32.8%  Acc:0.885  F1:0.890  conf:67.2%

🏠 BIO4ห้องบรรยาย4ชั้น1
   🧠 [1/3] LSTM (Primary) – BIO4ห้องบรรยาย4ชั้น1
      📈 LSTM training history: epochs=90 train_loss=0.8394 val_loss=1.1932 train_acc=0.7375 val_acc=0.5542
         ✅ success
   🌿 [2/3] LightGBM (Support)
   ⚡ [3/3] XGBoost (Support)
    🟢 LightGBM training: TrainLoss=0.4639 CalLoss=0.3716 TrainAcc=0.9326 CalAcc=0.9277
    ⚡ XGBoost training: TrainLoss=0.4088 CalLoss=0.3887 TrainAcc=0.9482 CalAcc=0.9337

  🎯 ENSEMBLE – BIO4ห้องบรรยาย4ชั้น1 [id=466]

  📊 Classification Metrics – BIO4ห้องบรรยาย4ชั้น1 [id=466]
  ──────────────────────────────────────────────────
  Accuracy  : 0.8855  (88.5%)
  F1 Score  : 0.8888  (weighted avg)
  Recall    : 0.8855  (weighted avg)
  Precision : 0.9068  (weighted avg)
  CE Loss   : 0.4868

  📋 Classification Report:
                   precision    recall  f1-score   support
     
              low       0.99      0.99      0.99        69
           medium       0.85      0.96      0.90        53
             high       0.27      0.43      0.33         7
           urgent       0.96      0.68      0.79        37
     
         accuracy                           0.89       166
        macro avg       0.77      0.76      0.75       166
     weighted avg       0.91      0.89      0.89       166
     
  ──────────────────────────────────────────────────
  📊 ENSEMBLE  : Accuracy= 95.8% | Loss=0.2820 | R²=0.9285 | MAE=0.4849
  📊 LIGHTGBM  : Accuracy= 95.8% | Loss=0.2820 | R²=0.9393 | MAE=0.4603
  📊 XGBOOST   : Accuracy= 95.2% | Loss=0.2991 | R²=0.9018 | MAE=0.5059
  📊 LSTM      : Accuracy= 79.5% | Loss=0.7428 | R²=0.6185 | MAE=1.0452
✅ BIO4ห้องบรรยาย4ชั้น1 [ห้องบรรยาย] +LSTM✓  R²:0.929  MAE:0.48ชม  sMAPE:32.7%  Acc:0.885  F1:0.889  conf:67.3%

🏠 SC302ชั้น3
   🧠 [1/3] LSTM (Primary) – SC302ชั้น3
      📈 LSTM training history: epochs=90 train_loss=0.9038 val_loss=1.1018 train_acc=0.7302 val_acc=0.6084
         ✅ success
   🌿 [2/3] LightGBM (Support)
   ⚡ [3/3] XGBoost (Support)
    🟢 LightGBM training: TrainLoss=0.4639 CalLoss=0.3716 TrainAcc=0.9326 CalAcc=0.9277
    ⚡ XGBoost training: TrainLoss=0.4088 CalLoss=0.3887 TrainAcc=0.9482 CalAcc=0.9337

  🎯 ENSEMBLE – SC302ชั้น3 [id=467]

  📊 Classification Metrics – SC302ชั้น3 [id=467]
  ──────────────────────────────────────────────────
  Accuracy  : 0.8675  (86.8%)
  F1 Score  : 0.8736  (weighted avg)
  Recall    : 0.8675  (weighted avg)
  Precision : 0.9085  (weighted avg)
  CE Loss   : 0.5380

  📋 Classification Report:
                   precision    recall  f1-score   support
     
              low       0.99      0.99      0.99        69
           medium       0.84      0.96      0.89        53
             high       0.21      0.43      0.29         7
           urgent       1.00      0.59      0.75        37
     
         accuracy                           0.87       166
        macro avg       0.76      0.74      0.73       166
     weighted avg       0.91      0.87      0.87       166
     
  ──────────────────────────────────────────────────
  📊 ENSEMBLE  : Accuracy= 96.4% | Loss=0.2649 | R²=0.9244 | MAE=0.4975
  📊 LIGHTGBM  : Accuracy= 95.8% | Loss=0.2820 | R²=0.9393 | MAE=0.4603
  📊 XGBOOST   : Accuracy= 95.2% | Loss=0.2991 | R²=0.9018 | MAE=0.5059
  📊 LSTM      : Accuracy= 72.9% | Loss=0.9306 | R²=0.4370 | MAE=1.2664
✅ SC302ชั้น3........ [ห้องเรียน/ประชุม] +LSTM✓  R²:0.924  MAE:0.50ชม  sMAPE:32.9%  Acc:0.868  F1:0.874  conf:67.1%

🏠 SC349ชั้น3
   🧠 [1/3] LSTM (Primary) – SC349ชั้น3
      📈 LSTM training history: epochs=90 train_loss=0.8454 val_loss=1.1253 train_acc=0.7419 val_acc=0.6325
         ✅ success
   🌿 [2/3] LightGBM (Support)
   ⚡ [3/3] XGBoost (Support)
    🟢 LightGBM training: TrainLoss=0.4639 CalLoss=0.3716 TrainAcc=0.9326 CalAcc=0.9277
    ⚡ XGBoost training: TrainLoss=0.4088 CalLoss=0.3887 TrainAcc=0.9482 CalAcc=0.9337

  🎯 ENSEMBLE – SC349ชั้น3 [id=468]

  📊 Classification Metrics – SC349ชั้น3 [id=468]
  ──────────────────────────────────────────────────
  Accuracy  : 0.8855  (88.5%)
  F1 Score  : 0.8891  (weighted avg)
  Recall    : 0.8855  (weighted avg)
  Precision : 0.9110  (weighted avg)
  CE Loss   : 0.4868

  📋 Classification Report:
                   precision    recall  f1-score   support
     
              low       0.99      0.99      0.99        69
           medium       0.84      0.96      0.89        53
             high       0.27      0.43      0.33         7
           urgent       1.00      0.68      0.81        37
     
         accuracy                           0.89       166
        macro avg       0.77      0.76      0.76       166
     weighted avg       0.91      0.89      0.89       166
     
  ──────────────────────────────────────────────────
  📊 ENSEMBLE  : Accuracy= 96.4% | Loss=0.2649 | R²=0.9272 | MAE=0.4880
  📊 LIGHTGBM  : Accuracy= 95.8% | Loss=0.2820 | R²=0.9393 | MAE=0.4603
  📊 XGBOOST   : Accuracy= 95.2% | Loss=0.2991 | R²=0.9018 | MAE=0.5059
  📊 LSTM      : Accuracy= 78.3% | Loss=0.7770 | R²=0.5786 | MAE=1.0671
✅ SC349ชั้น3........ [ห้องเรียน/ประชุม] +LSTM✓  R²:0.927  MAE:0.49ชม  sMAPE:32.8%  Acc:0.885  F1:0.889  conf:67.2%

🏠 SC350ชั้น3
   🧠 [1/3] LSTM (Primary) – SC350ชั้น3
      📈 LSTM training history: epochs=90 train_loss=0.8424 val_loss=1.1412 train_acc=0.7551 val_acc=0.6386
         ✅ success
   🌿 [2/3] LightGBM (Support)
   ⚡ [3/3] XGBoost (Support)
    🟢 LightGBM training: TrainLoss=0.4639 CalLoss=0.3716 TrainAcc=0.9326 CalAcc=0.9277
    ⚡ XGBoost training: TrainLoss=0.4088 CalLoss=0.3887 TrainAcc=0.9482 CalAcc=0.9337

  🎯 ENSEMBLE – SC350ชั้น3 [id=469]

  📊 Classification Metrics – SC350ชั้น3 [id=469]
  ──────────────────────────────────────────────────
  Accuracy  : 0.8855  (88.5%)
  F1 Score  : 0.8891  (weighted avg)
  Recall    : 0.8855  (weighted avg)
  Precision : 0.9110  (weighted avg)
  CE Loss   : 0.4868

  📋 Classification Report:
                   precision    recall  f1-score   support
     
              low       0.99      0.99      0.99        69
           medium       0.84      0.96      0.89        53
             high       0.27      0.43      0.33         7
           urgent       1.00      0.68      0.81        37
     
         accuracy                           0.89       166
        macro avg       0.77      0.76      0.76       166
     weighted avg       0.91      0.89      0.89       166
     
  ──────────────────────────────────────────────────
  📊 ENSEMBLE  : Accuracy= 96.4% | Loss=0.2649 | R²=0.9266 | MAE=0.4906
  📊 LIGHTGBM  : Accuracy= 95.8% | Loss=0.2820 | R²=0.9393 | MAE=0.4603
  📊 XGBOOST   : Accuracy= 95.2% | Loss=0.2991 | R²=0.9018 | MAE=0.5059
  📊 LSTM      : Accuracy= 80.1% | Loss=0.7257 | R²=0.5416 | MAE=1.1648
✅ SC350ชั้น3........ [ห้องเรียน/ประชุม] +LSTM✓  R²:0.927  MAE:0.49ชม  sMAPE:32.8%  Acc:0.885  F1:0.889  conf:67.2%

🏠 EN6206ปฏิบัติการคอมพิวเตอร์
   🧠 [1/3] LSTM (Primary) – EN6206ปฏิบัติการคอมพิวเตอร์
      📈 LSTM training history: epochs=90 train_loss=0.8921 val_loss=1.2885 train_acc=0.7562 val_acc=0.5818
         ✅ success
   🌿 [2/3] LightGBM (Support)
   ⚡ [3/3] XGBoost (Support)
    🟢 LightGBM training: TrainLoss=0.5216 CalLoss=0.4350 TrainAcc=0.9248 CalAcc=0.9091
    ⚡ XGBoost training: TrainLoss=0.4646 CalLoss=0.4440 TrainAcc=0.9455 CalAcc=0.9212

  🎯 ENSEMBLE – EN6206ปฏิบัติการคอมพิวเตอร์ [id=470]

  📊 Classification Metrics – EN6206ปฏิบัติการคอมพิวเตอร์ [id=470]
  ──────────────────────────────────────────────────
  Accuracy  : 0.9036  (90.4%)
  F1 Score  : 0.8982  (weighted avg)
  Recall    : 0.9036  (weighted avg)
  Precision : 0.9039  (weighted avg)
  CE Loss   : 0.4356

  📋 Classification Report:
                   precision    recall  f1-score   support
     
              low       0.99      0.99      0.99        69
           medium       0.84      0.98      0.90        57
             high       0.20      0.14      0.17         7
           urgent       1.00      0.76      0.86        33
     
         accuracy                           0.90       166
        macro avg       0.76      0.72      0.73       166
     weighted avg       0.90      0.90      0.90       166
     
  ──────────────────────────────────────────────────
  📊 ENSEMBLE  : Accuracy= 97.6% | Loss=0.2308 | R²=0.9377 | MAE=0.5023
  📊 LIGHTGBM  : Accuracy= 98.2% | Loss=0.2137 | R²=0.9437 | MAE=0.4621
  📊 XGBOOST   : Accuracy= 97.0% | Loss=0.2479 | R²=0.9349 | MAE=0.5166
  📊 LSTM      : Accuracy= 80.7% | Loss=0.7087 | R²=0.5879 | MAE=1.2261
✅ EN6206ปฏิบัติการคอมพิวเตอร์ [ห้องปฏิบัติการคอมพิวเตอร์] +LSTM✓  R²:0.938  MAE:0.50ชม  sMAPE:33.4%  Acc:0.904  F1:0.898  conf:66.6%

🏠 1C-MEETING
   🧠 [1/3] LSTM (Primary) – 1C-MEETING
      📈 LSTM training history: epochs=90 train_loss=0.2959 val_loss=0.1889 train_acc=0.9152 val_acc=0.9650
         ✅ success
   🌿 [2/3] LightGBM (Support)
   ⚡ [3/3] XGBoost (Support)
    🟢 LightGBM training: TrainLoss=0.0649 CalLoss=0.0286 TrainAcc=0.9701 CalAcc=0.9790
    ⚡ XGBoost training: TrainLoss=0.0858 CalLoss=0.0559 TrainAcc=0.9401 CalAcc=0.9650

  🎯 ENSEMBLE – 1C-MEETING [id=471]

  📊 Classification Metrics – 1C-MEETING [id=471]
  ──────────────────────────────────────────────────
  Accuracy  : 0.9861  (98.6%)
  F1 Score  : 0.9854  (weighted avg)
  Recall    : 0.9861  (weighted avg)
  Precision : 0.9862  (weighted avg)
  CE Loss   : 0.2019

  📋 Classification Report:
                   precision    recall  f1-score   support
     
              low       0.99      1.00      1.00       140
           medium       0.00      0.00      0.00         1
             high       0.00      0.00      0.00         0
           urgent       1.00      0.67      0.80         3
     
         accuracy                           0.99       144
        macro avg       0.50      0.42      0.45       144
     weighted avg       0.99      0.99      0.99       144
     
  ──────────────────────────────────────────────────
  📊 ENSEMBLE  : Accuracy=100.0% | Loss=0.1625 | R²=0.8874 | MAE=0.0737
  📊 LIGHTGBM  : Accuracy= 99.3% | Loss=0.1822 | R²=0.9457 | MAE=0.0186
  📊 XGBOOST   : Accuracy=100.0% | Loss=0.1625 | R²=0.3815 | MAE=0.1871
  📊 LSTM      : Accuracy= 98.6% | Loss=0.2019 | R²=-0.0415 | MAE=0.0938
✅ 1C-MEETING........ [ห้องประชุม] [no LSTM]  R²:0.887  MAE:0.07ชม  sMAPE:63.4%  Acc:0.986  F1:0.985  conf:36.6%

🏠 ลานกิจกรรมEN6ชั้น1ZONEB
   🧠 [1/3] LSTM (Primary) – ลานกิจกรรมEN6ชั้น1ZONEB
      📈 LSTM training history: epochs=90 train_loss=0.8421 val_loss=1.0729 train_acc=0.7522 val_acc=0.6506
         ✅ success
   🌿 [2/3] LightGBM (Support)
   ⚡ [3/3] XGBoost (Support)
    🟢 LightGBM training: TrainLoss=0.4639 CalLoss=0.3716 TrainAcc=0.9326 CalAcc=0.9277
    ⚡ XGBoost training: TrainLoss=0.4088 CalLoss=0.3887 TrainAcc=0.9482 CalAcc=0.9337

  🎯 ENSEMBLE – ลานกิจกรรมEN6ชั้น1ZONEB [id=472]

  📊 Classification Metrics – ลานกิจกรรมEN6ชั้น1ZONEB [id=472]
  ──────────────────────────────────────────────────
  Accuracy  : 0.8855  (88.5%)
  F1 Score  : 0.8891  (weighted avg)
  Recall    : 0.8855  (weighted avg)
  Precision : 0.9110  (weighted avg)
  CE Loss   : 0.4868

  📋 Classification Report:
                   precision    recall  f1-score   support
     
              low       0.99      0.99      0.99        69
           medium       0.84      0.96      0.89        53
             high       0.27      0.43      0.33         7
           urgent       1.00      0.68      0.81        37
     
         accuracy                           0.89       166
        macro avg       0.77      0.76      0.76       166
     weighted avg       0.91      0.89      0.89       166
     
  ──────────────────────────────────────────────────
  📊 ENSEMBLE  : Accuracy= 95.2% | Loss=0.2991 | R²=0.9268 | MAE=0.4921
  📊 LIGHTGBM  : Accuracy= 95.8% | Loss=0.2820 | R²=0.9393 | MAE=0.4603
  📊 XGBOOST   : Accuracy= 95.2% | Loss=0.2991 | R²=0.9018 | MAE=0.5059
  📊 LSTM      : Accuracy= 81.9% | Loss=0.6745 | R²=0.5596 | MAE=1.1120
✅ ลานกิจกรรมEN6ชั้น1ZONEB [ลานกิจกรรม] +LSTM✓  R²:0.927  MAE:0.49ชม  sMAPE:32.9%  Acc:0.885  F1:0.889  conf:67.1%

🏠 AGCOMPUTER1
   🧠 [1/3] LSTM (Primary) – AGCOMPUTER1
      📈 LSTM training history: epochs=90 train_loss=0.9051 val_loss=1.3342 train_acc=0.7489 val_acc=0.5576
         ✅ success
   🌿 [2/3] LightGBM (Support)
   ⚡ [3/3] XGBoost (Support)
    🟢 LightGBM training: TrainLoss=0.5216 CalLoss=0.4350 TrainAcc=0.9248 CalAcc=0.9091
    ⚡ XGBoost training: TrainLoss=0.4646 CalLoss=0.4440 TrainAcc=0.9455 CalAcc=0.9212

  🎯 ENSEMBLE – AGCOMPUTER1 [id=473]

  📊 Classification Metrics – AGCOMPUTER1 [id=473]
  ──────────────────────────────────────────────────
  Accuracy  : 0.9157  (91.6%)
  F1 Score  : 0.9122  (weighted avg)
  Recall    : 0.9157  (weighted avg)
  Precision : 0.9158  (weighted avg)
  CE Loss   : 0.4015

  📋 Classification Report:
                   precision    recall  f1-score   support
     
              low       0.99      0.99      0.99        69
           medium       0.85      0.96      0.90        57
             high       0.40      0.29      0.33         7
           urgent       1.00      0.82      0.90        33
     
         accuracy                           0.92       166
        macro avg       0.81      0.76      0.78       166
     weighted avg       0.92      0.92      0.91       166
     
  ──────────────────────────────────────────────────
  📊 ENSEMBLE  : Accuracy= 97.6% | Loss=0.2308 | R²=0.9385 | MAE=0.4975
  📊 LIGHTGBM  : Accuracy= 98.2% | Loss=0.2137 | R²=0.9437 | MAE=0.4621
  📊 XGBOOST   : Accuracy= 97.0% | Loss=0.2479 | R²=0.9349 | MAE=0.5166
  📊 LSTM      : Accuracy= 79.5% | Loss=0.7428 | R²=0.5804 | MAE=1.2890
✅ AGCOMPUTER1....... [ห้องปฏิบัติการคอมพิวเตอร์] +LSTM✓  R²:0.939  MAE:0.50ชม  sMAPE:33.3%  Acc:0.916  F1:0.912  conf:66.7%

🏠 AGCOMPUTER2
   🧠 [1/3] LSTM (Primary) – AGCOMPUTER2
      📈 LSTM training history: epochs=90 train_loss=0.9395 val_loss=1.3154 train_acc=0.7504 val_acc=0.6000
         ✅ success
   🌿 [2/3] LightGBM (Support)
   ⚡ [3/3] XGBoost (Support)
    🟢 LightGBM training: TrainLoss=0.5216 CalLoss=0.4350 TrainAcc=0.9248 CalAcc=0.9091
    ⚡ XGBoost training: TrainLoss=0.4646 CalLoss=0.4440 TrainAcc=0.9455 CalAcc=0.9212

  🎯 ENSEMBLE – AGCOMPUTER2 [id=474]

  📊 Classification Metrics – AGCOMPUTER2 [id=474]
  ──────────────────────────────────────────────────
  Accuracy  : 0.8976  (89.8%)
  F1 Score  : 0.8942  (weighted avg)
  Recall    : 0.8976  (weighted avg)
  Precision : 0.8984  (weighted avg)
  CE Loss   : 0.4527

  📋 Classification Report:
                   precision    recall  f1-score   support
     
              low       0.99      0.99      0.99        69
           medium       0.85      0.96      0.90        57
             high       0.17      0.14      0.15         7
           urgent       0.96      0.76      0.85        33
     
         accuracy                           0.90       166
        macro avg       0.74      0.71      0.72       166
     weighted avg       0.90      0.90      0.89       166
     
  ──────────────────────────────────────────────────
  📊 ENSEMBLE  : Accuracy= 97.6% | Loss=0.2308 | R²=0.9389 | MAE=0.4950
  📊 LIGHTGBM  : Accuracy= 98.2% | Loss=0.2137 | R²=0.9437 | MAE=0.4621
  📊 XGBOOST   : Accuracy= 97.0% | Loss=0.2479 | R²=0.9349 | MAE=0.5166
  📊 LSTM      : Accuracy= 80.1% | Loss=0.7257 | R²=0.5712 | MAE=1.2252
✅ AGCOMPUTER2....... [ห้องปฏิบัติการคอมพิวเตอร์] +LSTM✓  R²:0.939  MAE:0.50ชม  sMAPE:33.4%  Acc:0.898  F1:0.894  conf:66.6%

🏠 AGCOMPUTER3
   🧠 [1/3] LSTM (Primary) – AGCOMPUTER3
      📈 LSTM training history: epochs=90 train_loss=0.9106 val_loss=1.2855 train_acc=0.7621 val_acc=0.5818
         ✅ success
   🌿 [2/3] LightGBM (Support)
   ⚡ [3/3] XGBoost (Support)
    🟢 LightGBM training: TrainLoss=0.5216 CalLoss=0.4350 TrainAcc=0.9248 CalAcc=0.9091
    ⚡ XGBoost training: TrainLoss=0.4646 CalLoss=0.4440 TrainAcc=0.9455 CalAcc=0.9212

  🎯 ENSEMBLE – AGCOMPUTER3 [id=475]

  📊 Classification Metrics – AGCOMPUTER3 [id=475]
  ──────────────────────────────────────────────────
  Accuracy  : 0.8795  (87.9%)
  F1 Score  : 0.8772  (weighted avg)
  Recall    : 0.8795  (weighted avg)
  Precision : 0.8863  (weighted avg)
  CE Loss   : 0.5039

  📋 Classification Report:
                   precision    recall  f1-score   support
     
              low       0.99      0.99      0.99        69
           medium       0.83      0.96      0.89        57
             high       0.00      0.00      0.00         7
           urgent       0.96      0.70      0.81        33
     
         accuracy                           0.88       166
        macro avg       0.69      0.66      0.67       166
     weighted avg       0.89      0.88      0.88       166
     
  ──────────────────────────────────────────────────
  📊 ENSEMBLE  : Accuracy= 97.6% | Loss=0.2308 | R²=0.9381 | MAE=0.4996
  📊 LIGHTGBM  : Accuracy= 98.2% | Loss=0.2137 | R²=0.9437 | MAE=0.4621
  📊 XGBOOST   : Accuracy= 97.0% | Loss=0.2479 | R²=0.9349 | MAE=0.5166
  📊 LSTM      : Accuracy= 81.3% | Loss=0.6916 | R²=0.6110 | MAE=1.2032
✅ AGCOMPUTER3....... [ห้องปฏิบัติการคอมพิวเตอร์] +LSTM✓  R²:0.938  MAE:0.50ชม  sMAPE:33.4%  Acc:0.879  F1:0.877  conf:66.6%

🏠 CMP_101ออดิทอเรียม
   🧠 [1/3] LSTM (Primary) – CMP_101ออดิทอเรียม
      📈 LSTM training history: epochs=90 train_loss=0.7966 val_loss=1.1495 train_acc=0.7507 val_acc=0.6024
         ✅ success
   🌿 [2/3] LightGBM (Support)
   ⚡ [3/3] XGBoost (Support)
    🟢 LightGBM training: TrainLoss=0.4639 CalLoss=0.3716 TrainAcc=0.9326 CalAcc=0.9277
    ⚡ XGBoost training: TrainLoss=0.4088 CalLoss=0.3887 TrainAcc=0.9482 CalAcc=0.9337

  🎯 ENSEMBLE – CMP_101ออดิทอเรียม [id=476]

  📊 Classification Metrics – CMP_101ออดิทอเรียม [id=476]
  ──────────────────────────────────────────────────
  Accuracy  : 0.8855  (88.5%)
  F1 Score  : 0.8891  (weighted avg)
  Recall    : 0.8855  (weighted avg)
  Precision : 0.9110  (weighted avg)
  CE Loss   : 0.4868

  📋 Classification Report:
                   precision    recall  f1-score   support
     
              low       0.99      0.99      0.99        69
           medium       0.84      0.96      0.89        53
             high       0.27      0.43      0.33         7
           urgent       1.00      0.68      0.81        37
     
         accuracy                           0.89       166
        macro avg       0.77      0.76      0.76       166
     weighted avg       0.91      0.89      0.89       166
     
  ──────────────────────────────────────────────────
  📊 ENSEMBLE  : Accuracy= 95.8% | Loss=0.2820 | R²=0.9274 | MAE=0.4882
  📊 LIGHTGBM  : Accuracy= 95.8% | Loss=0.2820 | R²=0.9393 | MAE=0.4603
  📊 XGBOOST   : Accuracy= 95.2% | Loss=0.2991 | R²=0.9018 | MAE=0.5059
  📊 LSTM      : Accuracy= 78.3% | Loss=0.7770 | R²=0.6025 | MAE=1.0897
✅ CMP_101ออดิทอเรียม [auditorium] +LSTM✓  R²:0.927  MAE:0.49ชม  sMAPE:32.7%  Acc:0.885  F1:0.889  conf:67.3%

🏠 CMP_103ห้องบรรยาย
   🧠 [1/3] LSTM (Primary) – CMP_103ห้องบรรยาย
      📈 LSTM training history: epochs=90 train_loss=0.8254 val_loss=1.1421 train_acc=0.7419 val_acc=0.6265
         ✅ success
   🌿 [2/3] LightGBM (Support)
   ⚡ [3/3] XGBoost (Support)
    🟢 LightGBM training: TrainLoss=0.4639 CalLoss=0.3716 TrainAcc=0.9326 CalAcc=0.9277
    ⚡ XGBoost training: TrainLoss=0.4088 CalLoss=0.3887 TrainAcc=0.9482 CalAcc=0.9337

  🎯 ENSEMBLE – CMP_103ห้องบรรยาย [id=477]

  📊 Classification Metrics – CMP_103ห้องบรรยาย [id=477]
  ──────────────────────────────────────────────────
  Accuracy  : 0.8855  (88.5%)
  F1 Score  : 0.8891  (weighted avg)
  Recall    : 0.8855  (weighted avg)
  Precision : 0.9110  (weighted avg)
  CE Loss   : 0.4868

  📋 Classification Report:
                   precision    recall  f1-score   support
     
              low       0.99      0.99      0.99        69
           medium       0.84      0.96      0.89        53
             high       0.27      0.43      0.33         7
           urgent       1.00      0.68      0.81        37
     
         accuracy                           0.89       166
        macro avg       0.77      0.76      0.76       166
     weighted avg       0.91      0.89      0.89       166
     
  ──────────────────────────────────────────────────
  📊 ENSEMBLE  : Accuracy= 96.4% | Loss=0.2649 | R²=0.9271 | MAE=0.4881
  📊 LIGHTGBM  : Accuracy= 95.8% | Loss=0.2820 | R²=0.9393 | MAE=0.4603
  📊 XGBOOST   : Accuracy= 95.2% | Loss=0.2991 | R²=0.9018 | MAE=0.5059
  📊 LSTM      : Accuracy= 76.5% | Loss=0.8282 | R²=0.5481 | MAE=1.1413
✅ CMP_103ห้องบรรยาย. [ห้องบรรยาย] +LSTM✓  R²:0.927  MAE:0.49ชม  sMAPE:32.7%  Acc:0.885  F1:0.889  conf:67.3%

🏠 CMP_131SMARTCLASSROOM
   🧠 [1/3] LSTM (Primary) – CMP_131SMARTCLASSROOM
      📈 LSTM training history: epochs=90 train_loss=0.8597 val_loss=1.1019 train_acc=0.7434 val_acc=0.6386
         ✅ success
   🌿 [2/3] LightGBM (Support)
   ⚡ [3/3] XGBoost (Support)
    🟢 LightGBM training: TrainLoss=0.4639 CalLoss=0.3716 TrainAcc=0.9326 CalAcc=0.9277
    ⚡ XGBoost training: TrainLoss=0.4088 CalLoss=0.3887 TrainAcc=0.9482 CalAcc=0.9337

  🎯 ENSEMBLE – CMP_131SMARTCLASSROOM [id=478]

  📊 Classification Metrics – CMP_131SMARTCLASSROOM [id=478]
  ──────────────────────────────────────────────────
  Accuracy  : 0.8795  (87.9%)
  F1 Score  : 0.8859  (weighted avg)
  Recall    : 0.8795  (weighted avg)
  Precision : 0.9136  (weighted avg)
  CE Loss   : 0.5039

  📋 Classification Report:
                   precision    recall  f1-score   support
     
              low       0.99      0.99      0.99        69
           medium       0.85      0.96      0.90        53
             high       0.23      0.43      0.30         7
           urgent       1.00      0.65      0.79        37
     
         accuracy                           0.88       166
        macro avg       0.77      0.76      0.74       166
     weighted avg       0.91      0.88      0.89       166
     
  ──────────────────────────────────────────────────
  📊 ENSEMBLE  : Accuracy= 97.0% | Loss=0.2479 | R²=0.9262 | MAE=0.4917
  📊 LIGHTGBM  : Accuracy= 95.8% | Loss=0.2820 | R²=0.9393 | MAE=0.4603
  📊 XGBOOST   : Accuracy= 95.2% | Loss=0.2991 | R²=0.9018 | MAE=0.5059
  📊 LSTM      : Accuracy= 77.7% | Loss=0.7940 | R²=0.5333 | MAE=1.1742
✅ CMP_131SMARTCLASSROOM [smart classroom] +LSTM✓  R²:0.926  MAE:0.49ชม  sMAPE:32.8%  Acc:0.879  F1:0.886  conf:67.2%

🏠 CMP_201ห้องวิจัย
   🧠 [1/3] LSTM (Primary) – CMP_201ห้องวิจัย
      📈 LSTM training history: epochs=90 train_loss=0.8076 val_loss=1.2165 train_acc=0.7361 val_acc=0.5783
         ✅ success
   🌿 [2/3] LightGBM (Support)
   ⚡ [3/3] XGBoost (Support)
    🟢 LightGBM training: TrainLoss=0.4639 CalLoss=0.3716 TrainAcc=0.9326 CalAcc=0.9277
    ⚡ XGBoost training: TrainLoss=0.4088 CalLoss=0.3887 TrainAcc=0.9482 CalAcc=0.9337

  🎯 ENSEMBLE – CMP_201ห้องวิจัย [id=479]

  📊 Classification Metrics – CMP_201ห้องวิจัย [id=479]
  ──────────────────────────────────────────────────
  Accuracy  : 0.8916  (89.2%)
  F1 Score  : 0.8949  (weighted avg)
  Recall    : 0.8916  (weighted avg)
  Precision : 0.9137  (weighted avg)
  CE Loss   : 0.4697

  📋 Classification Report:
                   precision    recall  f1-score   support
     
              low       1.00      0.99      0.99        69
           medium       0.85      0.98      0.91        53
             high       0.27      0.43      0.33         7
           urgent       0.96      0.68      0.79        37
     
         accuracy                           0.89       166
        macro avg       0.77      0.77      0.76       166
     weighted avg       0.91      0.89      0.89       166
     
  ──────────────────────────────────────────────────
  📊 ENSEMBLE  : Accuracy= 95.8% | Loss=0.2820 | R²=0.9275 | MAE=0.4863
  📊 LIGHTGBM  : Accuracy= 95.8% | Loss=0.2820 | R²=0.9393 | MAE=0.4603
  📊 XGBOOST   : Accuracy= 95.2% | Loss=0.2991 | R²=0.9018 | MAE=0.5059
  📊 LSTM      : Accuracy= 78.3% | Loss=0.7770 | R²=0.5820 | MAE=1.1085
✅ CMP_201ห้องวิจัย.. [ห้องวิจัย ] +LSTM✓  R²:0.928  MAE:0.49ชม  sMAPE:32.6%  Acc:0.892  F1:0.895  conf:67.4%

🏠 CMP_211ปฏิบัติการชีวเคมีฯ
   🧠 [1/3] LSTM (Primary) – CMP_211ปฏิบัติการชีวเคมีฯ
      📈 LSTM training history: epochs=90 train_loss=0.8278 val_loss=1.1224 train_acc=0.7419 val_acc=0.6446
         ✅ success
   🌿 [2/3] LightGBM (Support)
   ⚡ [3/3] XGBoost (Support)
    🟢 LightGBM training: TrainLoss=0.4639 CalLoss=0.3716 TrainAcc=0.9326 CalAcc=0.9277
    ⚡ XGBoost training: TrainLoss=0.4088 CalLoss=0.3887 TrainAcc=0.9482 CalAcc=0.9337

  🎯 ENSEMBLE – CMP_211ปฏิบัติการชีวเคมีฯ [id=480]

  📊 Classification Metrics – CMP_211ปฏิบัติการชีวเคมีฯ [id=480]
  ──────────────────────────────────────────────────
  Accuracy  : 0.8795  (87.9%)
  F1 Score  : 0.8840  (weighted avg)
  Recall    : 0.8795  (weighted avg)
  Precision : 0.9100  (weighted avg)
  CE Loss   : 0.5039

  📋 Classification Report:
                   precision    recall  f1-score   support
     
              low       0.99      0.99      0.99        69
           medium       0.84      0.96      0.89        53
             high       0.25      0.43      0.32         7
           urgent       1.00      0.65      0.79        37
     
         accuracy                           0.88       166
        macro avg       0.77      0.76      0.75       166
     weighted avg       0.91      0.88      0.88       166
     
  ──────────────────────────────────────────────────
  📊 ENSEMBLE  : Accuracy= 96.4% | Loss=0.2649 | R²=0.9274 | MAE=0.4884
  📊 LIGHTGBM  : Accuracy= 95.8% | Loss=0.2820 | R²=0.9393 | MAE=0.4603
  📊 XGBOOST   : Accuracy= 95.2% | Loss=0.2991 | R²=0.9018 | MAE=0.5059
  📊 LSTM      : Accuracy= 78.9% | Loss=0.7599 | R²=0.5621 | MAE=1.1104
✅ CMP_211ปฏิบัติการชีวเคมีฯ [ห้องปฏิบัติการ] +LSTM✓  R²:0.927  MAE:0.49ชม  sMAPE:32.9%  Acc:0.879  F1:0.884  conf:67.1%

🏠 CMP_213ปฏิบัติการสรีรวิทยาฯ
   🧠 [1/3] LSTM (Primary) – CMP_213ปฏิบัติการสรีรวิทยาฯ
      📈 LSTM training history: epochs=90 train_loss=0.8408 val_loss=1.1133 train_acc=0.7405 val_acc=0.6145
         ✅ success
   🌿 [2/3] LightGBM (Support)
   ⚡ [3/3] XGBoost (Support)
    🟢 LightGBM training: TrainLoss=0.4639 CalLoss=0.3716 TrainAcc=0.9326 CalAcc=0.9277
    ⚡ XGBoost training: TrainLoss=0.4088 CalLoss=0.3887 TrainAcc=0.9482 CalAcc=0.9337

  🎯 ENSEMBLE – CMP_213ปฏิบัติการสรีรวิทยาฯ [id=481]

  📊 Classification Metrics – CMP_213ปฏิบัติการสรีรวิทยาฯ [id=481]
  ──────────────────────────────────────────────────
  Accuracy  : 0.8735  (87.4%)
  F1 Score  : 0.8808  (weighted avg)
  Recall    : 0.8735  (weighted avg)
  Precision : 0.9130  (weighted avg)
  CE Loss   : 0.5209

  📋 Classification Report:
                   precision    recall  f1-score   support
     
              low       0.99      0.99      0.99        69
           medium       0.85      0.96      0.90        53
             high       0.21      0.43      0.29         7
           urgent       1.00      0.62      0.77        37
     
         accuracy                           0.87       166
        macro avg       0.76      0.75      0.74       166
     weighted avg       0.91      0.87      0.88       166
     
  ──────────────────────────────────────────────────
  📊 ENSEMBLE  : Accuracy= 96.4% | Loss=0.2649 | R²=0.9267 | MAE=0.4888
  📊 LIGHTGBM  : Accuracy= 95.8% | Loss=0.2820 | R²=0.9393 | MAE=0.4603
  📊 XGBOOST   : Accuracy= 95.2% | Loss=0.2991 | R²=0.9018 | MAE=0.5059
  📊 LSTM      : Accuracy= 75.9% | Loss=0.8452 | R²=0.5637 | MAE=1.1185
✅ CMP_213ปฏิบัติการสรีรวิทยาฯ [ห้องปฏิบัติการ] +LSTM✓  R²:0.927  MAE:0.49ชม  sMAPE:32.8%  Acc:0.874  F1:0.881  conf:67.2%

🏠 1C-MEETING
   🧠 [1/3] LSTM (Primary) – 1C-MEETING
      📈 LSTM training history: epochs=90 train_loss=0.2958 val_loss=0.1888 train_acc=0.9152 val_acc=0.9650
         ✅ success
   🌿 [2/3] LightGBM (Support)
   ⚡ [3/3] XGBoost (Support)
    🟢 LightGBM training: TrainLoss=0.0649 CalLoss=0.0286 TrainAcc=0.9701 CalAcc=0.9790
    ⚡ XGBoost training: TrainLoss=0.0858 CalLoss=0.0559 TrainAcc=0.9401 CalAcc=0.9650

  🎯 ENSEMBLE – 1C-MEETING [id=482]

  📊 Classification Metrics – 1C-MEETING [id=482]
  ──────────────────────────────────────────────────
  Accuracy  : 0.9861  (98.6%)
  F1 Score  : 0.9854  (weighted avg)
  Recall    : 0.9861  (weighted avg)
  Precision : 0.9862  (weighted avg)
  CE Loss   : 0.2019

  📋 Classification Report:
                   precision    recall  f1-score   support
     
              low       0.99      1.00      1.00       140
           medium       0.00      0.00      0.00         1
             high       0.00      0.00      0.00         0
           urgent       1.00      0.67      0.80         3
     
         accuracy                           0.99       144
        macro avg       0.50      0.42      0.45       144
     weighted avg       0.99      0.99      0.99       144
     
  ──────────────────────────────────────────────────
  📊 ENSEMBLE  : Accuracy=100.0% | Loss=0.1625 | R²=0.8874 | MAE=0.0737
  📊 LIGHTGBM  : Accuracy= 99.3% | Loss=0.1822 | R²=0.9457 | MAE=0.0186
  📊 XGBOOST   : Accuracy=100.0% | Loss=0.1625 | R²=0.3815 | MAE=0.1871
  📊 LSTM      : Accuracy= 98.6% | Loss=0.2019 | R²=-0.0415 | MAE=0.0938
✅ 1C-MEETING........ [ห้องประชุม] [no LSTM]  R²:0.887  MAE:0.07ชม  sMAPE:63.4%  Acc:0.986  F1:0.985  conf:36.6%

🏠 NTC_313ห้องเรียน
   🧠 [1/3] LSTM (Primary) – NTC_313ห้องเรียน
      📈 LSTM training history: epochs=90 train_loss=0.8304 val_loss=1.2305 train_acc=0.7449 val_acc=0.5843
         ✅ success
   🌿 [2/3] LightGBM (Support)
   ⚡ [3/3] XGBoost (Support)
    🟢 LightGBM training: TrainLoss=0.4639 CalLoss=0.3716 TrainAcc=0.9326 CalAcc=0.9277
    ⚡ XGBoost training: TrainLoss=0.4088 CalLoss=0.3887 TrainAcc=0.9482 CalAcc=0.9337

  🎯 ENSEMBLE – NTC_313ห้องเรียน [id=483]

  📊 Classification Metrics – NTC_313ห้องเรียน [id=483]
  ──────────────────────────────────────────────────
  Accuracy  : 0.8855  (88.5%)
  F1 Score  : 0.8871  (weighted avg)
  Recall    : 0.8855  (weighted avg)
  Precision : 0.9035  (weighted avg)
  CE Loss   : 0.4868

  📋 Classification Report:
                   precision    recall  f1-score   support
     
              low       0.99      0.99      0.99        69
           medium       0.84      0.96      0.89        53
             high       0.30      0.43      0.35         7
           urgent       0.96      0.68      0.79        37
     
         accuracy                           0.89       166
        macro avg       0.77      0.76      0.76       166
     weighted avg       0.90      0.89      0.89       166
     
  ──────────────────────────────────────────────────
  📊 ENSEMBLE  : Accuracy= 95.8% | Loss=0.2820 | R²=0.9274 | MAE=0.4884
  📊 LIGHTGBM  : Accuracy= 95.8% | Loss=0.2820 | R²=0.9393 | MAE=0.4603
  📊 XGBOOST   : Accuracy= 95.2% | Loss=0.2991 | R²=0.9018 | MAE=0.5059
  📊 LSTM      : Accuracy= 78.3% | Loss=0.7770 | R²=0.5662 | MAE=1.1409
✅ NTC_313ห้องเรียน.. [ห้องเรียน ] +LSTM✓  R²:0.927  MAE:0.49ชม  sMAPE:32.7%  Acc:0.885  F1:0.887  conf:67.3%

🏠 NTC_409ห้องเรียน
   🧠 [1/3] LSTM (Primary) – NTC_409ห้องเรียน
      📈 LSTM training history: epochs=90 train_loss=0.8274 val_loss=1.1272 train_acc=0.7419 val_acc=0.6084
         ✅ success
   🌿 [2/3] LightGBM (Support)
   ⚡ [3/3] XGBoost (Support)
    🟢 LightGBM training: TrainLoss=0.4639 CalLoss=0.3716 TrainAcc=0.9326 CalAcc=0.9277
    ⚡ XGBoost training: TrainLoss=0.4088 CalLoss=0.3887 TrainAcc=0.9482 CalAcc=0.9337

  🎯 ENSEMBLE – NTC_409ห้องเรียน [id=484]

  📊 Classification Metrics – NTC_409ห้องเรียน [id=484]
  ──────────────────────────────────────────────────
  Accuracy  : 0.8795  (87.9%)
  F1 Score  : 0.8821  (weighted avg)
  Recall    : 0.8795  (weighted avg)
  Precision : 0.8993  (weighted avg)
  CE Loss   : 0.5039

  📋 Classification Report:
                   precision    recall  f1-score   support
     
              low       0.99      0.99      0.99        69
           medium       0.84      0.96      0.89        53
             high       0.20      0.29      0.24         7
           urgent       0.96      0.68      0.79        37
     
         accuracy                           0.88       166
        macro avg       0.75      0.73      0.73       166
     weighted avg       0.90      0.88      0.88       166
     
  ──────────────────────────────────────────────────
  📊 ENSEMBLE  : Accuracy= 96.4% | Loss=0.2649 | R²=0.9281 | MAE=0.4865
  📊 LIGHTGBM  : Accuracy= 95.8% | Loss=0.2820 | R²=0.9393 | MAE=0.4603
  📊 XGBOOST   : Accuracy= 95.2% | Loss=0.2991 | R²=0.9018 | MAE=0.5059
  📊 LSTM      : Accuracy= 79.5% | Loss=0.7428 | R²=0.5930 | MAE=1.0959
✅ NTC_409ห้องเรียน.. [ห้องเรียน ] +LSTM✓  R²:0.928  MAE:0.49ชม  sMAPE:32.8%  Acc:0.879  F1:0.882  conf:67.2%

🏠 ห้องโถงกิจกรรมชั้น1
   🧠 [1/3] LSTM (Primary) – ห้องโถงกิจกรรมชั้น1
      📈 LSTM training history: epochs=90 train_loss=0.7708 val_loss=1.1304 train_acc=0.7639 val_acc=0.6265
         ✅ success
   🌿 [2/3] LightGBM (Support)
   ⚡ [3/3] XGBoost (Support)
    🟢 LightGBM training: TrainLoss=0.4639 CalLoss=0.3716 TrainAcc=0.9326 CalAcc=0.9277
    ⚡ XGBoost training: TrainLoss=0.4088 CalLoss=0.3887 TrainAcc=0.9482 CalAcc=0.9337

  🎯 ENSEMBLE – ห้องโถงกิจกรรมชั้น1 [id=485]

  📊 Classification Metrics – ห้องโถงกิจกรรมชั้น1 [id=485]
  ──────────────────────────────────────────────────
  Accuracy  : 0.8855  (88.5%)
  F1 Score  : 0.8928  (weighted avg)
  Recall    : 0.8855  (weighted avg)
  Precision : 0.9182  (weighted avg)
  CE Loss   : 0.4868

  📋 Classification Report:
                   precision    recall  f1-score   support
     
              low       0.99      0.99      0.99        69
           medium       0.86      0.96      0.91        53
             high       0.23      0.43      0.30         7
           urgent       1.00      0.68      0.81        37
     
         accuracy                           0.89       166
        macro avg       0.77      0.76      0.75       166
     weighted avg       0.92      0.89      0.89       166
     
  ──────────────────────────────────────────────────
  📊 ENSEMBLE  : Accuracy= 96.4% | Loss=0.2649 | R²=0.9272 | MAE=0.4875
  📊 LIGHTGBM  : Accuracy= 95.8% | Loss=0.2820 | R²=0.9393 | MAE=0.4603
  📊 XGBOOST   : Accuracy= 95.2% | Loss=0.2991 | R²=0.9018 | MAE=0.5059
  📊 LSTM      : Accuracy= 81.3% | Loss=0.6916 | R²=0.5637 | MAE=1.0995
✅ ห้องโถงกิจกรรมชั้น1 [โถง/ห้องกิจกรรม] +LSTM✓  R²:0.927  MAE:0.49ชม  sMAPE:32.8%  Acc:0.885  F1:0.893  conf:67.2%
   🔢 Augment: 1 → 182 วัน (synthetic=181) – ข้อมูลใกล้เคียง

🏠 1C-MEETING
   🧠 [1/3] LSTM (Primary) – 1C-MEETING
      📈 LSTM training history: epochs=90 train_loss=0.0851 val_loss=0.1755 train_acc=0.7568 val_acc=0.8148
         ✅ success
   🌿 [2/3] LightGBM (Support)
   ⚡ [3/3] XGBoost (Support)
    🟢 LightGBM training: TrainLoss=0.0436 CalLoss=0.0740 TrainAcc=0.8425 CalAcc=0.8148
    ⚡ XGBoost training: TrainLoss=0.0335 CalLoss=0.0730 TrainAcc=0.8819 CalAcc=0.8148

  🎯 ENSEMBLE – 1C-MEETING [id=486]

  📊 Classification Metrics – 1C-MEETING [id=486]
  ──────────────────────────────────────────────────
  Accuracy  : 0.7857  (78.6%)
  F1 Score  : 0.7875  (weighted avg)
  Recall    : 0.7857  (weighted avg)
  Precision : 0.8282  (weighted avg)
  CE Loss   : 0.7696

  📋 Classification Report:
                   precision    recall  f1-score   support
     
              low       0.75      0.38      0.50         8
           medium       0.00      0.00      0.00         0
             high       0.00      0.00      0.00         1
           urgent       0.90      1.00      0.95        19
     
         accuracy                           0.79        28
        macro avg       0.41      0.34      0.36        28
     weighted avg       0.83      0.79      0.79        28
     
  ──────────────────────────────────────────────────
  📊 ENSEMBLE  : Accuracy=100.0% | Loss=0.1625 | R²=0.5832 | MAE=0.0790
  📊 LIGHTGBM  : Accuracy=100.0% | Loss=0.1625 | R²=0.6041 | MAE=0.0793
  📊 XGBOOST   : Accuracy=100.0% | Loss=0.1625 | R²=0.5540 | MAE=0.0803
  📊 LSTM      : Accuracy=100.0% | Loss=0.1625 | R²=-0.8088 | MAE=0.1752
✅ 1C-MEETING........ [ห้องประชุม] [no LSTM]  R²:0.583  MAE:0.08ชม  sMAPE:8.7%  Acc:0.786  F1:0.787  conf:91.3%

🏠 1C-MEETING
   🧠 [1/3] LSTM (Primary) – 1C-MEETING
      📈 LSTM training history: epochs=90 train_loss=0.2965 val_loss=0.1889 train_acc=0.9151 val_acc=0.9650
         ✅ success
   🌿 [2/3] LightGBM (Support)
   ⚡ [3/3] XGBoost (Support)
    🟢 LightGBM training: TrainLoss=0.0668 CalLoss=0.0323 TrainAcc=0.9700 CalAcc=0.9790
    ⚡ XGBoost training: TrainLoss=0.0673 CalLoss=0.0456 TrainAcc=0.9535 CalAcc=0.9650

  🎯 ENSEMBLE – 1C-MEETING [id=487]

  📊 Classification Metrics – 1C-MEETING [id=487]
  ──────────────────────────────────────────────────
  Accuracy  : 0.9861  (98.6%)
  F1 Score  : 0.9854  (weighted avg)
  Recall    : 0.9861  (weighted avg)
  Precision : 0.9862  (weighted avg)
  CE Loss   : 0.2019

  📋 Classification Report:
                   precision    recall  f1-score   support
     
              low       0.99      1.00      1.00       140
           medium       0.00      0.00      0.00         1
             high       0.00      0.00      0.00         0
           urgent       1.00      0.67      0.80         3
     
         accuracy                           0.99       144
        macro avg       0.50      0.42      0.45       144
     weighted avg       0.99      0.99      0.99       144
     
  ──────────────────────────────────────────────────
  📊 ENSEMBLE  : Accuracy= 99.3% | Loss=0.1822 | R²=0.8102 | MAE=0.1012
  📊 LIGHTGBM  : Accuracy= 99.3% | Loss=0.1822 | R²=0.9452 | MAE=0.0183
  📊 XGBOOST   : Accuracy=100.0% | Loss=0.1625 | R²=0.1316 | MAE=0.2192
  📊 LSTM      : Accuracy= 98.6% | Loss=0.2019 | R²=-0.0365 | MAE=0.0869
✅ 1C-MEETING........ [ห้องประชุม] [no LSTM]  R²:0.810  MAE:0.10ชม  sMAPE:59.8%  Acc:0.986  F1:0.985  conf:40.2%

🏠 CLB4100บันทึกวีดิโอ
   🧠 [1/3] LSTM (Primary) – CLB4100บันทึกวีดิโอ
      📈 LSTM training history: epochs=90 train_loss=0.8481 val_loss=1.1561 train_acc=0.7405 val_acc=0.5843
         ✅ success
   🌿 [2/3] LightGBM (Support)
   ⚡ [3/3] XGBoost (Support)
    🟢 LightGBM training: TrainLoss=0.4639 CalLoss=0.3716 TrainAcc=0.9326 CalAcc=0.9277
    ⚡ XGBoost training: TrainLoss=0.4088 CalLoss=0.3887 TrainAcc=0.9482 CalAcc=0.9337

  🎯 ENSEMBLE – CLB4100บันทึกวีดิโอ [id=488]

  📊 Classification Metrics – CLB4100บันทึกวีดิโอ [id=488]
  ──────────────────────────────────────────────────
  Accuracy  : 0.8855  (88.5%)
  F1 Score  : 0.8909  (weighted avg)
  Recall    : 0.8855  (weighted avg)
  Precision : 0.9145  (weighted avg)
  CE Loss   : 0.4868

  📋 Classification Report:
                   precision    recall  f1-score   support
     
              low       0.99      0.99      0.99        69
           medium       0.85      0.96      0.90        53
             high       0.25      0.43      0.32         7
           urgent       1.00      0.68      0.81        37
     
         accuracy                           0.89       166
        macro avg       0.77      0.76      0.75       166
     weighted avg       0.91      0.89      0.89       166
     
  ──────────────────────────────────────────────────
  📊 ENSEMBLE  : Accuracy= 95.8% | Loss=0.2820 | R²=0.9276 | MAE=0.4875
  📊 LIGHTGBM  : Accuracy= 95.8% | Loss=0.2820 | R²=0.9393 | MAE=0.4603
  📊 XGBOOST   : Accuracy= 95.2% | Loss=0.2991 | R²=0.9018 | MAE=0.5059
  📊 LSTM      : Accuracy= 81.3% | Loss=0.6916 | R²=0.5997 | MAE=1.0789
✅ CLB4100บันทึกวีดิโอ [ห้อง vdo recording] +LSTM✓  R²:0.928  MAE:0.49ชม  sMAPE:32.7%  Acc:0.885  F1:0.891  conf:67.3%
   🔢 Augment: 1 → 182 วัน (synthetic=181) – ข้อมูลใกล้เคียง

🏠 CLB4104LIVEONLINE
   🧠 [1/3] LSTM (Primary) – CLB4104LIVEONLINE
      📈 LSTM training history: epochs=90 train_loss=0.1422 val_loss=0.2748 train_acc=0.6216 val_acc=0.5185
         ✅ success
   🌿 [2/3] LightGBM (Support)
   ⚡ [3/3] XGBoost (Support)
    🟢 LightGBM training: TrainLoss=0.0950 CalLoss=0.1124 TrainAcc=0.8346 CalAcc=0.7407
    ⚡ XGBoost training: TrainLoss=0.0749 CalLoss=0.1207 TrainAcc=0.9291 CalAcc=0.6296

  🎯 ENSEMBLE – CLB4104LIVEONLINE [id=489]

  📊 Classification Metrics – CLB4104LIVEONLINE [id=489]
  ──────────────────────────────────────────────────
  Accuracy  : 0.8214  (82.1%)
  F1 Score  : 0.8261  (weighted avg)
  Recall    : 0.8214  (weighted avg)
  Precision : 0.9107  (weighted avg)
  CE Loss   : 0.6684

  📋 Classification Report:
                   precision    recall  f1-score   support
     
              low       1.00      0.40      0.57         5
           medium       0.50      1.00      0.67         3
             high       0.50      1.00      0.67         2
           urgent       1.00      0.89      0.94        18
     
         accuracy                           0.82        28
        macro avg       0.75      0.82      0.71        28
     weighted avg       0.91      0.82      0.83        28
     
  ──────────────────────────────────────────────────
  📊 ENSEMBLE  : Accuracy=100.0% | Loss=0.1625 | R²=0.6660 | MAE=0.1478
  📊 LIGHTGBM  : Accuracy=100.0% | Loss=0.1625 | R²=0.6913 | MAE=0.1433
  📊 XGBOOST   : Accuracy=100.0% | Loss=0.1625 | R²=0.6314 | MAE=0.1529
  📊 LSTM      : Accuracy=100.0% | Loss=0.1625 | R²=-1.2539 | MAE=0.4064
✅ CLB4104LIVEONLINE. [ห้อง live/self-record] [no LSTM]  R²:0.666  MAE:0.15ชม  sMAPE:7.2%  Acc:0.821  F1:0.826  conf:92.8%

🏠 CLB4201SMARTCLASSROOM
   🧠 [1/3] LSTM (Primary) – CLB4201SMARTCLASSROOM
      📈 LSTM training history: epochs=90 train_loss=0.8292 val_loss=1.1515 train_acc=0.7537 val_acc=0.5723
         ✅ success
   🌿 [2/3] LightGBM (Support)
   ⚡ [3/3] XGBoost (Support)
    🟢 LightGBM training: TrainLoss=0.4639 CalLoss=0.3716 TrainAcc=0.9326 CalAcc=0.9277
    ⚡ XGBoost training: TrainLoss=0.4088 CalLoss=0.3887 TrainAcc=0.9482 CalAcc=0.9337

  🎯 ENSEMBLE – CLB4201SMARTCLASSROOM [id=490]

  📊 Classification Metrics – CLB4201SMARTCLASSROOM [id=490]
  ──────────────────────────────────────────────────
  Accuracy  : 0.8735  (87.4%)
  F1 Score  : 0.8818  (weighted avg)
  Recall    : 0.8735  (weighted avg)
  Precision : 0.9075  (weighted avg)
  CE Loss   : 0.5209

  📋 Classification Report:
                   precision    recall  f1-score   support
     
              low       1.00      0.99      0.99        69
           medium       0.85      0.96      0.90        53
             high       0.15      0.29      0.20         7
           urgent       0.96      0.65      0.77        37
     
         accuracy                           0.87       166
        macro avg       0.74      0.72      0.72       166
     weighted avg       0.91      0.87      0.88       166
     
  ──────────────────────────────────────────────────
  📊 ENSEMBLE  : Accuracy= 96.4% | Loss=0.2649 | R²=0.9297 | MAE=0.4821
  📊 LIGHTGBM  : Accuracy= 95.8% | Loss=0.2820 | R²=0.9393 | MAE=0.4603
  📊 XGBOOST   : Accuracy= 95.2% | Loss=0.2991 | R²=0.9018 | MAE=0.5059
  📊 LSTM      : Accuracy= 78.3% | Loss=0.7770 | R²=0.6261 | MAE=1.0471
✅ CLB4201SMARTCLASSROOM [smart classroom vdo] +LSTM✓  R²:0.930  MAE:0.48ชม  sMAPE:32.7%  Acc:0.874  F1:0.882  conf:67.3%

🏠 CLB4202SMARTCLASSROOM
   🧠 [1/3] LSTM (Primary) – CLB4202SMARTCLASSROOM
      📈 LSTM training history: epochs=90 train_loss=0.8351 val_loss=1.1534 train_acc=0.7551 val_acc=0.6084
         ✅ success
   🌿 [2/3] LightGBM (Support)
   ⚡ [3/3] XGBoost (Support)
    🟢 LightGBM training: TrainLoss=0.4639 CalLoss=0.3716 TrainAcc=0.9326 CalAcc=0.9277
    ⚡ XGBoost training: TrainLoss=0.4088 CalLoss=0.3887 TrainAcc=0.9482 CalAcc=0.9337

  🎯 ENSEMBLE – CLB4202SMARTCLASSROOM [id=491]

  📊 Classification Metrics – CLB4202SMARTCLASSROOM [id=491]
  ──────────────────────────────────────────────────
  Accuracy  : 0.8855  (88.5%)
  F1 Score  : 0.8891  (weighted avg)
  Recall    : 0.8855  (weighted avg)
  Precision : 0.9110  (weighted avg)
  CE Loss   : 0.4868

  📋 Classification Report:
                   precision    recall  f1-score   support
     
              low       0.99      0.99      0.99        69
           medium       0.84      0.96      0.89        53
             high       0.27      0.43      0.33         7
           urgent       1.00      0.68      0.81        37
     
         accuracy                           0.89       166
        macro avg       0.77      0.76      0.76       166
     weighted avg       0.91      0.89      0.89       166
     
  ──────────────────────────────────────────────────
  📊 ENSEMBLE  : Accuracy= 95.8% | Loss=0.2820 | R²=0.9277 | MAE=0.4862
  📊 LIGHTGBM  : Accuracy= 95.8% | Loss=0.2820 | R²=0.9393 | MAE=0.4603
  📊 XGBOOST   : Accuracy= 95.2% | Loss=0.2991 | R²=0.9018 | MAE=0.5059
  📊 LSTM      : Accuracy= 80.1% | Loss=0.7257 | R²=0.6045 | MAE=1.0420
✅ CLB4202SMARTCLASSROOM [smart classroom vdo] +LSTM✓  R²:0.928  MAE:0.49ชม  sMAPE:32.7%  Acc:0.885  F1:0.889  conf:67.3%

🏠 CLB4203SMARTCLASSROOM
   🧠 [1/3] LSTM (Primary) – CLB4203SMARTCLASSROOM
      📈 LSTM training history: epochs=90 train_loss=0.8155 val_loss=1.1120 train_acc=0.7625 val_acc=0.6145
         ✅ success
   🌿 [2/3] LightGBM (Support)
   ⚡ [3/3] XGBoost (Support)
    🟢 LightGBM training: TrainLoss=0.4639 CalLoss=0.3716 TrainAcc=0.9326 CalAcc=0.9277
    ⚡ XGBoost training: TrainLoss=0.4088 CalLoss=0.3887 TrainAcc=0.9482 CalAcc=0.9337

  🎯 ENSEMBLE – CLB4203SMARTCLASSROOM [id=492]

  📊 Classification Metrics – CLB4203SMARTCLASSROOM [id=492]
  ──────────────────────────────────────────────────
  Accuracy  : 0.8795  (87.9%)
  F1 Score  : 0.8840  (weighted avg)
  Recall    : 0.8795  (weighted avg)
  Precision : 0.9100  (weighted avg)
  CE Loss   : 0.5039

  📋 Classification Report:
                   precision    recall  f1-score   support
     
              low       0.99      0.99      0.99        69
           medium       0.84      0.96      0.89        53
             high       0.25      0.43      0.32         7
           urgent       1.00      0.65      0.79        37
     
         accuracy                           0.88       166
        macro avg       0.77      0.76      0.75       166
     weighted avg       0.91      0.88      0.88       166
     
  ──────────────────────────────────────────────────
  📊 ENSEMBLE  : Accuracy= 95.8% | Loss=0.2820 | R²=0.9262 | MAE=0.4909
  📊 LIGHTGBM  : Accuracy= 95.8% | Loss=0.2820 | R²=0.9393 | MAE=0.4603
  📊 XGBOOST   : Accuracy= 95.2% | Loss=0.2991 | R²=0.9018 | MAE=0.5059
  📊 LSTM      : Accuracy= 80.1% | Loss=0.7257 | R²=0.5694 | MAE=1.1132
✅ CLB4203SMARTCLASSROOM [smart classroom vdo] +LSTM✓  R²:0.926  MAE:0.49ชม  sMAPE:32.8%  Acc:0.879  F1:0.884  conf:67.2%

🏠 OARทองกวาวVDOSTUDIO
   🧠 [1/3] LSTM (Primary) – OARทองกวาวVDOSTUDIO
      📈 LSTM training history: epochs=90 train_loss=0.8117 val_loss=1.1033 train_acc=0.7625 val_acc=0.5964
         ✅ success
   🌿 [2/3] LightGBM (Support)
   ⚡ [3/3] XGBoost (Support)
    🟢 LightGBM training: TrainLoss=0.4639 CalLoss=0.3716 TrainAcc=0.9326 CalAcc=0.9277
    ⚡ XGBoost training: TrainLoss=0.4088 CalLoss=0.3887 TrainAcc=0.9482 CalAcc=0.9337

  🎯 ENSEMBLE – OARทองกวาวVDOSTUDIO [id=493]

  📊 Classification Metrics – OARทองกวาวVDOSTUDIO [id=493]
  ──────────────────────────────────────────────────
  Accuracy  : 0.8855  (88.5%)
  F1 Score  : 0.8928  (weighted avg)
  Recall    : 0.8855  (weighted avg)
  Precision : 0.9182  (weighted avg)
  CE Loss   : 0.4868

  📋 Classification Report:
                   precision    recall  f1-score   support
     
              low       0.99      0.99      0.99        69
           medium       0.86      0.96      0.91        53
             high       0.23      0.43      0.30         7
           urgent       1.00      0.68      0.81        37
     
         accuracy                           0.89       166
        macro avg       0.77      0.76      0.75       166
     weighted avg       0.92      0.89      0.89       166
     
  ──────────────────────────────────────────────────
  📊 ENSEMBLE  : Accuracy= 96.4% | Loss=0.2649 | R²=0.9267 | MAE=0.4894
  📊 LIGHTGBM  : Accuracy= 95.8% | Loss=0.2820 | R²=0.9393 | MAE=0.4603
  📊 XGBOOST   : Accuracy= 95.2% | Loss=0.2991 | R²=0.9018 | MAE=0.5059
  📊 LSTM      : Accuracy= 77.7% | Loss=0.7940 | R²=0.5506 | MAE=1.1412
✅ OARทองกวาวVDOSTUDIO [vdo studio] +LSTM✓  R²:0.927  MAE:0.49ชม  sMAPE:32.8%  Acc:0.885  F1:0.893  conf:67.2%

🏠 OARยางนาOBSSTUDIO
   🧠 [1/3] LSTM (Primary) – OARยางนาOBSSTUDIO
      📈 LSTM training history: epochs=90 train_loss=0.7986 val_loss=1.1144 train_acc=0.7625 val_acc=0.6024
         ✅ success
   🌿 [2/3] LightGBM (Support)
   ⚡ [3/3] XGBoost (Support)
    🟢 LightGBM training: TrainLoss=0.4639 CalLoss=0.3716 TrainAcc=0.9326 CalAcc=0.9277
    ⚡ XGBoost training: TrainLoss=0.4088 CalLoss=0.3887 TrainAcc=0.9482 CalAcc=0.9337

  🎯 ENSEMBLE – OARยางนาOBSSTUDIO [id=494]

  📊 Classification Metrics – OARยางนาOBSSTUDIO [id=494]
  ──────────────────────────────────────────────────
  Accuracy  : 0.8855  (88.5%)
  F1 Score  : 0.8891  (weighted avg)
  Recall    : 0.8855  (weighted avg)
  Precision : 0.9110  (weighted avg)
  CE Loss   : 0.4868

  📋 Classification Report:
                   precision    recall  f1-score   support
     
              low       0.99      0.99      0.99        69
           medium       0.84      0.96      0.89        53
             high       0.27      0.43      0.33         7
           urgent       1.00      0.68      0.81        37
     
         accuracy                           0.89       166
        macro avg       0.77      0.76      0.76       166
     weighted avg       0.91      0.89      0.89       166
     
  ──────────────────────────────────────────────────
  📊 ENSEMBLE  : Accuracy= 95.8% | Loss=0.2820 | R²=0.9268 | MAE=0.4898
  📊 LIGHTGBM  : Accuracy= 95.8% | Loss=0.2820 | R²=0.9393 | MAE=0.4603
  📊 XGBOOST   : Accuracy= 95.2% | Loss=0.2991 | R²=0.9018 | MAE=0.5059
  📊 LSTM      : Accuracy= 83.1% | Loss=0.6404 | R²=0.5677 | MAE=1.0862
✅ OARยางนาOBSSTUDIO. [obs studio] +LSTM✓  R²:0.927  MAE:0.49ชม  sMAPE:32.8%  Acc:0.885  F1:0.889  conf:67.2%

🏠 บัวบา1
   🧠 [1/3] LSTM (Primary) – บัวบา1
      📈 LSTM training history: epochs=90 train_loss=0.8698 val_loss=1.2138 train_acc=0.7405 val_acc=0.5663
         ✅ success
   🌿 [2/3] LightGBM (Support)
   ⚡ [3/3] XGBoost (Support)
    🟢 LightGBM training: TrainLoss=0.4639 CalLoss=0.3716 TrainAcc=0.9326 CalAcc=0.9277
    ⚡ XGBoost training: TrainLoss=0.4088 CalLoss=0.3887 TrainAcc=0.9482 CalAcc=0.9337

  🎯 ENSEMBLE – บัวบา1 [id=495]

  📊 Classification Metrics – บัวบา1 [id=495]
  ──────────────────────────────────────────────────
  Accuracy  : 0.8855  (88.5%)
  F1 Score  : 0.8871  (weighted avg)
  Recall    : 0.8855  (weighted avg)
  Precision : 0.9035  (weighted avg)
  CE Loss   : 0.4868

  📋 Classification Report:
                   precision    recall  f1-score   support
     
              low       0.99      0.99      0.99        69
           medium       0.84      0.96      0.89        53
             high       0.30      0.43      0.35         7
           urgent       0.96      0.68      0.79        37
     
         accuracy                           0.89       166
        macro avg       0.77      0.76      0.76       166
     weighted avg       0.90      0.89      0.89       166
     
  ──────────────────────────────────────────────────
  📊 ENSEMBLE  : Accuracy= 96.4% | Loss=0.2649 | R²=0.9269 | MAE=0.4897
  📊 LIGHTGBM  : Accuracy= 95.8% | Loss=0.2820 | R²=0.9393 | MAE=0.4603
  📊 XGBOOST   : Accuracy= 95.2% | Loss=0.2991 | R²=0.9018 | MAE=0.5059
  📊 LSTM      : Accuracy= 74.1% | Loss=0.8964 | R²=0.5365 | MAE=1.1989
✅ บัวบา1............ [ห้องกลุ่มย่อย] +LSTM✓  R²:0.927  MAE:0.49ชม  sMAPE:32.8%  Acc:0.885  F1:0.887  conf:67.2%

🏠 บัวบา2
   🧠 [1/3] LSTM (Primary) – บัวบา2
      📈 LSTM training history: epochs=90 train_loss=0.8041 val_loss=1.1401 train_acc=0.7595 val_acc=0.5843
         ✅ success
   🌿 [2/3] LightGBM (Support)
   ⚡ [3/3] XGBoost (Support)
    🟢 LightGBM training: TrainLoss=0.4639 CalLoss=0.3716 TrainAcc=0.9326 CalAcc=0.9277
    ⚡ XGBoost training: TrainLoss=0.4088 CalLoss=0.3887 TrainAcc=0.9482 CalAcc=0.9337

  🎯 ENSEMBLE – บัวบา2 [id=496]

  📊 Classification Metrics – บัวบา2 [id=496]
  ──────────────────────────────────────────────────
  Accuracy  : 0.8795  (87.9%)
  F1 Score  : 0.8841  (weighted avg)
  Recall    : 0.8795  (weighted avg)
  Precision : 0.9030  (weighted avg)
  CE Loss   : 0.5039

  📋 Classification Report:
                   precision    recall  f1-score   support
     
              low       0.99      0.99      0.99        69
           medium       0.85      0.96      0.90        53
             high       0.18      0.29      0.22         7
           urgent       0.96      0.68      0.79        37
     
         accuracy                           0.88       166
        macro avg       0.74      0.73      0.73       166
     weighted avg       0.90      0.88      0.88       166
     
  ──────────────────────────────────────────────────
  📊 ENSEMBLE  : Accuracy= 96.4% | Loss=0.2649 | R²=0.9276 | MAE=0.4868
  📊 LIGHTGBM  : Accuracy= 95.8% | Loss=0.2820 | R²=0.9393 | MAE=0.4603
  📊 XGBOOST   : Accuracy= 95.2% | Loss=0.2991 | R²=0.9018 | MAE=0.5059
  📊 LSTM      : Accuracy= 80.1% | Loss=0.7257 | R²=0.5937 | MAE=1.1074
✅ บัวบา2............ [ห้องกลุ่มย่อย] +LSTM✓  R²:0.928  MAE:0.49ชม  sMAPE:32.7%  Acc:0.879  F1:0.884  conf:67.3%

🏠 บัวบา4
   🧠 [1/3] LSTM (Primary) – บัวบา4
      📈 LSTM training history: epochs=90 train_loss=0.8967 val_loss=1.2209 train_acc=0.7317 val_acc=0.5783
         ✅ success
   🌿 [2/3] LightGBM (Support)
   ⚡ [3/3] XGBoost (Support)
    🟢 LightGBM training: TrainLoss=0.4639 CalLoss=0.3716 TrainAcc=0.9326 CalAcc=0.9277
    ⚡ XGBoost training: TrainLoss=0.4088 CalLoss=0.3887 TrainAcc=0.9482 CalAcc=0.9337

  🎯 ENSEMBLE – บัวบา4 [id=497]

  📊 Classification Metrics – บัวบา4 [id=497]
  ──────────────────────────────────────────────────
  Accuracy  : 0.8855  (88.5%)
  F1 Score  : 0.8880  (weighted avg)
  Recall    : 0.8855  (weighted avg)
  Precision : 0.9089  (weighted avg)
  CE Loss   : 0.4868

  📋 Classification Report:
                   precision    recall  f1-score   support
     
              low       1.00      0.99      0.99        69
           medium       0.84      0.98      0.90        53
             high       0.27      0.43      0.33         7
           urgent       0.96      0.65      0.77        37
     
         accuracy                           0.89       166
        macro avg       0.77      0.76      0.75       166
     weighted avg       0.91      0.89      0.89       166
     
  ──────────────────────────────────────────────────
  📊 ENSEMBLE  : Accuracy= 95.8% | Loss=0.2820 | R²=0.9272 | MAE=0.4887
  📊 LIGHTGBM  : Accuracy= 95.8% | Loss=0.2820 | R²=0.9393 | MAE=0.4603
  📊 XGBOOST   : Accuracy= 95.2% | Loss=0.2991 | R²=0.9018 | MAE=0.5059
  📊 LSTM      : Accuracy= 77.7% | Loss=0.7940 | R²=0.5552 | MAE=1.1480
✅ บัวบา4............ [ห้องกลุ่มย่อย] +LSTM✓  R²:0.927  MAE:0.49ชม  sMAPE:32.7%  Acc:0.885  F1:0.888  conf:67.3%

🏠 บัวบา6
   🧠 [1/3] LSTM (Primary) – บัวบา6
      📈 LSTM training history: epochs=90 train_loss=0.8571 val_loss=1.1313 train_acc=0.7449 val_acc=0.6084
         ✅ success
   🌿 [2/3] LightGBM (Support)
   ⚡ [3/3] XGBoost (Support)
    🟢 LightGBM training: TrainLoss=0.4639 CalLoss=0.3716 TrainAcc=0.9326 CalAcc=0.9277
    ⚡ XGBoost training: TrainLoss=0.4088 CalLoss=0.3887 TrainAcc=0.9482 CalAcc=0.9337

  🎯 ENSEMBLE – บัวบา6 [id=498]

  📊 Classification Metrics – บัวบา6 [id=498]
  ──────────────────────────────────────────────────
  Accuracy  : 0.8855  (88.5%)
  F1 Score  : 0.8891  (weighted avg)
  Recall    : 0.8855  (weighted avg)
  Precision : 0.9110  (weighted avg)
  CE Loss   : 0.4868

  📋 Classification Report:
                   precision    recall  f1-score   support
     
              low       0.99      0.99      0.99        69
           medium       0.84      0.96      0.89        53
             high       0.27      0.43      0.33         7
           urgent       1.00      0.68      0.81        37
     
         accuracy                           0.89       166
        macro avg       0.77      0.76      0.76       166
     weighted avg       0.91      0.89      0.89       166
     
  ──────────────────────────────────────────────────
  📊 ENSEMBLE  : Accuracy= 96.4% | Loss=0.2649 | R²=0.9266 | MAE=0.4901
  📊 LIGHTGBM  : Accuracy= 95.8% | Loss=0.2820 | R²=0.9393 | MAE=0.4603
  📊 XGBOOST   : Accuracy= 95.2% | Loss=0.2991 | R²=0.9018 | MAE=0.5059
  📊 LSTM      : Accuracy= 76.5% | Loss=0.8282 | R²=0.5402 | MAE=1.1552
✅ บัวบา6............ [ห้องกลุ่มย่อย] +LSTM✓  R²:0.927  MAE:0.49ชม  sMAPE:32.8%  Acc:0.885  F1:0.889  conf:67.2%

🏠 บัวบา7
   🧠 [1/3] LSTM (Primary) – บัวบา7
      📈 LSTM training history: epochs=90 train_loss=0.9060 val_loss=1.2027 train_acc=0.7243 val_acc=0.5482
         ✅ success
   🌿 [2/3] LightGBM (Support)
   ⚡ [3/3] XGBoost (Support)
    🟢 LightGBM training: TrainLoss=0.4639 CalLoss=0.3716 TrainAcc=0.9326 CalAcc=0.9277
    ⚡ XGBoost training: TrainLoss=0.4088 CalLoss=0.3887 TrainAcc=0.9482 CalAcc=0.9337

  🎯 ENSEMBLE – บัวบา7 [id=499]

  📊 Classification Metrics – บัวบา7 [id=499]
  ──────────────────────────────────────────────────
  Accuracy  : 0.8916  (89.2%)
  F1 Score  : 0.8949  (weighted avg)
  Recall    : 0.8916  (weighted avg)
  Precision : 0.9137  (weighted avg)
  CE Loss   : 0.4697

  📋 Classification Report:
                   precision    recall  f1-score   support
     
              low       1.00      0.99      0.99        69
           medium       0.85      0.98      0.91        53
             high       0.27      0.43      0.33         7
           urgent       0.96      0.68      0.79        37
     
         accuracy                           0.89       166
        macro avg       0.77      0.77      0.76       166
     weighted avg       0.91      0.89      0.89       166
     
  ──────────────────────────────────────────────────
  📊 ENSEMBLE  : Accuracy= 96.4% | Loss=0.2649 | R²=0.9278 | MAE=0.4868
  📊 LIGHTGBM  : Accuracy= 95.8% | Loss=0.2820 | R²=0.9393 | MAE=0.4603
  📊 XGBOOST   : Accuracy= 95.2% | Loss=0.2991 | R²=0.9018 | MAE=0.5059
  📊 LSTM      : Accuracy= 78.3% | Loss=0.7770 | R²=0.5881 | MAE=1.0755
✅ บัวบา7............ [ห้องกลุ่มย่อย] +LSTM✓  R²:0.928  MAE:0.49ชม  sMAPE:32.7%  Acc:0.892  F1:0.895  conf:67.3%

🏠 บัวบา9
   🧠 [1/3] LSTM (Primary) – บัวบา9
      📈 LSTM training history: epochs=90 train_loss=0.8320 val_loss=1.1818 train_acc=0.7361 val_acc=0.5783
         ✅ success
   🌿 [2/3] LightGBM (Support)
   ⚡ [3/3] XGBoost (Support)
    🟢 LightGBM training: TrainLoss=0.4639 CalLoss=0.3716 TrainAcc=0.9326 CalAcc=0.9277
    ⚡ XGBoost training: TrainLoss=0.4088 CalLoss=0.3887 TrainAcc=0.9482 CalAcc=0.9337

  🎯 ENSEMBLE – บัวบา9 [id=500]

  📊 Classification Metrics – บัวบา9 [id=500]
  ──────────────────────────────────────────────────
  Accuracy  : 0.8855  (88.5%)
  F1 Score  : 0.8888  (weighted avg)
  Recall    : 0.8855  (weighted avg)
  Precision : 0.9068  (weighted avg)
  CE Loss   : 0.4868

  📋 Classification Report:
                   precision    recall  f1-score   support
     
              low       0.99      0.99      0.99        69
           medium       0.85      0.96      0.90        53
             high       0.27      0.43      0.33         7
           urgent       0.96      0.68      0.79        37
     
         accuracy                           0.89       166
        macro avg       0.77      0.76      0.75       166
     weighted avg       0.91      0.89      0.89       166
     
  ──────────────────────────────────────────────────
  📊 ENSEMBLE  : Accuracy= 96.4% | Loss=0.2649 | R²=0.9288 | MAE=0.4836
  📊 LIGHTGBM  : Accuracy= 95.8% | Loss=0.2820 | R²=0.9393 | MAE=0.4603
  📊 XGBOOST   : Accuracy= 95.2% | Loss=0.2991 | R²=0.9018 | MAE=0.5059
  📊 LSTM      : Accuracy= 76.5% | Loss=0.8282 | R²=0.5991 | MAE=1.0819
✅ บัวบา9............ [ห้องกลุ่มย่อย] +LSTM✓  R²:0.929  MAE:0.48ชม  sMAPE:32.7%  Acc:0.885  F1:0.889  conf:67.3%

🏠 ห้องบัวหลวง
   🧠 [1/3] LSTM (Primary) – ห้องบัวหลวง
      📈 LSTM training history: epochs=90 train_loss=0.2960 val_loss=0.1890 train_acc=0.9152 val_acc=0.9650
         ✅ success
   🌿 [2/3] LightGBM (Support)
   ⚡ [3/3] XGBoost (Support)
    🟢 LightGBM training: TrainLoss=0.0649 CalLoss=0.0286 TrainAcc=0.9701 CalAcc=0.9790
    ⚡ XGBoost training: TrainLoss=0.0858 CalLoss=0.0559 TrainAcc=0.9401 CalAcc=0.9650

  🎯 ENSEMBLE – ห้องบัวหลวง [id=501]

  📊 Classification Metrics – ห้องบัวหลวง [id=501]
  ──────────────────────────────────────────────────
  Accuracy  : 0.9861  (98.6%)
  F1 Score  : 0.9854  (weighted avg)
  Recall    : 0.9861  (weighted avg)
  Precision : 0.9862  (weighted avg)
  CE Loss   : 0.2019

  📋 Classification Report:
                   precision    recall  f1-score   support
     
              low       0.99      1.00      1.00       140
           medium       0.00      0.00      0.00         1
             high       0.00      0.00      0.00         0
           urgent       1.00      0.67      0.80         3
     
         accuracy                           0.99       144
        macro avg       0.50      0.42      0.45       144
     weighted avg       0.99      0.99      0.99       144
     
  ──────────────────────────────────────────────────
  📊 ENSEMBLE  : Accuracy=100.0% | Loss=0.1625 | R²=0.8874 | MAE=0.0737
  📊 LIGHTGBM  : Accuracy= 99.3% | Loss=0.1822 | R²=0.9457 | MAE=0.0186
  📊 XGBOOST   : Accuracy=100.0% | Loss=0.1625 | R²=0.3815 | MAE=0.1871
  📊 LSTM      : Accuracy= 98.6% | Loss=0.2019 | R²=-0.0413 | MAE=0.0940
✅ ห้องบัวหลวง....... [ห้องประชุม] [no LSTM]  R²:0.887  MAE:0.07ชม  sMAPE:63.4%  Acc:0.986  F1:0.985  conf:36.6%

🏠 ห้องESANZONE
   🧠 [1/3] LSTM (Primary) – ห้องESANZONE
      📈 LSTM training history: epochs=90 train_loss=0.8809 val_loss=1.1071 train_acc=0.7463 val_acc=0.6446
         ✅ success
   🌿 [2/3] LightGBM (Support)
   ⚡ [3/3] XGBoost (Support)
    🟢 LightGBM training: TrainLoss=0.4639 CalLoss=0.3716 TrainAcc=0.9326 CalAcc=0.9277
    ⚡ XGBoost training: TrainLoss=0.4088 CalLoss=0.3887 TrainAcc=0.9482 CalAcc=0.9337

  🎯 ENSEMBLE – ห้องESANZONE [id=502]

  📊 Classification Metrics – ห้องESANZONE [id=502]
  ──────────────────────────────────────────────────
  Accuracy  : 0.8735  (87.4%)
  F1 Score  : 0.8788  (weighted avg)
  Recall    : 0.8735  (weighted avg)
  Precision : 0.9092  (weighted avg)
  CE Loss   : 0.5209

  📋 Classification Report:
                   precision    recall  f1-score   support
     
              low       0.99      0.99      0.99        69
           medium       0.84      0.96      0.89        53
             high       0.23      0.43      0.30         7
           urgent       1.00      0.62      0.77        37
     
         accuracy                           0.87       166
        macro avg       0.76      0.75      0.74       166
     weighted avg       0.91      0.87      0.88       166
     
  ──────────────────────────────────────────────────
  📊 ENSEMBLE  : Accuracy= 96.4% | Loss=0.2649 | R²=0.9249 | MAE=0.4958
  📊 LIGHTGBM  : Accuracy= 95.8% | Loss=0.2820 | R²=0.9393 | MAE=0.4603
  📊 XGBOOST   : Accuracy= 95.2% | Loss=0.2991 | R²=0.9018 | MAE=0.5059
  📊 LSTM      : Accuracy= 75.3% | Loss=0.8623 | R²=0.4386 | MAE=1.2374
✅ ห้องESANZONE...... [ห้องกิจกรรม] +LSTM✓  R²:0.925  MAE:0.50ชม  sMAPE:33.0%  Acc:0.874  F1:0.879  conf:67.0%

🏠 LOCKARD
   🧠 [1/3] LSTM (Primary) – LOCKARD
      📈 LSTM training history: epochs=90 train_loss=0.7656 val_loss=1.1392 train_acc=0.7639 val_acc=0.6386
         ✅ success
   🌿 [2/3] LightGBM (Support)
   ⚡ [3/3] XGBoost (Support)
    🟢 LightGBM training: TrainLoss=0.4639 CalLoss=0.3716 TrainAcc=0.9326 CalAcc=0.9277
    ⚡ XGBoost training: TrainLoss=0.4088 CalLoss=0.3887 TrainAcc=0.9482 CalAcc=0.9337

  🎯 ENSEMBLE – LOCKARD [id=503]

  📊 Classification Metrics – LOCKARD [id=503]
  ──────────────────────────────────────────────────
  Accuracy  : 0.8795  (87.9%)
  F1 Score  : 0.8878  (weighted avg)
  Recall    : 0.8795  (weighted avg)
  Precision : 0.9176  (weighted avg)
  CE Loss   : 0.5039

  📋 Classification Report:
                   precision    recall  f1-score   support
     
              low       0.99      0.99      0.99        69
           medium       0.86      0.96      0.91        53
             high       0.21      0.43      0.29         7
           urgent       1.00      0.65      0.79        37
     
         accuracy                           0.88       166
        macro avg       0.77      0.76      0.74       166
     weighted avg       0.92      0.88      0.89       166
     
  ──────────────────────────────────────────────────
  📊 ENSEMBLE  : Accuracy= 95.8% | Loss=0.2820 | R²=0.9266 | MAE=0.4905
  📊 LIGHTGBM  : Accuracy= 95.8% | Loss=0.2820 | R²=0.9393 | MAE=0.4603
  📊 XGBOOST   : Accuracy= 95.2% | Loss=0.2991 | R²=0.9018 | MAE=0.5059
  📊 LSTM      : Accuracy= 78.9% | Loss=0.7599 | R²=0.5504 | MAE=1.1319
✅ LOCKARD........... [ห้องเรียน ] +LSTM✓  R²:0.927  MAE:0.49ชม  sMAPE:32.8%  Acc:0.879  F1:0.888  conf:67.2%

🏠 ห้องยางนา
   🧠 [1/3] LSTM (Primary) – ห้องยางนา
      📈 LSTM training history: epochs=90 train_loss=0.2959 val_loss=0.1888 train_acc=0.9152 val_acc=0.9650
         ✅ success
   🌿 [2/3] LightGBM (Support)
   ⚡ [3/3] XGBoost (Support)
    🟢 LightGBM training: TrainLoss=0.0649 CalLoss=0.0286 TrainAcc=0.9701 CalAcc=0.9790
    ⚡ XGBoost training: TrainLoss=0.0858 CalLoss=0.0559 TrainAcc=0.9401 CalAcc=0.9650

  🎯 ENSEMBLE – ห้องยางนา [id=504]

  📊 Classification Metrics – ห้องยางนา [id=504]
  ──────────────────────────────────────────────────
  Accuracy  : 0.9861  (98.6%)
  F1 Score  : 0.9854  (weighted avg)
  Recall    : 0.9861  (weighted avg)
  Precision : 0.9862  (weighted avg)
  CE Loss   : 0.2019

  📋 Classification Report:
                   precision    recall  f1-score   support
     
              low       0.99      1.00      1.00       140
           medium       0.00      0.00      0.00         1
             high       0.00      0.00      0.00         0
           urgent       1.00      0.67      0.80         3
     
         accuracy                           0.99       144
        macro avg       0.50      0.42      0.45       144
     weighted avg       0.99      0.99      0.99       144
     
  ──────────────────────────────────────────────────
  📊 ENSEMBLE  : Accuracy=100.0% | Loss=0.1625 | R²=0.8874 | MAE=0.0737
  📊 LIGHTGBM  : Accuracy= 99.3% | Loss=0.1822 | R²=0.9457 | MAE=0.0186
  📊 XGBOOST   : Accuracy=100.0% | Loss=0.1625 | R²=0.3815 | MAE=0.1871
  📊 LSTM      : Accuracy= 98.6% | Loss=0.2019 | R²=-0.0415 | MAE=0.0938
✅ ห้องยางนา......... [ห้องประชุม] [no LSTM]  R²:0.887  MAE:0.07ชม  sMAPE:63.4%  Acc:0.986  F1:0.985  conf:36.6%

🏠 3C16-17
   🧠 [1/3] LSTM (Primary) – 3C16-17
      📈 LSTM training history: epochs=90 train_loss=1.2003 val_loss=2.4998 train_acc=0.7395 val_acc=0.4724
         ✅ success
   🌿 [2/3] LightGBM (Support)
   ⚡ [3/3] XGBoost (Support)
    🟢 LightGBM training: TrainLoss=0.8146 CalLoss=0.8055 TrainAcc=0.9617 CalAcc=0.8344
    ⚡ XGBoost training: TrainLoss=0.7348 CalLoss=0.7931 TrainAcc=0.9815 CalAcc=0.8344

  🎯 ENSEMBLE – 3C16-17 [id=505]

  📊 Classification Metrics – 3C16-17 [id=505]
  ──────────────────────────────────────────────────
  Accuracy  : 0.9816  (98.2%)
  F1 Score  : 0.9852  (weighted avg)
  Recall    : 0.9816  (weighted avg)
  Precision : 0.9902  (weighted avg)
  CE Loss   : 0.2147

  📋 Classification Report:
                   precision    recall  f1-score   support
     
              low       1.00      1.00      1.00        63
           medium       0.80      1.00      0.89         8
             high       0.00      0.00      0.00         0
           urgent       1.00      0.97      0.98        92
     
         accuracy                           0.98       163
        macro avg       0.70      0.74      0.72       163
     weighted avg       0.99      0.98      0.99       163
     
  ──────────────────────────────────────────────────
  📊 ENSEMBLE  : Accuracy=100.0% | Loss=0.1625 | R²=0.9621 | MAE=0.7170
  📊 LIGHTGBM  : Accuracy=100.0% | Loss=0.1625 | R²=0.9623 | MAE=0.7372
  📊 XGBOOST   : Accuracy=100.0% | Loss=0.1625 | R²=0.9623 | MAE=0.7205
  📊 LSTM      : Accuracy= 93.2% | Loss=0.3537 | R²=0.7624 | MAE=1.3366
✅ 3C16-17........... [ห้องปฏิบัติการคอมพิวเตอร์] +LSTM✓  R²:0.962  MAE:0.72ชม  sMAPE:38.8%  Acc:0.982  F1:0.985  conf:61.2%

🏠 4C05
   🧠 [1/3] LSTM (Primary) – 4C05
      📈 LSTM training history: epochs=90 train_loss=0.9212 val_loss=1.0251 train_acc=0.7896 val_acc=0.7683
         ✅ success
   🌿 [2/3] LightGBM (Support)
   ⚡ [3/3] XGBoost (Support)
    🟢 LightGBM training: TrainLoss=0.2120 CalLoss=0.2421 TrainAcc=0.9320 CalAcc=0.9268
    ⚡ XGBoost training: TrainLoss=0.2123 CalLoss=0.2627 TrainAcc=0.9124 CalAcc=0.8963

  🎯 ENSEMBLE – 4C05 [id=506]

  📊 Classification Metrics – 4C05 [id=506]
  ──────────────────────────────────────────────────
  Accuracy  : 0.9451  (94.5%)
  F1 Score  : 0.9417  (weighted avg)
  Recall    : 0.9451  (weighted avg)
  Precision : 0.9414  (weighted avg)
  CE Loss   : 0.3180

  📋 Classification Report:
                   precision    recall  f1-score   support
     
              low       0.96      1.00      0.98       129
           medium       0.85      0.77      0.81        22
             high       0.50      0.33      0.40         3
           urgent       1.00      0.80      0.89        10
     
         accuracy                           0.95       164
        macro avg       0.83      0.73      0.77       164
     weighted avg       0.94      0.95      0.94       164
     
  ──────────────────────────────────────────────────
  📊 ENSEMBLE  : Accuracy= 98.2% | Loss=0.2143 | R²=0.9140 | MAE=0.1655
  📊 LIGHTGBM  : Accuracy= 98.8% | Loss=0.1971 | R²=0.9192 | MAE=0.1490
  📊 XGBOOST   : Accuracy= 97.6% | Loss=0.2316 | R²=0.9041 | MAE=0.1868
  📊 LSTM      : Accuracy= 92.1% | Loss=0.3871 | R²=-0.3002 | MAE=0.8487
✅ 4C05.............. [ห้องปฏิบัติการคอมพิวเตอร์] [no LSTM]  R²:0.914  MAE:0.17ชม  sMAPE:51.9%  Acc:0.945  F1:0.942  conf:48.1%

📊 ── สรุปผลการเทรนทั้งหมด ──
   LSTM (Primary)  : 57/69 ห้อง
Room                 Type          LSTM     R²     MAE   sMAPE    Acc     F1    Loss   Conf
----------------------------------------------------------------------------------------------------
  ห้องกันเกรา        ประชุม/จัดเลี้ยง/นิทรรศการ     ✓  0.928   0.49ชม   32.8%  0.879  0.882  0.5039  67.2%
  ห้องประดู่1–6      ประชุม/จัดกิจกรรม     ✓  0.928   0.49ชม   32.7%  0.892  0.895  0.4697  67.3%
  ห้องพวงพยอม        ประชุม           ✓  0.927   0.49ชม   32.7%  0.892  0.893  0.4697  67.3%
  ห้องชัยพฤกษ์       ประชุม/จัดเลี้ยง/นิทรรศการ     ✓  0.927   0.49ชม   32.7%  0.885  0.889  0.4868  67.3%
  1C-MEETING         ห้องประชุม       ✗  0.887   0.07ชม   63.4%  0.986  0.985  0.2019  36.6%
  2C05-06            ห้องปฏิบัติการคอมพิวเตอร์     ✓  0.923   0.72ชม   41.3%  0.823  0.814  0.6635  58.7%
  2C07               ห้องปฏิบัติการ imac     ✓  0.926   0.49ชม   32.7%  0.885  0.887  0.4868  67.3%
  2C09               ห้องปฏิบัติการคอมพิวเตอร์     ✗  0.950   0.22ชม   45.6%  0.939  0.920  0.3353  54.4%
  2C10-11            ห้องปฏิบัติการคอมพิวเตอร์     ✓  0.884   0.84ชม   45.7%  0.780  0.734  0.7844  54.3%
  2C16-17            ห้องปฏิบัติการคอมพิวเตอร์     ✓  0.948   0.63ชม   53.9%  0.811  0.780  0.6981  46.1%
  3C05-06            ห้องปฏิบัติการคอมพิวเตอร์     ✓  0.887   0.97ชม   43.6%  0.681  0.625  1.0664  56.4%
  3C10-11(SMARTCLASSROOM) smart classroom     ✓  0.928   0.49ชม   32.7%  0.885  0.891  0.4868  67.3%
  3C12               ห้องประชุม/สัมมนา     ✓  0.927   0.49ชม   32.7%  0.879  0.884  0.5039  67.3%
  3C15-16            ห้องปฏิบัติการคอมพิวเตอร์     ✓  0.939   0.49ชม   33.2%  0.892  0.892  0.4697  66.8%
  4C05(VDOCONFERENCE) ห้องประชุม/vdo conference     ✓  0.927   0.49ชม   32.8%  0.892  0.893  0.4697  67.2%
  ห้องบรรยาย2110     ห้องบรรยาย       ✓  0.928   0.48ชม   32.7%  0.885  0.891  0.4868  67.3%
  ห้องบรรยาย2201     ห้องบรรยาย       ✓  0.928   0.49ชม   32.6%  0.892  0.895  0.4697  67.4%
  ห้องบรรยาย2203     ห้องบรรยาย       ✓  0.927   0.49ชม   32.7%  0.879  0.882  0.5039  67.3%
  ห้องบรรยาย2205     ห้องบรรยาย       ✓  0.927   0.49ชม   32.7%  0.885  0.889  0.4868  67.3%
  ห้องบรรยาย2209     ห้องบรรยาย       ✓  0.927   0.49ชม   32.7%  0.885  0.887  0.4868  67.3%
  ห้องบรรยาย2305     ห้องบรรยาย       ✓  0.928   0.49ชม   32.7%  0.885  0.887  0.4868  67.3%
  1C-MEETING         ห้องประชุม       ✗  0.887   0.07ชม   63.4%  0.986  0.985  0.2019  36.6%
  POL123(สำนักงานชั้น1) ห้องประชุม       ✗  0.887   0.07ชม   63.4%  0.986  0.985  0.2019  36.6%
  POL228ห้องเรียนชั้น2 ห้องเรียน        ✓  0.926   0.49ชม   32.7%  0.885  0.891  0.4868  67.3%
  POLSMARTCLASSROOM(C) smart classroom     ✓  0.927   0.49ชม   32.8%  0.885  0.889  0.4868  67.2%
  BIOACTIVELEARNING(บรรยาย5ชั้น1) ห้องเรียน/active learning     ✓  0.928   0.49ชม   32.8%  0.879  0.886  0.5039  67.2%
  BIO1ห้องบรรยาย1ชั้น1 ห้องบรรยาย       ✓  0.928   0.49ชม   32.7%  0.885  0.889  0.4868  67.3%
  BIO3ห้องบรรยาย3ชั้น3 ห้องบรรยาย       ✓  0.927   0.49ชม   32.8%  0.885  0.890  0.4868  67.2%
  BIO4ห้องบรรยาย4ชั้น1 ห้องบรรยาย       ✓  0.929   0.48ชม   32.7%  0.885  0.889  0.4868  67.3%
  SC302ชั้น3         ห้องเรียน/ประชุม     ✓  0.924   0.50ชม   32.9%  0.868  0.874  0.5380  67.1%
  SC349ชั้น3         ห้องเรียน/ประชุม     ✓  0.927   0.49ชม   32.8%  0.885  0.889  0.4868  67.2%
  SC350ชั้น3         ห้องเรียน/ประชุม     ✓  0.927   0.49ชม   32.8%  0.885  0.889  0.4868  67.2%
  EN6206ปฏิบัติการคอมพิวเตอร์ ห้องปฏิบัติการคอมพิวเตอร์     ✓  0.938   0.50ชม   33.4%  0.904  0.898  0.4356  66.6%
  1C-MEETING         ห้องประชุม       ✗  0.887   0.07ชม   63.4%  0.986  0.985  0.2019  36.6%
  ลานกิจกรรมEN6ชั้น1ZONEB ลานกิจกรรม       ✓  0.927   0.49ชม   32.9%  0.885  0.889  0.4868  67.1%
  AGCOMPUTER1        ห้องปฏิบัติการคอมพิวเตอร์     ✓  0.939   0.50ชม   33.3%  0.916  0.912  0.4015  66.7%
  AGCOMPUTER2        ห้องปฏิบัติการคอมพิวเตอร์     ✓  0.939   0.50ชม   33.4%  0.898  0.894  0.4527  66.6%
  AGCOMPUTER3        ห้องปฏิบัติการคอมพิวเตอร์     ✓  0.938   0.50ชม   33.4%  0.879  0.877  0.5039  66.6%
  CMP_101ออดิทอเรียม auditorium       ✓  0.927   0.49ชม   32.7%  0.885  0.889  0.4868  67.3%
  CMP_103ห้องบรรยาย  ห้องบรรยาย       ✓  0.927   0.49ชม   32.7%  0.885  0.889  0.4868  67.3%
  CMP_131SMARTCLASSROOM smart classroom     ✓  0.926   0.49ชม   32.8%  0.879  0.886  0.5039  67.2%
  CMP_201ห้องวิจัย   ห้องวิจัย        ✓  0.928   0.49ชม   32.6%  0.892  0.895  0.4697  67.4%
  CMP_211ปฏิบัติการชีวเคมีฯ ห้องปฏิบัติการ     ✓  0.927   0.49ชม   32.9%  0.879  0.884  0.5039  67.1%
  CMP_213ปฏิบัติการสรีรวิทยาฯ ห้องปฏิบัติการ     ✓  0.927   0.49ชม   32.8%  0.874  0.881  0.5209  67.2%
  1C-MEETING         ห้องประชุม       ✗  0.887   0.07ชม   63.4%  0.986  0.985  0.2019  36.6%
  NTC_313ห้องเรียน   ห้องเรียน        ✓  0.927   0.49ชม   32.7%  0.885  0.887  0.4868  67.3%
  NTC_409ห้องเรียน   ห้องเรียน        ✓  0.928   0.49ชม   32.8%  0.879  0.882  0.5039  67.2%
  ห้องโถงกิจกรรมชั้น1 โถง/ห้องกิจกรรม     ✓  0.927   0.49ชม   32.8%  0.885  0.893  0.4868  67.2%
  1C-MEETING         ห้องประชุม       ✗  0.583   0.08ชม    8.7%  0.786  0.787  0.7696  91.3%
  1C-MEETING         ห้องประชุม       ✗  0.810   0.10ชม   59.8%  0.986  0.985  0.2019  40.2%
  CLB4100บันทึกวีดิโอ ห้อง vdo recording     ✓  0.928   0.49ชม   32.7%  0.885  0.891  0.4868  67.3%
  CLB4104LIVEONLINE  ห้อง live/self-record     ✗  0.666   0.15ชม    7.2%  0.821  0.826  0.6684  92.8%
  CLB4201SMARTCLASSROOM smart classroom vdo     ✓  0.930   0.48ชม   32.7%  0.874  0.882  0.5209  67.3%
  CLB4202SMARTCLASSROOM smart classroom vdo     ✓  0.928   0.49ชม   32.7%  0.885  0.889  0.4868  67.3%
  CLB4203SMARTCLASSROOM smart classroom vdo     ✓  0.926   0.49ชม   32.8%  0.879  0.884  0.5039  67.2%
  OARทองกวาวVDOSTUDIO vdo studio       ✓  0.927   0.49ชม   32.8%  0.885  0.893  0.4868  67.2%
  OARยางนาOBSSTUDIO  obs studio       ✓  0.927   0.49ชม   32.8%  0.885  0.889  0.4868  67.2%
  บัวบา1             ห้องกลุ่มย่อย     ✓  0.927   0.49ชม   32.8%  0.885  0.887  0.4868  67.2%
  บัวบา2             ห้องกลุ่มย่อย     ✓  0.928   0.49ชม   32.7%  0.879  0.884  0.5039  67.3%
  บัวบา4             ห้องกลุ่มย่อย     ✓  0.927   0.49ชม   32.7%  0.885  0.888  0.4868  67.3%
  บัวบา6             ห้องกลุ่มย่อย     ✓  0.927   0.49ชม   32.8%  0.885  0.889  0.4868  67.2%
  บัวบา7             ห้องกลุ่มย่อย     ✓  0.928   0.49ชม   32.7%  0.892  0.895  0.4697  67.3%
  บัวบา9             ห้องกลุ่มย่อย     ✓  0.929   0.48ชม   32.7%  0.885  0.889  0.4868  67.3%
  ห้องบัวหลวง        ห้องประชุม       ✗  0.887   0.07ชม   63.4%  0.986  0.985  0.2019  36.6%
  ห้องESANZONE       ห้องกิจกรรม      ✓  0.925   0.50ชม   33.0%  0.874  0.879  0.5209  67.0%
  LOCKARD            ห้องเรียน        ✓  0.927   0.49ชม   32.8%  0.879  0.888  0.5039  67.2%
  ห้องยางนา          ห้องประชุม       ✗  0.887   0.07ชม   63.4%  0.986  0.985  0.2019  36.6%
  3C16-17            ห้องปฏิบัติการคอมพิวเตอร์     ✓  0.962   0.72ชม   38.8%  0.982  0.985  0.2147  61.2%
  4C05               ห้องปฏิบัติการคอมพิวเตอร์     ✗  0.914   0.17ชม   51.9%  0.945  0.942  0.3180  48.1%
----------------------------------------------------------------------------------------------------
  เฉลี่ย                                 0.913   0.44ชม   36.9%  0.891  0.891  0.4710  63.1%

🖼️  Run: python ml/saved/generate_plots.py to create training-curve PNGs.

── จำนวน Record ต่อระดับ ──
  urgent  : 1,147
  high    : 7,020
  medium  : 7,180
  low     : 22,867
============================================================
--- [21:40:03] Set E training finished, archiving ---
--- [21:40:09] Set E archived to saved_models_E_new / saved_meta_E_new ---
--- [21:40:09] Training Set C ---

🔧 Using Hyperparameter Set C: C - High Quality
   LSTM Epochs: 60, LGB Estimators: 60, XGB Estimators: 60


🚀 RETRAIN + GENERATE FORECAST
============================================================
🧠 Pipeline: LSTM (Primary) + LightGBM/XGBoost (Support) → Weighted Ensemble
   LSTM weight prior ≈ 20% | LGB ≈ 40% | XGB ≈ 40%
============================================================

============================================================
📋 DATA SUMMARY (All Rooms)
============================================================

📌 ภาพรวม
   จำนวน booking ทั้งหมด : 7,253 ครั้ง
   ช่วงวันที่            : 2023-04-24 → 2026-07-22
   จำนวนวันทั้งหมด       : 1,186 วัน
   วันที่มี booking       : 839 วัน
   วันที่ไม่มี booking    : 347 วัน

⏱️  ระยะเวลาการจอง (ชั่วโมง)
   เฉลี่ย    : 3.91 ชม.
   ต่ำสุด    : 0.50 ชม.
   สูงสุด    : 12.00 ชม.
   รวมทั้งหมด: 28344.5 ชม.

🎯 Target: ชั่วโมงรวม/วัน
   เฉลี่ย   : 33.78 ชม./วัน
   ต่ำสุด   : 0.50 ชม./วัน
   สูงสุด   : 107.50 ชม./วัน
   มัธยฐาน  : 36.00 ชม./วัน

🕐 การกระจายตามชั่วโมง (start_time)
   08:00  ████████████                    12039.0 ชม. (42.5%)
   09:00  █████                           4754.5 ชม. (16.8%)
   10:00                                  151.0 ชม. (0.5%)
   11:00                                  111.5 ชม. (0.4%)
   12:00  █████                           5014.5 ชม. (17.7%)
   13:00  ████                            3919.5 ชม. (13.8%)
   14:00                                  324.5 ชม. (1.1%)
   15:00  █                               1488.5 ชม. (5.3%)
   16:00                                  524.0 ชม. (1.8%)
   17:00                                  5.0 ชม. (0.0%)
   18:00                                  8.5 ชม. (0.0%)
   19:00                                  4.0 ชม. (0.0%)

📅 การกระจายตามวันในสัปดาห์
   จันทร์  ████████████████████  5708.5 ชม.
   อังคาร  █████████████████     4941.0 ชม.
   พุธ     ██████████████████    5332.0 ชม.
   พฤหัส   █████████████████     4942.0 ชม.
   ศุกร์   ███████████████       4524.5 ชม.
   เสาร์   ██████                1848.5 ชม.
   อาทิตย์  ███                   1048.0 ชม.
============================================================

🏠 ห้องกันเกรา
   🧠 [1/3] LSTM (Primary) – ห้องกันเกรา
      📈 LSTM training history: epochs=60 train_loss=0.9080 val_loss=1.0680 train_acc=0.7219 val_acc=0.6205
         ✅ success
   🌿 [2/3] LightGBM (Support)
   ⚡ [3/3] XGBoost (Support)
    🟢 LightGBM training: TrainLoss=0.3105 CalLoss=0.2777 TrainAcc=0.9547 CalAcc=0.9398
    ⚡ XGBoost training: TrainLoss=0.2638 CalLoss=0.3104 TrainAcc=0.9702 CalAcc=0.9277

  🎯 ENSEMBLE – ห้องกันเกรา [id=438]

  📊 Classification Metrics – ห้องกันเกรา [id=438]
  ──────────────────────────────────────────────────
  Accuracy  : 0.9518  (95.2%)
  F1 Score  : 0.9521  (weighted avg)
  Recall    : 0.9518  (weighted avg)
  Precision : 0.9537  (weighted avg)
  CE Loss   : 0.2991

  📋 Classification Report:
                   precision    recall  f1-score   support
     
              low       0.99      0.99      0.99        69
           medium       0.93      0.96      0.94        53
             high       0.75      0.86      0.80         7
           urgent       0.97      0.89      0.93        37
     
         accuracy                           0.95       166
        macro avg       0.91      0.92      0.91       166
     weighted avg       0.95      0.95      0.95       166
     
  ──────────────────────────────────────────────────
  📊 ENSEMBLE  : Accuracy= 97.0% | Loss=0.2479 | R²=0.9545 | MAE=0.3720
  📊 LIGHTGBM  : Accuracy= 96.4% | Loss=0.2649 | R²=0.9660 | MAE=0.3243
  📊 XGBOOST   : Accuracy= 94.6% | Loss=0.3161 | R²=0.9236 | MAE=0.4245
  📊 LSTM      : Accuracy= 81.9% | Loss=0.6745 | R²=0.6238 | MAE=1.0076
✅ ห้องกันเกรา....... [ประชุม/จัดเลี้ยง/นิทรรศการ] +LSTM✓  R²:0.955  MAE:0.37ชม  sMAPE:31.7%  Acc:0.952  F1:0.952  conf:68.3%

🏠 ห้องประดู่1–6
   🧠 [1/3] LSTM (Primary) – ห้องประดู่1–6
      📈 LSTM training history: epochs=60 train_loss=0.9115 val_loss=1.1360 train_acc=0.7360 val_acc=0.5904
         ✅ success
   🌿 [2/3] LightGBM (Support)
   ⚡ [3/3] XGBoost (Support)
    🟢 LightGBM training: TrainLoss=0.3105 CalLoss=0.2777 TrainAcc=0.9547 CalAcc=0.9398
    ⚡ XGBoost training: TrainLoss=0.2638 CalLoss=0.3104 TrainAcc=0.9702 CalAcc=0.9277

  🎯 ENSEMBLE – ห้องประดู่1–6 [id=439]

  📊 Classification Metrics – ห้องประดู่1–6 [id=439]
  ──────────────────────────────────────────────────
  Accuracy  : 0.9398  (94.0%)
  F1 Score  : 0.9386  (weighted avg)
  Recall    : 0.9398  (weighted avg)
  Precision : 0.9381  (weighted avg)
  CE Loss   : 0.3332

  📋 Classification Report:
                   precision    recall  f1-score   support
     
              low       0.99      0.99      0.99        69
           medium       0.93      0.96      0.94        53
             high       0.67      0.57      0.62         7
           urgent       0.92      0.89      0.90        37
     
         accuracy                           0.94       166
        macro avg       0.87      0.85      0.86       166
     weighted avg       0.94      0.94      0.94       166
     
  ──────────────────────────────────────────────────
  📊 ENSEMBLE  : Accuracy= 96.4% | Loss=0.2649 | R²=0.9543 | MAE=0.3736
  📊 LIGHTGBM  : Accuracy= 96.4% | Loss=0.2649 | R²=0.9660 | MAE=0.3243
  📊 XGBOOST   : Accuracy= 94.6% | Loss=0.3161 | R²=0.9236 | MAE=0.4245
  📊 LSTM      : Accuracy= 82.5% | Loss=0.6575 | R²=0.6098 | MAE=1.0769
✅ ห้องประดู่1–6..... [ประชุม/จัดกิจกรรม] +LSTM✓  R²:0.954  MAE:0.37ชม  sMAPE:31.8%  Acc:0.940  F1:0.939  conf:68.2%

🏠 ห้องพวงพยอม
   🧠 [1/3] LSTM (Primary) – ห้องพวงพยอม
      📈 LSTM training history: epochs=60 train_loss=0.9347 val_loss=1.0948 train_acc=0.7191 val_acc=0.6145
         ✅ success
   🌿 [2/3] LightGBM (Support)
   ⚡ [3/3] XGBoost (Support)
    🟢 LightGBM training: TrainLoss=0.3105 CalLoss=0.2777 TrainAcc=0.9547 CalAcc=0.9398
    ⚡ XGBoost training: TrainLoss=0.2638 CalLoss=0.3104 TrainAcc=0.9702 CalAcc=0.9277

  🎯 ENSEMBLE – ห้องพวงพยอม [id=440]

  📊 Classification Metrics – ห้องพวงพยอม [id=440]
  ──────────────────────────────────────────────────
  Accuracy  : 0.9458  (94.6%)
  F1 Score  : 0.9459  (weighted avg)
  Recall    : 0.9458  (weighted avg)
  Precision : 0.9482  (weighted avg)
  CE Loss   : 0.3161

  📋 Classification Report:
                   precision    recall  f1-score   support
     
              low       0.99      0.99      0.99        69
           medium       0.91      0.96      0.94        53
             high       0.75      0.86      0.80         7
           urgent       0.97      0.86      0.91        37
     
         accuracy                           0.95       166
        macro avg       0.90      0.92      0.91       166
     weighted avg       0.95      0.95      0.95       166
     
  ──────────────────────────────────────────────────
  📊 ENSEMBLE  : Accuracy= 97.6% | Loss=0.2308 | R²=0.9540 | MAE=0.3726
  📊 LIGHTGBM  : Accuracy= 96.4% | Loss=0.2649 | R²=0.9660 | MAE=0.3243
  📊 XGBOOST   : Accuracy= 94.6% | Loss=0.3161 | R²=0.9236 | MAE=0.4245
  📊 LSTM      : Accuracy= 77.7% | Loss=0.7940 | R²=0.5463 | MAE=1.1221
✅ ห้องพวงพยอม....... [ประชุม    ] +LSTM✓  R²:0.954  MAE:0.37ชม  sMAPE:31.7%  Acc:0.946  F1:0.946  conf:68.3%

🏠 ห้องชัยพฤกษ์
   🧠 [1/3] LSTM (Primary) – ห้องชัยพฤกษ์
      📈 LSTM training history: epochs=60 train_loss=0.9110 val_loss=1.0561 train_acc=0.7247 val_acc=0.6807
         ✅ success
   🌿 [2/3] LightGBM (Support)
   ⚡ [3/3] XGBoost (Support)
    🟢 LightGBM training: TrainLoss=0.3105 CalLoss=0.2777 TrainAcc=0.9547 CalAcc=0.9398
    ⚡ XGBoost training: TrainLoss=0.2638 CalLoss=0.3104 TrainAcc=0.9702 CalAcc=0.9277

  🎯 ENSEMBLE – ห้องชัยพฤกษ์ [id=441]

  📊 Classification Metrics – ห้องชัยพฤกษ์ [id=441]
  ──────────────────────────────────────────────────
  Accuracy  : 0.9398  (94.0%)
  F1 Score  : 0.9403  (weighted avg)
  Recall    : 0.9398  (weighted avg)
  Precision : 0.9429  (weighted avg)
  CE Loss   : 0.3332

  📋 Classification Report:
                   precision    recall  f1-score   support
     
              low       0.99      0.99      0.99        69
           medium       0.91      0.96      0.94        53
             high       0.62      0.71      0.67         7
           urgent       0.97      0.86      0.91        37
     
         accuracy                           0.94       166
        macro avg       0.87      0.88      0.88       166
     weighted avg       0.94      0.94      0.94       166
     
  ──────────────────────────────────────────────────
  📊 ENSEMBLE  : Accuracy= 97.0% | Loss=0.2479 | R²=0.9532 | MAE=0.3792
  📊 LIGHTGBM  : Accuracy= 96.4% | Loss=0.2649 | R²=0.9660 | MAE=0.3243
  📊 XGBOOST   : Accuracy= 94.6% | Loss=0.3161 | R²=0.9236 | MAE=0.4245
  📊 LSTM      : Accuracy= 80.1% | Loss=0.7257 | R²=0.5588 | MAE=1.1284
✅ ห้องชัยพฤกษ์...... [ประชุม/จัดเลี้ยง/นิทรรศการ] +LSTM✓  R²:0.953  MAE:0.38ชม  sMAPE:31.8%  Acc:0.940  F1:0.940  conf:68.2%

🏠 1C-MEETING
   🧠 [1/3] LSTM (Primary) – 1C-MEETING
      📈 LSTM training history: epochs=60 train_loss=0.2995 val_loss=0.1889 train_acc=0.9145 val_acc=0.9650
         ✅ success
   🌿 [2/3] LightGBM (Support)
   ⚡ [3/3] XGBoost (Support)
    🟢 LightGBM training: TrainLoss=0.0395 CalLoss=0.0161 TrainAcc=0.9955 CalAcc=0.9860
    ⚡ XGBoost training: TrainLoss=0.0327 CalLoss=0.0223 TrainAcc=0.9955 CalAcc=0.9860

  🎯 ENSEMBLE – 1C-MEETING [id=442]

  📊 Classification Metrics – 1C-MEETING [id=442]
  ──────────────────────────────────────────────────
  Accuracy  : 0.9931  (99.3%)
  F1 Score  : 0.9896  (weighted avg)
  Recall    : 0.9931  (weighted avg)
  Precision : 0.9862  (weighted avg)
  CE Loss   : 0.1822

  📋 Classification Report:
                   precision    recall  f1-score   support
     
              low       0.99      1.00      1.00       140
           medium       0.00      0.00      0.00         1
             high       0.00      0.00      0.00         0
           urgent       1.00      1.00      1.00         3
     
         accuracy                           0.99       144
        macro avg       0.50      0.50      0.50       144
     weighted avg       0.99      0.99      0.99       144
     
  ──────────────────────────────────────────────────
  📊 ENSEMBLE  : Accuracy=100.0% | Loss=0.1625 | R²=0.6974 | MAE=0.1276
  📊 LIGHTGBM  : Accuracy=100.0% | Loss=0.1625 | R²=0.9797 | MAE=0.0115
  📊 XGBOOST   : Accuracy=100.0% | Loss=0.1625 | R²=-0.6510 | MAE=0.2924
  📊 LSTM      : Accuracy= 98.6% | Loss=0.2019 | R²=-0.0414 | MAE=0.0939
✅ 1C-MEETING........ [ห้องประชุม] [no LSTM]  R²:0.697  MAE:0.13ชม  sMAPE:55.1%  Acc:0.993  F1:0.990  conf:44.9%

🏠 2C05-06
   🧠 [1/3] LSTM (Primary) – 2C05-06
      📈 LSTM training history: epochs=60 train_loss=1.3374 val_loss=2.2210 train_acc=0.7716 val_acc=0.6951
         ✅ success
   🌿 [2/3] LightGBM (Support)
   ⚡ [3/3] XGBoost (Support)
    🟢 LightGBM training: TrainLoss=0.5202 CalLoss=0.6060 TrainAcc=0.9569 CalAcc=0.8963
    ⚡ XGBoost training: TrainLoss=0.4328 CalLoss=0.6060 TrainAcc=0.9869 CalAcc=0.8659

  🎯 ENSEMBLE – 2C05-06 [id=443]

  📊 Classification Metrics – 2C05-06 [id=443]
  ──────────────────────────────────────────────────
  Accuracy  : 0.8659  (86.6%)
  F1 Score  : 0.8606  (weighted avg)
  Recall    : 0.8659  (weighted avg)
  Precision : 0.8576  (weighted avg)
  CE Loss   : 0.5426

  📋 Classification Report:
                   precision    recall  f1-score   support
     
              low       0.86      0.93      0.90        74
           medium       0.83      0.81      0.82        59
             high       0.00      0.00      0.00         3
           urgent       1.00      0.89      0.94        28
     
         accuracy                           0.87       164
        macro avg       0.67      0.66      0.67       164
     weighted avg       0.86      0.87      0.86       164
     
  ──────────────────────────────────────────────────
  📊 ENSEMBLE  : Accuracy= 99.4% | Loss=0.1798 | R²=0.9736 | MAE=0.4443
  📊 LIGHTGBM  : Accuracy= 98.8% | Loss=0.1971 | R²=0.9738 | MAE=0.4495
  📊 XGBOOST   : Accuracy= 99.4% | Loss=0.1798 | R²=0.9704 | MAE=0.4625
  📊 LSTM      : Accuracy= 79.3% | Loss=0.7499 | R²=0.2565 | MAE=2.0707
✅ 2C05-06........... [ห้องปฏิบัติการคอมพิวเตอร์] +LSTM✓  R²:0.974  MAE:0.44ชม  sMAPE:39.1%  Acc:0.866  F1:0.861  conf:60.9%

🏠 2C07
   🧠 [1/3] LSTM (Primary) – 2C07
      📈 LSTM training history: epochs=60 train_loss=0.9400 val_loss=1.1065 train_acc=0.7275 val_acc=0.6446
         ✅ success
   🌿 [2/3] LightGBM (Support)
   ⚡ [3/3] XGBoost (Support)
    🟢 LightGBM training: TrainLoss=0.3105 CalLoss=0.2777 TrainAcc=0.9547 CalAcc=0.9398
    ⚡ XGBoost training: TrainLoss=0.2638 CalLoss=0.3104 TrainAcc=0.9702 CalAcc=0.9277

  🎯 ENSEMBLE – 2C07 [id=444]

  📊 Classification Metrics – 2C07 [id=444]
  ──────────────────────────────────────────────────
  Accuracy  : 0.9398  (94.0%)
  F1 Score  : 0.9403  (weighted avg)
  Recall    : 0.9398  (weighted avg)
  Precision : 0.9429  (weighted avg)
  CE Loss   : 0.3332

  📋 Classification Report:
                   precision    recall  f1-score   support
     
              low       0.99      0.99      0.99        69
           medium       0.91      0.96      0.94        53
             high       0.62      0.71      0.67         7
           urgent       0.97      0.86      0.91        37
     
         accuracy                           0.94       166
        macro avg       0.87      0.88      0.88       166
     weighted avg       0.94      0.94      0.94       166
     
  ──────────────────────────────────────────────────
  📊 ENSEMBLE  : Accuracy= 97.0% | Loss=0.2479 | R²=0.9546 | MAE=0.3724
  📊 LIGHTGBM  : Accuracy= 96.4% | Loss=0.2649 | R²=0.9660 | MAE=0.3243
  📊 XGBOOST   : Accuracy= 94.6% | Loss=0.3161 | R²=0.9236 | MAE=0.4245
  📊 LSTM      : Accuracy= 81.3% | Loss=0.6916 | R²=0.6139 | MAE=1.0554
✅ 2C07.............. [ห้องปฏิบัติการ imac] +LSTM✓  R²:0.955  MAE:0.37ชม  sMAPE:31.7%  Acc:0.940  F1:0.940  conf:68.3%

🏠 2C09
   🧠 [1/3] LSTM (Primary) – 2C09
      📈 LSTM training history: epochs=60 train_loss=0.9803 val_loss=2.0734 train_acc=0.8440 val_acc=0.5915
         ✅ success
   🌿 [2/3] LightGBM (Support)
   ⚡ [3/3] XGBoost (Support)
    🟢 LightGBM training: TrainLoss=0.2792 CalLoss=0.4524 TrainAcc=0.9059 CalAcc=0.9146
    ⚡ XGBoost training: TrainLoss=0.2620 CalLoss=0.5136 TrainAcc=0.9085 CalAcc=0.8963

  🎯 ENSEMBLE – 2C09 [id=445]

  📊 Classification Metrics – 2C09 [id=445]
  ──────────────────────────────────────────────────
  Accuracy  : 0.9451  (94.5%)
  F1 Score  : 0.9323  (weighted avg)
  Recall    : 0.9451  (weighted avg)
  Precision : 0.9316  (weighted avg)
  CE Loss   : 0.3180

  📋 Classification Report:
                   precision    recall  f1-score   support
     
              low       0.98      1.00      0.99       135
           medium       0.76      0.86      0.81        22
             high       0.00      0.00      0.00         3
           urgent       1.00      0.25      0.40         4
     
         accuracy                           0.95       164
        macro avg       0.68      0.53      0.55       164
     weighted avg       0.93      0.95      0.93       164
     
  ──────────────────────────────────────────────────
  📊 ENSEMBLE  : Accuracy= 98.8% | Loss=0.1971 | R²=0.9684 | MAE=0.1814
  📊 LIGHTGBM  : Accuracy= 98.8% | Loss=0.1971 | R²=0.9625 | MAE=0.1854
  📊 XGBOOST   : Accuracy= 98.8% | Loss=0.1971 | R²=0.9700 | MAE=0.2148
  📊 LSTM      : Accuracy= 91.5% | Loss=0.4044 | R²=-0.1628 | MAE=1.4324
✅ 2C09.............. [ห้องปฏิบัติการคอมพิวเตอร์] +LSTM✓  R²:0.968  MAE:0.18ชม  sMAPE:48.0%  Acc:0.945  F1:0.932  conf:52.0%

🏠 2C10-11
   🧠 [1/3] LSTM (Primary) – 2C10-11
      📈 LSTM training history: epochs=60 train_loss=1.4984 val_loss=2.0244 train_acc=0.7376 val_acc=0.6220
         ✅ success
   🌿 [2/3] LightGBM (Support)
   ⚡ [3/3] XGBoost (Support)
    🟢 LightGBM training: TrainLoss=0.5180 CalLoss=0.5007 TrainAcc=0.9634 CalAcc=0.8537
    ⚡ XGBoost training: TrainLoss=0.4659 CalLoss=0.5507 TrainAcc=0.9778 CalAcc=0.8537

  🎯 ENSEMBLE – 2C10-11 [id=446]

  📊 Classification Metrics – 2C10-11 [id=446]
  ──────────────────────────────────────────────────
  Accuracy  : 0.9085  (90.8%)
  F1 Score  : 0.9056  (weighted avg)
  Recall    : 0.9085  (weighted avg)
  Precision : 0.9123  (weighted avg)
  CE Loss   : 0.4217

  📋 Classification Report:
                   precision    recall  f1-score   support
     
              low       0.91      1.00      0.95        96
           medium       0.89      0.76      0.82        42
             high       0.67      1.00      0.80         2
           urgent       1.00      0.79      0.88        24
     
         accuracy                           0.91       164
        macro avg       0.87      0.89      0.86       164
     weighted avg       0.91      0.91      0.91       164
     
  ──────────────────────────────────────────────────
  📊 ENSEMBLE  : Accuracy= 96.3% | Loss=0.2662 | R²=0.9486 | MAE=0.5338
  📊 LIGHTGBM  : Accuracy= 97.0% | Loss=0.2489 | R²=0.9493 | MAE=0.5466
  📊 XGBOOST   : Accuracy= 95.1% | Loss=0.3007 | R²=0.9501 | MAE=0.5439
  📊 LSTM      : Accuracy= 81.1% | Loss=0.6981 | R²=0.1365 | MAE=2.1617
✅ 2C10-11........... [ห้องปฏิบัติการคอมพิวเตอร์] +LSTM✓  R²:0.949  MAE:0.53ชม  sMAPE:42.2%  Acc:0.908  F1:0.906  conf:57.8%

🏠 2C16-17
   🧠 [1/3] LSTM (Primary) – 2C16-17
      📈 LSTM training history: epochs=60 train_loss=1.4704 val_loss=2.3829 train_acc=0.7376 val_acc=0.5732
         ✅ success
   🌿 [2/3] LightGBM (Support)
   ⚡ [3/3] XGBoost (Support)
    🟢 LightGBM training: TrainLoss=0.4271 CalLoss=0.6586 TrainAcc=0.9359 CalAcc=0.9085
    ⚡ XGBoost training: TrainLoss=0.3781 CalLoss=0.6352 TrainAcc=0.9425 CalAcc=0.8841

  🎯 ENSEMBLE – 2C16-17 [id=447]

  📊 Classification Metrics – 2C16-17 [id=447]
  ──────────────────────────────────────────────────
  Accuracy  : 0.8659  (86.6%)
  F1 Score  : 0.8565  (weighted avg)
  Recall    : 0.8659  (weighted avg)
  Precision : 0.8836  (weighted avg)
  CE Loss   : 0.5426

  📋 Classification Report:
                   precision    recall  f1-score   support
     
              low       0.99      0.98      0.99       101
           medium       0.63      0.96      0.76        28
             high       0.82      0.38      0.51        24
           urgent       0.70      0.64      0.67        11
     
         accuracy                           0.87       164
        macro avg       0.78      0.74      0.73       164
     weighted avg       0.88      0.87      0.86       164
     
  ──────────────────────────────────────────────────
  📊 ENSEMBLE  : Accuracy= 97.0% | Loss=0.2489 | R²=0.9677 | MAE=0.4788
  📊 LIGHTGBM  : Accuracy= 95.1% | Loss=0.3007 | R²=0.9674 | MAE=0.4734
  📊 XGBOOST   : Accuracy= 98.2% | Loss=0.2143 | R²=0.9672 | MAE=0.4903
  📊 LSTM      : Accuracy= 73.8% | Loss=0.9054 | R²=0.1671 | MAE=2.2399
✅ 2C16-17........... [ห้องปฏิบัติการคอมพิวเตอร์] +LSTM✓  R²:0.968  MAE:0.48ชม  sMAPE:53.3%  Acc:0.866  F1:0.857  conf:46.7%

🏠 3C05-06
   🧠 [1/3] LSTM (Primary) – 3C05-06
      📈 LSTM training history: epochs=60 train_loss=1.4700 val_loss=2.2979 train_acc=0.6943 val_acc=0.4847
         ✅ success
   🌿 [2/3] LightGBM (Support)
   ⚡ [3/3] XGBoost (Support)
    🟢 LightGBM training: TrainLoss=0.4931 CalLoss=0.6281 TrainAcc=0.9421 CalAcc=0.9325
    ⚡ XGBoost training: TrainLoss=0.4465 CalLoss=0.6900 TrainAcc=0.9500 CalAcc=0.9018

  🎯 ENSEMBLE – 3C05-06 [id=448]

  📊 Classification Metrics – 3C05-06 [id=448]
  ──────────────────────────────────────────────────
  Accuracy  : 0.8650  (86.5%)
  F1 Score  : 0.8581  (weighted avg)
  Recall    : 0.8650  (weighted avg)
  Precision : 0.8573  (weighted avg)
  CE Loss   : 0.5449

  📋 Classification Report:
                   precision    recall  f1-score   support
     
              low       0.88      1.00      0.94        72
           medium       0.84      0.79      0.81        47
             high       0.00      0.00      0.00         7
           urgent       1.00      0.86      0.93        37
     
         accuracy                           0.87       163
        macro avg       0.68      0.66      0.67       163
     weighted avg       0.86      0.87      0.86       163
     
  ──────────────────────────────────────────────────
  📊 ENSEMBLE  : Accuracy= 98.8% | Loss=0.1973 | R²=0.9389 | MAE=0.7052
  📊 LIGHTGBM  : Accuracy= 98.8% | Loss=0.1973 | R²=0.9463 | MAE=0.6479
  📊 XGBOOST   : Accuracy= 98.2% | Loss=0.2147 | R²=0.9347 | MAE=0.7364
  📊 LSTM      : Accuracy= 82.8% | Loss=0.6492 | R²=0.5283 | MAE=1.9067
✅ 3C05-06........... [ห้องปฏิบัติการคอมพิวเตอร์] +LSTM✓  R²:0.939  MAE:0.71ชม  sMAPE:41.5%  Acc:0.865  F1:0.858  conf:58.5%

🏠 3C10-11(SMARTCLASSROOM)
   🧠 [1/3] LSTM (Primary) – 3C10-11(SMARTCLASSROOM)
      📈 LSTM training history: epochs=60 train_loss=0.9098 val_loss=1.0717 train_acc=0.7261 val_acc=0.6446
         ✅ success
   🌿 [2/3] LightGBM (Support)
   ⚡ [3/3] XGBoost (Support)
    🟢 LightGBM training: TrainLoss=0.3105 CalLoss=0.2777 TrainAcc=0.9547 CalAcc=0.9398
    ⚡ XGBoost training: TrainLoss=0.2638 CalLoss=0.3104 TrainAcc=0.9702 CalAcc=0.9277

  🎯 ENSEMBLE – 3C10-11(SMARTCLASSROOM) [id=449]

  📊 Classification Metrics – 3C10-11(SMARTCLASSROOM) [id=449]
  ──────────────────────────────────────────────────
  Accuracy  : 0.9398  (94.0%)
  F1 Score  : 0.9396  (weighted avg)
  Recall    : 0.9398  (weighted avg)
  Precision : 0.9416  (weighted avg)
  CE Loss   : 0.3332

  📋 Classification Report:
                   precision    recall  f1-score   support
     
              low       0.99      0.99      0.99        69
           medium       0.89      0.96      0.93        53
             high       0.71      0.71      0.71         7
           urgent       0.97      0.86      0.91        37
     
         accuracy                           0.94       166
        macro avg       0.89      0.88      0.89       166
     weighted avg       0.94      0.94      0.94       166
     
  ──────────────────────────────────────────────────
  📊 ENSEMBLE  : Accuracy= 97.0% | Loss=0.2479 | R²=0.9536 | MAE=0.3761
  📊 LIGHTGBM  : Accuracy= 96.4% | Loss=0.2649 | R²=0.9660 | MAE=0.3243
  📊 XGBOOST   : Accuracy= 94.6% | Loss=0.3161 | R²=0.9236 | MAE=0.4245
  📊 LSTM      : Accuracy= 79.5% | Loss=0.7428 | R²=0.5817 | MAE=1.1378
✅ 3C10-11(SMARTCLASSROOM) [smart classroom] +LSTM✓  R²:0.954  MAE:0.38ชม  sMAPE:31.8%  Acc:0.940  F1:0.940  conf:68.2%

🏠 3C12
   🧠 [1/3] LSTM (Primary) – 3C12
      📈 LSTM training history: epochs=60 train_loss=0.8829 val_loss=1.0819 train_acc=0.7416 val_acc=0.6265
         ✅ success
   🌿 [2/3] LightGBM (Support)
   ⚡ [3/3] XGBoost (Support)
    🟢 LightGBM training: TrainLoss=0.3105 CalLoss=0.2777 TrainAcc=0.9547 CalAcc=0.9398
    ⚡ XGBoost training: TrainLoss=0.2638 CalLoss=0.3104 TrainAcc=0.9702 CalAcc=0.9277

  🎯 ENSEMBLE – 3C12 [id=450]

  📊 Classification Metrics – 3C12 [id=450]
  ──────────────────────────────────────────────────
  Accuracy  : 0.9337  (93.4%)
  F1 Score  : 0.9334  (weighted avg)
  Recall    : 0.9337  (weighted avg)
  Precision : 0.9336  (weighted avg)
  CE Loss   : 0.3503

  📋 Classification Report:
                   precision    recall  f1-score   support
     
              low       0.99      0.99      0.99        69
           medium       0.93      0.96      0.94        53
             high       0.57      0.57      0.57         7
           urgent       0.91      0.86      0.89        37
     
         accuracy                           0.93       166
        macro avg       0.85      0.85      0.85       166
     weighted avg       0.93      0.93      0.93       166
     
  ──────────────────────────────────────────────────
  📊 ENSEMBLE  : Accuracy= 98.2% | Loss=0.2137 | R²=0.9540 | MAE=0.3750
  📊 LIGHTGBM  : Accuracy= 96.4% | Loss=0.2649 | R²=0.9660 | MAE=0.3243
  📊 XGBOOST   : Accuracy= 94.6% | Loss=0.3161 | R²=0.9236 | MAE=0.4245
  📊 LSTM      : Accuracy= 78.3% | Loss=0.7770 | R²=0.5903 | MAE=1.1171
✅ 3C12.............. [ห้องประชุม/สัมมนา] +LSTM✓  R²:0.954  MAE:0.37ชม  sMAPE:31.8%  Acc:0.934  F1:0.933  conf:68.2%

🏠 3C15-16
   🧠 [1/3] LSTM (Primary) – 3C15-16
      📈 LSTM training history: epochs=60 train_loss=1.0292 val_loss=1.2073 train_acc=0.7342 val_acc=0.6545
         ✅ success
   🌿 [2/3] LightGBM (Support)
   ⚡ [3/3] XGBoost (Support)
    🟢 LightGBM training: TrainLoss=0.3553 CalLoss=0.3495 TrainAcc=0.9468 CalAcc=0.9152
    ⚡ XGBoost training: TrainLoss=0.2903 CalLoss=0.3364 TrainAcc=0.9741 CalAcc=0.8909

  🎯 ENSEMBLE – 3C15-16 [id=451]

  📊 Classification Metrics – 3C15-16 [id=451]
  ──────────────────────────────────────────────────
  Accuracy  : 0.9337  (93.4%)
  F1 Score  : 0.9300  (weighted avg)
  Recall    : 0.9337  (weighted avg)
  Precision : 0.9273  (weighted avg)
  CE Loss   : 0.3503

  📋 Classification Report:
                   precision    recall  f1-score   support
     
              low       0.99      0.99      0.99        69
           medium       0.93      0.96      0.95        57
             high       0.40      0.29      0.33         7
           urgent       0.91      0.91      0.91        33
     
         accuracy                           0.93       166
        macro avg       0.81      0.79      0.79       166
     weighted avg       0.93      0.93      0.93       166
     
  ──────────────────────────────────────────────────
  📊 ENSEMBLE  : Accuracy= 95.2% | Loss=0.2991 | R²=0.9631 | MAE=0.3795
  📊 LIGHTGBM  : Accuracy= 95.8% | Loss=0.2820 | R²=0.9640 | MAE=0.3705
  📊 XGBOOST   : Accuracy= 96.4% | Loss=0.2649 | R²=0.9630 | MAE=0.3825
  📊 LSTM      : Accuracy= 83.1% | Loss=0.6404 | R²=0.6276 | MAE=1.1488
✅ 3C15-16........... [ห้องปฏิบัติการคอมพิวเตอร์] +LSTM✓  R²:0.963  MAE:0.38ชม  sMAPE:32.6%  Acc:0.934  F1:0.930  conf:67.4%

🏠 4C05(VDOCONFERENCE)
   🧠 [1/3] LSTM (Primary) – 4C05(VDOCONFERENCE)
      📈 LSTM training history: epochs=60 train_loss=0.9460 val_loss=1.1403 train_acc=0.7219 val_acc=0.6205
         ✅ success
   🌿 [2/3] LightGBM (Support)
   ⚡ [3/3] XGBoost (Support)
    🟢 LightGBM training: TrainLoss=0.3105 CalLoss=0.2777 TrainAcc=0.9547 CalAcc=0.9398
    ⚡ XGBoost training: TrainLoss=0.2638 CalLoss=0.3104 TrainAcc=0.9702 CalAcc=0.9277

  🎯 ENSEMBLE – 4C05(VDOCONFERENCE) [id=452]

  📊 Classification Metrics – 4C05(VDOCONFERENCE) [id=452]
  ──────────────────────────────────────────────────
  Accuracy  : 0.9518  (95.2%)
  F1 Score  : 0.9521  (weighted avg)
  Recall    : 0.9518  (weighted avg)
  Precision : 0.9537  (weighted avg)
  CE Loss   : 0.2991

  📋 Classification Report:
                   precision    recall  f1-score   support
     
              low       0.99      0.99      0.99        69
           medium       0.93      0.96      0.94        53
             high       0.75      0.86      0.80         7
           urgent       0.97      0.89      0.93        37
     
         accuracy                           0.95       166
        macro avg       0.91      0.92      0.91       166
     weighted avg       0.95      0.95      0.95       166
     
  ──────────────────────────────────────────────────
  📊 ENSEMBLE  : Accuracy= 97.0% | Loss=0.2479 | R²=0.9543 | MAE=0.3721
  📊 LIGHTGBM  : Accuracy= 96.4% | Loss=0.2649 | R²=0.9660 | MAE=0.3243
  📊 XGBOOST   : Accuracy= 94.6% | Loss=0.3161 | R²=0.9236 | MAE=0.4245
  📊 LSTM      : Accuracy= 83.7% | Loss=0.6233 | R²=0.6285 | MAE=1.0064
✅ 4C05(VDOCONFERENCE) [ห้องประชุม/vdo conference] +LSTM✓  R²:0.954  MAE:0.37ชม  sMAPE:31.7%  Acc:0.952  F1:0.952  conf:68.3%

🏠 ห้องบรรยาย2110
   🧠 [1/3] LSTM (Primary) – ห้องบรรยาย2110
      📈 LSTM training history: epochs=60 train_loss=0.9181 val_loss=1.1221 train_acc=0.7430 val_acc=0.6325
         ✅ success
   🌿 [2/3] LightGBM (Support)
   ⚡ [3/3] XGBoost (Support)
    🟢 LightGBM training: TrainLoss=0.3105 CalLoss=0.2777 TrainAcc=0.9547 CalAcc=0.9398
    ⚡ XGBoost training: TrainLoss=0.2638 CalLoss=0.3104 TrainAcc=0.9702 CalAcc=0.9277

  🎯 ENSEMBLE – ห้องบรรยาย2110 [id=453]

  📊 Classification Metrics – ห้องบรรยาย2110 [id=453]
  ──────────────────────────────────────────────────
  Accuracy  : 0.9458  (94.6%)
  F1 Score  : 0.9457  (weighted avg)
  Recall    : 0.9458  (weighted avg)
  Precision : 0.9469  (weighted avg)
  CE Loss   : 0.3161

  📋 Classification Report:
                   precision    recall  f1-score   support
     
              low       0.99      0.99      0.99        69
           medium       0.91      0.96      0.94        53
             high       0.71      0.71      0.71         7
           urgent       0.97      0.89      0.93        37
     
         accuracy                           0.95       166
        macro avg       0.90      0.89      0.89       166
     weighted avg       0.95      0.95      0.95       166
     
  ──────────────────────────────────────────────────
  📊 ENSEMBLE  : Accuracy= 95.8% | Loss=0.2820 | R²=0.9545 | MAE=0.3716
  📊 LIGHTGBM  : Accuracy= 96.4% | Loss=0.2649 | R²=0.9660 | MAE=0.3243
  📊 XGBOOST   : Accuracy= 94.6% | Loss=0.3161 | R²=0.9236 | MAE=0.4245
  📊 LSTM      : Accuracy= 83.7% | Loss=0.6233 | R²=0.6181 | MAE=1.0093
✅ ห้องบรรยาย2110.... [ห้องบรรยาย] +LSTM✓  R²:0.955  MAE:0.37ชม  sMAPE:31.7%  Acc:0.946  F1:0.946  conf:68.3%

🏠 ห้องบรรยาย2201
   🧠 [1/3] LSTM (Primary) – ห้องบรรยาย2201
      📈 LSTM training history: epochs=60 train_loss=0.9082 val_loss=1.0741 train_acc=0.7360 val_acc=0.6506
         ✅ success
   🌿 [2/3] LightGBM (Support)
   ⚡ [3/3] XGBoost (Support)
    🟢 LightGBM training: TrainLoss=0.3105 CalLoss=0.2777 TrainAcc=0.9547 CalAcc=0.9398
    ⚡ XGBoost training: TrainLoss=0.2638 CalLoss=0.3104 TrainAcc=0.9702 CalAcc=0.9277

  🎯 ENSEMBLE – ห้องบรรยาย2201 [id=454]

  📊 Classification Metrics – ห้องบรรยาย2201 [id=454]
  ──────────────────────────────────────────────────
  Accuracy  : 0.9337  (93.4%)
  F1 Score  : 0.9334  (weighted avg)
  Recall    : 0.9337  (weighted avg)
  Precision : 0.9336  (weighted avg)
  CE Loss   : 0.3503

  📋 Classification Report:
                   precision    recall  f1-score   support
     
              low       0.99      0.99      0.99        69
           medium       0.93      0.96      0.94        53
             high       0.57      0.57      0.57         7
           urgent       0.91      0.86      0.89        37
     
         accuracy                           0.93       166
        macro avg       0.85      0.85      0.85       166
     weighted avg       0.93      0.93      0.93       166
     
  ──────────────────────────────────────────────────
  📊 ENSEMBLE  : Accuracy= 97.0% | Loss=0.2479 | R²=0.9545 | MAE=0.3719
  📊 LIGHTGBM  : Accuracy= 96.4% | Loss=0.2649 | R²=0.9660 | MAE=0.3243
  📊 XGBOOST   : Accuracy= 94.6% | Loss=0.3161 | R²=0.9236 | MAE=0.4245
  📊 LSTM      : Accuracy= 83.7% | Loss=0.6233 | R²=0.6051 | MAE=1.0599
✅ ห้องบรรยาย2201.... [ห้องบรรยาย] +LSTM✓  R²:0.954  MAE:0.37ชม  sMAPE:31.7%  Acc:0.934  F1:0.933  conf:68.3%

🏠 ห้องบรรยาย2203
   🧠 [1/3] LSTM (Primary) – ห้องบรรยาย2203
      📈 LSTM training history: epochs=60 train_loss=0.9834 val_loss=1.1747 train_acc=0.7037 val_acc=0.5783
         ✅ success
   🌿 [2/3] LightGBM (Support)
   ⚡ [3/3] XGBoost (Support)
    🟢 LightGBM training: TrainLoss=0.3105 CalLoss=0.2777 TrainAcc=0.9547 CalAcc=0.9398
    ⚡ XGBoost training: TrainLoss=0.2638 CalLoss=0.3104 TrainAcc=0.9702 CalAcc=0.9277

  🎯 ENSEMBLE – ห้องบรรยาย2203 [id=455]

  📊 Classification Metrics – ห้องบรรยาย2203 [id=455]
  ──────────────────────────────────────────────────
  Accuracy  : 0.9337  (93.4%)
  F1 Score  : 0.9336  (weighted avg)
  Recall    : 0.9337  (weighted avg)
  Precision : 0.9337  (weighted avg)
  CE Loss   : 0.3503

  📋 Classification Report:
                   precision    recall  f1-score   support
     
              low       0.99      0.99      0.99        69
           medium       0.93      0.94      0.93        53
             high       0.57      0.57      0.57         7
           urgent       0.92      0.89      0.90        37
     
         accuracy                           0.93       166
        macro avg       0.85      0.85      0.85       166
     weighted avg       0.93      0.93      0.93       166
     
  ──────────────────────────────────────────────────
  📊 ENSEMBLE  : Accuracy= 97.0% | Loss=0.2479 | R²=0.9554 | MAE=0.3698
  📊 LIGHTGBM  : Accuracy= 96.4% | Loss=0.2649 | R²=0.9660 | MAE=0.3243
  📊 XGBOOST   : Accuracy= 94.6% | Loss=0.3161 | R²=0.9236 | MAE=0.4245
  📊 LSTM      : Accuracy= 85.5% | Loss=0.5721 | R²=0.6321 | MAE=0.9873
✅ ห้องบรรยาย2203.... [ห้องบรรยาย] +LSTM✓  R²:0.955  MAE:0.37ชม  sMAPE:31.7%  Acc:0.934  F1:0.934  conf:68.3%

🏠 ห้องบรรยาย2205
   🧠 [1/3] LSTM (Primary) – ห้องบรรยาย2205
      📈 LSTM training history: epochs=60 train_loss=0.9137 val_loss=1.0235 train_acc=0.7360 val_acc=0.6627
         ✅ success
   🌿 [2/3] LightGBM (Support)
   ⚡ [3/3] XGBoost (Support)
    🟢 LightGBM training: TrainLoss=0.3105 CalLoss=0.2777 TrainAcc=0.9547 CalAcc=0.9398
    ⚡ XGBoost training: TrainLoss=0.2638 CalLoss=0.3104 TrainAcc=0.9702 CalAcc=0.9277

  🎯 ENSEMBLE – ห้องบรรยาย2205 [id=456]

  📊 Classification Metrics – ห้องบรรยาย2205 [id=456]
  ──────────────────────────────────────────────────
  Accuracy  : 0.9398  (94.0%)
  F1 Score  : 0.9402  (weighted avg)
  Recall    : 0.9398  (weighted avg)
  Precision : 0.9418  (weighted avg)
  CE Loss   : 0.3332

  📋 Classification Report:
                   precision    recall  f1-score   support
     
              low       0.99      0.99      0.99        69
           medium       0.93      0.96      0.94        53
             high       0.62      0.71      0.67         7
           urgent       0.94      0.86      0.90        37
     
         accuracy                           0.94       166
        macro avg       0.87      0.88      0.87       166
     weighted avg       0.94      0.94      0.94       166
     
  ──────────────────────────────────────────────────
  📊 ENSEMBLE  : Accuracy= 97.0% | Loss=0.2479 | R²=0.9538 | MAE=0.3743
  📊 LIGHTGBM  : Accuracy= 96.4% | Loss=0.2649 | R²=0.9660 | MAE=0.3243
  📊 XGBOOST   : Accuracy= 94.6% | Loss=0.3161 | R²=0.9236 | MAE=0.4245
  📊 LSTM      : Accuracy= 80.7% | Loss=0.7087 | R²=0.5844 | MAE=1.0961
✅ ห้องบรรยาย2205.... [ห้องบรรยาย] +LSTM✓  R²:0.954  MAE:0.37ชม  sMAPE:31.7%  Acc:0.940  F1:0.940  conf:68.3%

🏠 ห้องบรรยาย2209
   🧠 [1/3] LSTM (Primary) – ห้องบรรยาย2209
      📈 LSTM training history: epochs=60 train_loss=0.9225 val_loss=1.1427 train_acc=0.7303 val_acc=0.6024
         ✅ success
   🌿 [2/3] LightGBM (Support)
   ⚡ [3/3] XGBoost (Support)
    🟢 LightGBM training: TrainLoss=0.3105 CalLoss=0.2777 TrainAcc=0.9547 CalAcc=0.9398
    ⚡ XGBoost training: TrainLoss=0.2638 CalLoss=0.3104 TrainAcc=0.9702 CalAcc=0.9277

  🎯 ENSEMBLE – ห้องบรรยาย2209 [id=457]

  📊 Classification Metrics – ห้องบรรยาย2209 [id=457]
  ──────────────────────────────────────────────────
  Accuracy  : 0.9518  (95.2%)
  F1 Score  : 0.9521  (weighted avg)
  Recall    : 0.9518  (weighted avg)
  Precision : 0.9537  (weighted avg)
  CE Loss   : 0.2991

  📋 Classification Report:
                   precision    recall  f1-score   support
     
              low       0.99      0.99      0.99        69
           medium       0.93      0.96      0.94        53
             high       0.75      0.86      0.80         7
           urgent       0.97      0.89      0.93        37
     
         accuracy                           0.95       166
        macro avg       0.91      0.92      0.91       166
     weighted avg       0.95      0.95      0.95       166
     
  ──────────────────────────────────────────────────
  📊 ENSEMBLE  : Accuracy= 95.8% | Loss=0.2820 | R²=0.9542 | MAE=0.3736
  📊 LIGHTGBM  : Accuracy= 96.4% | Loss=0.2649 | R²=0.9660 | MAE=0.3243
  📊 XGBOOST   : Accuracy= 94.6% | Loss=0.3161 | R²=0.9236 | MAE=0.4245
  📊 LSTM      : Accuracy= 83.7% | Loss=0.6233 | R²=0.5874 | MAE=1.0561
✅ ห้องบรรยาย2209.... [ห้องบรรยาย] +LSTM✓  R²:0.954  MAE:0.37ชม  sMAPE:31.8%  Acc:0.952  F1:0.952  conf:68.2%

🏠 ห้องบรรยาย2305
   🧠 [1/3] LSTM (Primary) – ห้องบรรยาย2305
      📈 LSTM training history: epochs=60 train_loss=0.9720 val_loss=1.1773 train_acc=0.7219 val_acc=0.5723
         ✅ success
   🌿 [2/3] LightGBM (Support)
   ⚡ [3/3] XGBoost (Support)
    🟢 LightGBM training: TrainLoss=0.3105 CalLoss=0.2777 TrainAcc=0.9547 CalAcc=0.9398
    ⚡ XGBoost training: TrainLoss=0.2638 CalLoss=0.3104 TrainAcc=0.9702 CalAcc=0.9277

  🎯 ENSEMBLE – ห้องบรรยาย2305 [id=458]

  📊 Classification Metrics – ห้องบรรยาย2305 [id=458]
  ──────────────────────────────────────────────────
  Accuracy  : 0.9518  (95.2%)
  F1 Score  : 0.9518  (weighted avg)
  Recall    : 0.9518  (weighted avg)
  Precision : 0.9529  (weighted avg)
  CE Loss   : 0.2991

  📋 Classification Report:
                   precision    recall  f1-score   support
     
              low       0.99      0.99      0.99        69
           medium       0.91      0.96      0.94        53
             high       0.86      0.86      0.86         7
           urgent       0.97      0.89      0.93        37
     
         accuracy                           0.95       166
        macro avg       0.93      0.92      0.93       166
     weighted avg       0.95      0.95      0.95       166
     
  ──────────────────────────────────────────────────
  📊 ENSEMBLE  : Accuracy= 97.6% | Loss=0.2308 | R²=0.9553 | MAE=0.3658
  📊 LIGHTGBM  : Accuracy= 96.4% | Loss=0.2649 | R²=0.9660 | MAE=0.3243
  📊 XGBOOST   : Accuracy= 94.6% | Loss=0.3161 | R²=0.9236 | MAE=0.4245
  📊 LSTM      : Accuracy= 76.5% | Loss=0.8282 | R²=0.5569 | MAE=1.0892
✅ ห้องบรรยาย2305.... [ห้องบรรยาย] +LSTM✓  R²:0.955  MAE:0.37ชม  sMAPE:31.6%  Acc:0.952  F1:0.952  conf:68.4%

🏠 1C-MEETING
   🧠 [1/3] LSTM (Primary) – 1C-MEETING
      📈 LSTM training history: epochs=60 train_loss=0.2993 val_loss=0.1888 train_acc=0.9145 val_acc=0.9650
         ✅ success
   🌿 [2/3] LightGBM (Support)
   ⚡ [3/3] XGBoost (Support)
    🟢 LightGBM training: TrainLoss=0.0395 CalLoss=0.0161 TrainAcc=0.9955 CalAcc=0.9860
    ⚡ XGBoost training: TrainLoss=0.0327 CalLoss=0.0223 TrainAcc=0.9955 CalAcc=0.9860

  🎯 ENSEMBLE – 1C-MEETING [id=459]

  📊 Classification Metrics – 1C-MEETING [id=459]
  ──────────────────────────────────────────────────
  Accuracy  : 0.9931  (99.3%)
  F1 Score  : 0.9896  (weighted avg)
  Recall    : 0.9931  (weighted avg)
  Precision : 0.9862  (weighted avg)
  CE Loss   : 0.1822

  📋 Classification Report:
                   precision    recall  f1-score   support
     
              low       0.99      1.00      1.00       140
           medium       0.00      0.00      0.00         1
             high       0.00      0.00      0.00         0
           urgent       1.00      1.00      1.00         3
     
         accuracy                           0.99       144
        macro avg       0.50      0.50      0.50       144
     weighted avg       0.99      0.99      0.99       144
     
  ──────────────────────────────────────────────────
  📊 ENSEMBLE  : Accuracy=100.0% | Loss=0.1625 | R²=0.6974 | MAE=0.1276
  📊 LIGHTGBM  : Accuracy=100.0% | Loss=0.1625 | R²=0.9797 | MAE=0.0115
  📊 XGBOOST   : Accuracy=100.0% | Loss=0.1625 | R²=-0.6510 | MAE=0.2924
  📊 LSTM      : Accuracy= 98.6% | Loss=0.2019 | R²=-0.0415 | MAE=0.0938
✅ 1C-MEETING........ [ห้องประชุม] [no LSTM]  R²:0.697  MAE:0.13ชม  sMAPE:55.1%  Acc:0.993  F1:0.990  conf:44.9%

🏠 POL123(สำนักงานชั้น1)
   🧠 [1/3] LSTM (Primary) – POL123(สำนักงานชั้น1)
      📈 LSTM training history: epochs=60 train_loss=0.2995 val_loss=0.1890 train_acc=0.9145 val_acc=0.9650
         ✅ success
   🌿 [2/3] LightGBM (Support)
   ⚡ [3/3] XGBoost (Support)
    🟢 LightGBM training: TrainLoss=0.0395 CalLoss=0.0161 TrainAcc=0.9955 CalAcc=0.9860
    ⚡ XGBoost training: TrainLoss=0.0327 CalLoss=0.0223 TrainAcc=0.9955 CalAcc=0.9860

  🎯 ENSEMBLE – POL123(สำนักงานชั้น1) [id=460]

  📊 Classification Metrics – POL123(สำนักงานชั้น1) [id=460]
  ──────────────────────────────────────────────────
  Accuracy  : 0.9931  (99.3%)
  F1 Score  : 0.9896  (weighted avg)
  Recall    : 0.9931  (weighted avg)
  Precision : 0.9862  (weighted avg)
  CE Loss   : 0.1822

  📋 Classification Report:
                   precision    recall  f1-score   support
     
              low       0.99      1.00      1.00       140
           medium       0.00      0.00      0.00         1
             high       0.00      0.00      0.00         0
           urgent       1.00      1.00      1.00         3
     
         accuracy                           0.99       144
        macro avg       0.50      0.50      0.50       144
     weighted avg       0.99      0.99      0.99       144
     
  ──────────────────────────────────────────────────
  📊 ENSEMBLE  : Accuracy=100.0% | Loss=0.1625 | R²=0.6974 | MAE=0.1276
  📊 LIGHTGBM  : Accuracy=100.0% | Loss=0.1625 | R²=0.9797 | MAE=0.0115
  📊 XGBOOST   : Accuracy=100.0% | Loss=0.1625 | R²=-0.6510 | MAE=0.2924
  📊 LSTM      : Accuracy= 98.6% | Loss=0.2019 | R²=-0.0413 | MAE=0.0940
✅ POL123(สำนักงานชั้น1) [ห้องประชุม] [no LSTM]  R²:0.697  MAE:0.13ชม  sMAPE:55.1%  Acc:0.993  F1:0.990  conf:44.9%

🏠 POL228ห้องเรียนชั้น2
   🧠 [1/3] LSTM (Primary) – POL228ห้องเรียนชั้น2
      📈 LSTM training history: epochs=60 train_loss=0.9288 val_loss=1.1012 train_acc=0.7107 val_acc=0.6386
         ✅ success
   🌿 [2/3] LightGBM (Support)
   ⚡ [3/3] XGBoost (Support)
    🟢 LightGBM training: TrainLoss=0.3105 CalLoss=0.2777 TrainAcc=0.9547 CalAcc=0.9398
    ⚡ XGBoost training: TrainLoss=0.2638 CalLoss=0.3104 TrainAcc=0.9702 CalAcc=0.9277

  🎯 ENSEMBLE – POL228ห้องเรียนชั้น2 [id=461]

  📊 Classification Metrics – POL228ห้องเรียนชั้น2 [id=461]
  ──────────────────────────────────────────────────
  Accuracy  : 0.9337  (93.4%)
  F1 Score  : 0.9336  (weighted avg)
  Recall    : 0.9337  (weighted avg)
  Precision : 0.9337  (weighted avg)
  CE Loss   : 0.3503

  📋 Classification Report:
                   precision    recall  f1-score   support
     
              low       0.99      0.99      0.99        69
           medium       0.93      0.94      0.93        53
             high       0.57      0.57      0.57         7
           urgent       0.92      0.89      0.90        37
     
         accuracy                           0.93       166
        macro avg       0.85      0.85      0.85       166
     weighted avg       0.93      0.93      0.93       166
     
  ──────────────────────────────────────────────────
  📊 ENSEMBLE  : Accuracy= 96.4% | Loss=0.2649 | R²=0.9547 | MAE=0.3719
  📊 LIGHTGBM  : Accuracy= 96.4% | Loss=0.2649 | R²=0.9660 | MAE=0.3243
  📊 XGBOOST   : Accuracy= 94.6% | Loss=0.3161 | R²=0.9236 | MAE=0.4245
  📊 LSTM      : Accuracy= 84.3% | Loss=0.6063 | R²=0.6075 | MAE=1.0335
✅ POL228ห้องเรียนชั้น2 [ห้องเรียน ] +LSTM✓  R²:0.955  MAE:0.37ชม  sMAPE:31.8%  Acc:0.934  F1:0.934  conf:68.2%

🏠 POLSMARTCLASSROOM(C)
   🧠 [1/3] LSTM (Primary) – POLSMARTCLASSROOM(C)
      📈 LSTM training history: epochs=60 train_loss=0.9172 val_loss=1.0697 train_acc=0.7191 val_acc=0.6506
         ✅ success
   🌿 [2/3] LightGBM (Support)
   ⚡ [3/3] XGBoost (Support)
    🟢 LightGBM training: TrainLoss=0.3105 CalLoss=0.2777 TrainAcc=0.9547 CalAcc=0.9398
    ⚡ XGBoost training: TrainLoss=0.2638 CalLoss=0.3104 TrainAcc=0.9702 CalAcc=0.9277

  🎯 ENSEMBLE – POLSMARTCLASSROOM(C) [id=462]

  📊 Classification Metrics – POLSMARTCLASSROOM(C) [id=462]
  ──────────────────────────────────────────────────
  Accuracy  : 0.9398  (94.0%)
  F1 Score  : 0.9403  (weighted avg)
  Recall    : 0.9398  (weighted avg)
  Precision : 0.9429  (weighted avg)
  CE Loss   : 0.3332

  📋 Classification Report:
                   precision    recall  f1-score   support
     
              low       0.99      0.99      0.99        69
           medium       0.91      0.96      0.94        53
             high       0.62      0.71      0.67         7
           urgent       0.97      0.86      0.91        37
     
         accuracy                           0.94       166
        macro avg       0.87      0.88      0.88       166
     weighted avg       0.94      0.94      0.94       166
     
  ──────────────────────────────────────────────────
  📊 ENSEMBLE  : Accuracy= 97.0% | Loss=0.2479 | R²=0.9543 | MAE=0.3731
  📊 LIGHTGBM  : Accuracy= 96.4% | Loss=0.2649 | R²=0.9660 | MAE=0.3243
  📊 XGBOOST   : Accuracy= 94.6% | Loss=0.3161 | R²=0.9236 | MAE=0.4245
  📊 LSTM      : Accuracy= 83.7% | Loss=0.6233 | R²=0.6340 | MAE=1.0253
✅ POLSMARTCLASSROOM(C) [smart classroom] +LSTM✓  R²:0.954  MAE:0.37ชม  sMAPE:31.7%  Acc:0.940  F1:0.940  conf:68.3%

🏠 BIOACTIVELEARNING(บรรยาย5ชั้น1)
   🧠 [1/3] LSTM (Primary) – BIOACTIVELEARNING(บรรยาย5ชั้น1)
      📈 LSTM training history: epochs=60 train_loss=0.9428 val_loss=1.0655 train_acc=0.7177 val_acc=0.6807
         ✅ success
   🌿 [2/3] LightGBM (Support)
   ⚡ [3/3] XGBoost (Support)
    🟢 LightGBM training: TrainLoss=0.3105 CalLoss=0.2777 TrainAcc=0.9547 CalAcc=0.9398
    ⚡ XGBoost training: TrainLoss=0.2638 CalLoss=0.3104 TrainAcc=0.9702 CalAcc=0.9277

  🎯 ENSEMBLE – BIOACTIVELEARNING(บรรยาย5ชั้น1) [id=463]

  📊 Classification Metrics – BIOACTIVELEARNING(บรรยาย5ชั้น1) [id=463]
  ──────────────────────────────────────────────────
  Accuracy  : 0.9458  (94.6%)
  F1 Score  : 0.9457  (weighted avg)
  Recall    : 0.9458  (weighted avg)
  Precision : 0.9469  (weighted avg)
  CE Loss   : 0.3161

  📋 Classification Report:
                   precision    recall  f1-score   support
     
              low       0.99      0.99      0.99        69
           medium       0.91      0.96      0.94        53
             high       0.71      0.71      0.71         7
           urgent       0.97      0.89      0.93        37
     
         accuracy                           0.95       166
        macro avg       0.90      0.89      0.89       166
     weighted avg       0.95      0.95      0.95       166
     
  ──────────────────────────────────────────────────
  📊 ENSEMBLE  : Accuracy= 97.0% | Loss=0.2479 | R²=0.9543 | MAE=0.3726
  📊 LIGHTGBM  : Accuracy= 96.4% | Loss=0.2649 | R²=0.9660 | MAE=0.3243
  📊 XGBOOST   : Accuracy= 94.6% | Loss=0.3161 | R²=0.9236 | MAE=0.4245
  📊 LSTM      : Accuracy= 81.9% | Loss=0.6745 | R²=0.6469 | MAE=0.9973
✅ BIOACTIVELEARNING(บรรยาย5ชั้น1) [ห้องเรียน/active learning] +LSTM✓  R²:0.954  MAE:0.37ชม  sMAPE:31.7%  Acc:0.946  F1:0.946  conf:68.3%

🏠 BIO1ห้องบรรยาย1ชั้น1
   🧠 [1/3] LSTM (Primary) – BIO1ห้องบรรยาย1ชั้น1
      📈 LSTM training history: epochs=60 train_loss=0.9058 val_loss=1.0895 train_acc=0.7261 val_acc=0.6205
         ✅ success
   🌿 [2/3] LightGBM (Support)
   ⚡ [3/3] XGBoost (Support)
    🟢 LightGBM training: TrainLoss=0.3105 CalLoss=0.2777 TrainAcc=0.9547 CalAcc=0.9398
    ⚡ XGBoost training: TrainLoss=0.2638 CalLoss=0.3104 TrainAcc=0.9702 CalAcc=0.9277

  🎯 ENSEMBLE – BIO1ห้องบรรยาย1ชั้น1 [id=464]

  📊 Classification Metrics – BIO1ห้องบรรยาย1ชั้น1 [id=464]
  ──────────────────────────────────────────────────
  Accuracy  : 0.9458  (94.6%)
  F1 Score  : 0.9457  (weighted avg)
  Recall    : 0.9458  (weighted avg)
  Precision : 0.9469  (weighted avg)
  CE Loss   : 0.3161

  📋 Classification Report:
                   precision    recall  f1-score   support
     
              low       0.99      0.99      0.99        69
           medium       0.91      0.96      0.94        53
             high       0.71      0.71      0.71         7
           urgent       0.97      0.89      0.93        37
     
         accuracy                           0.95       166
        macro avg       0.90      0.89      0.89       166
     weighted avg       0.95      0.95      0.95       166
     
  ──────────────────────────────────────────────────
  📊 ENSEMBLE  : Accuracy= 97.6% | Loss=0.2308 | R²=0.9544 | MAE=0.3727
  📊 LIGHTGBM  : Accuracy= 96.4% | Loss=0.2649 | R²=0.9660 | MAE=0.3243
  📊 XGBOOST   : Accuracy= 94.6% | Loss=0.3161 | R²=0.9236 | MAE=0.4245
  📊 LSTM      : Accuracy= 83.1% | Loss=0.6404 | R²=0.6184 | MAE=1.0121
✅ BIO1ห้องบรรยาย1ชั้น1 [ห้องบรรยาย] +LSTM✓  R²:0.954  MAE:0.37ชม  sMAPE:31.8%  Acc:0.946  F1:0.946  conf:68.2%

🏠 BIO3ห้องบรรยาย3ชั้น3
   🧠 [1/3] LSTM (Primary) – BIO3ห้องบรรยาย3ชั้น3
      📈 LSTM training history: epochs=60 train_loss=0.9212 val_loss=1.0913 train_acc=0.7022 val_acc=0.6506
         ✅ success
   🌿 [2/3] LightGBM (Support)
   ⚡ [3/3] XGBoost (Support)
    🟢 LightGBM training: TrainLoss=0.3105 CalLoss=0.2777 TrainAcc=0.9547 CalAcc=0.9398
    ⚡ XGBoost training: TrainLoss=0.2638 CalLoss=0.3104 TrainAcc=0.9702 CalAcc=0.9277

  🎯 ENSEMBLE – BIO3ห้องบรรยาย3ชั้น3 [id=465]

  📊 Classification Metrics – BIO3ห้องบรรยาย3ชั้น3 [id=465]
  ──────────────────────────────────────────────────
  Accuracy  : 0.9458  (94.6%)
  F1 Score  : 0.9457  (weighted avg)
  Recall    : 0.9458  (weighted avg)
  Precision : 0.9469  (weighted avg)
  CE Loss   : 0.3161

  📋 Classification Report:
                   precision    recall  f1-score   support
     
              low       0.99      0.99      0.99        69
           medium       0.91      0.96      0.94        53
             high       0.71      0.71      0.71         7
           urgent       0.97      0.89      0.93        37
     
         accuracy                           0.95       166
        macro avg       0.90      0.89      0.89       166
     weighted avg       0.95      0.95      0.95       166
     
  ──────────────────────────────────────────────────
  📊 ENSEMBLE  : Accuracy= 97.6% | Loss=0.2308 | R²=0.9539 | MAE=0.3738
  📊 LIGHTGBM  : Accuracy= 96.4% | Loss=0.2649 | R²=0.9660 | MAE=0.3243
  📊 XGBOOST   : Accuracy= 94.6% | Loss=0.3161 | R²=0.9236 | MAE=0.4245
  📊 LSTM      : Accuracy= 80.1% | Loss=0.7257 | R²=0.5886 | MAE=1.0588
✅ BIO3ห้องบรรยาย3ชั้น3 [ห้องบรรยาย] +LSTM✓  R²:0.954  MAE:0.37ชม  sMAPE:31.8%  Acc:0.946  F1:0.946  conf:68.2%

🏠 BIO4ห้องบรรยาย4ชั้น1
   🧠 [1/3] LSTM (Primary) – BIO4ห้องบรรยาย4ชั้น1
      📈 LSTM training history: epochs=60 train_loss=0.9493 val_loss=1.0753 train_acc=0.7261 val_acc=0.6145
         ✅ success
   🌿 [2/3] LightGBM (Support)
   ⚡ [3/3] XGBoost (Support)
    🟢 LightGBM training: TrainLoss=0.3105 CalLoss=0.2777 TrainAcc=0.9547 CalAcc=0.9398
    ⚡ XGBoost training: TrainLoss=0.2638 CalLoss=0.3104 TrainAcc=0.9702 CalAcc=0.9277

  🎯 ENSEMBLE – BIO4ห้องบรรยาย4ชั้น1 [id=466]

  📊 Classification Metrics – BIO4ห้องบรรยาย4ชั้น1 [id=466]
  ──────────────────────────────────────────────────
  Accuracy  : 0.9337  (93.4%)
  F1 Score  : 0.9334  (weighted avg)
  Recall    : 0.9337  (weighted avg)
  Precision : 0.9336  (weighted avg)
  CE Loss   : 0.3503

  📋 Classification Report:
                   precision    recall  f1-score   support
     
              low       0.99      0.99      0.99        69
           medium       0.93      0.96      0.94        53
             high       0.57      0.57      0.57         7
           urgent       0.91      0.86      0.89        37
     
         accuracy                           0.93       166
        macro avg       0.85      0.85      0.85       166
     weighted avg       0.93      0.93      0.93       166
     
  ──────────────────────────────────────────────────
  📊 ENSEMBLE  : Accuracy= 96.4% | Loss=0.2649 | R²=0.9542 | MAE=0.3754
  📊 LIGHTGBM  : Accuracy= 96.4% | Loss=0.2649 | R²=0.9660 | MAE=0.3243
  📊 XGBOOST   : Accuracy= 94.6% | Loss=0.3161 | R²=0.9236 | MAE=0.4245
  📊 LSTM      : Accuracy= 84.9% | Loss=0.5892 | R²=0.6357 | MAE=1.0119
✅ BIO4ห้องบรรยาย4ชั้น1 [ห้องบรรยาย] +LSTM✓  R²:0.954  MAE:0.38ชม  sMAPE:31.8%  Acc:0.934  F1:0.933  conf:68.2%

🏠 SC302ชั้น3
   🧠 [1/3] LSTM (Primary) – SC302ชั้น3
      📈 LSTM training history: epochs=60 train_loss=0.9134 val_loss=1.0670 train_acc=0.7360 val_acc=0.6325
         ✅ success
   🌿 [2/3] LightGBM (Support)
   ⚡ [3/3] XGBoost (Support)
    🟢 LightGBM training: TrainLoss=0.3105 CalLoss=0.2777 TrainAcc=0.9547 CalAcc=0.9398
    ⚡ XGBoost training: TrainLoss=0.2638 CalLoss=0.3104 TrainAcc=0.9702 CalAcc=0.9277

  🎯 ENSEMBLE – SC302ชั้น3 [id=467]

  📊 Classification Metrics – SC302ชั้น3 [id=467]
  ──────────────────────────────────────────────────
  Accuracy  : 0.9398  (94.0%)
  F1 Score  : 0.9402  (weighted avg)
  Recall    : 0.9398  (weighted avg)
  Precision : 0.9418  (weighted avg)
  CE Loss   : 0.3332

  📋 Classification Report:
                   precision    recall  f1-score   support
     
              low       0.99      0.99      0.99        69
           medium       0.93      0.96      0.94        53
             high       0.62      0.71      0.67         7
           urgent       0.94      0.86      0.90        37
     
         accuracy                           0.94       166
        macro avg       0.87      0.88      0.87       166
     weighted avg       0.94      0.94      0.94       166
     
  ──────────────────────────────────────────────────
  📊 ENSEMBLE  : Accuracy= 97.0% | Loss=0.2479 | R²=0.9544 | MAE=0.3722
  📊 LIGHTGBM  : Accuracy= 96.4% | Loss=0.2649 | R²=0.9660 | MAE=0.3243
  📊 XGBOOST   : Accuracy= 94.6% | Loss=0.3161 | R²=0.9236 | MAE=0.4245
  📊 LSTM      : Accuracy= 81.9% | Loss=0.6745 | R²=0.6143 | MAE=1.0231
✅ SC302ชั้น3........ [ห้องเรียน/ประชุม] +LSTM✓  R²:0.954  MAE:0.37ชม  sMAPE:31.7%  Acc:0.940  F1:0.940  conf:68.3%

🏠 SC349ชั้น3
   🧠 [1/3] LSTM (Primary) – SC349ชั้น3
      📈 LSTM training history: epochs=60 train_loss=0.9303 val_loss=1.1309 train_acc=0.7163 val_acc=0.6145
         ✅ success
   🌿 [2/3] LightGBM (Support)
   ⚡ [3/3] XGBoost (Support)
    🟢 LightGBM training: TrainLoss=0.3105 CalLoss=0.2777 TrainAcc=0.9547 CalAcc=0.9398
    ⚡ XGBoost training: TrainLoss=0.2638 CalLoss=0.3104 TrainAcc=0.9702 CalAcc=0.9277

  🎯 ENSEMBLE – SC349ชั้น3 [id=468]

  📊 Classification Metrics – SC349ชั้น3 [id=468]
  ──────────────────────────────────────────────────
  Accuracy  : 0.9458  (94.6%)
  F1 Score  : 0.9466  (weighted avg)
  Recall    : 0.9458  (weighted avg)
  Precision : 0.9499  (weighted avg)
  CE Loss   : 0.3161

  📋 Classification Report:
                   precision    recall  f1-score   support
     
              low       0.99      0.99      0.99        69
           medium       0.93      0.96      0.94        53
             high       0.67      0.86      0.75         7
           urgent       0.97      0.86      0.91        37
     
         accuracy                           0.95       166
        macro avg       0.89      0.92      0.90       166
     weighted avg       0.95      0.95      0.95       166
     
  ──────────────────────────────────────────────────
  📊 ENSEMBLE  : Accuracy= 97.0% | Loss=0.2479 | R²=0.9545 | MAE=0.3702
  📊 LIGHTGBM  : Accuracy= 96.4% | Loss=0.2649 | R²=0.9660 | MAE=0.3243
  📊 XGBOOST   : Accuracy= 94.6% | Loss=0.3161 | R²=0.9236 | MAE=0.4245
  📊 LSTM      : Accuracy= 78.9% | Loss=0.7599 | R²=0.5488 | MAE=1.1141
✅ SC349ชั้น3........ [ห้องเรียน/ประชุม] +LSTM✓  R²:0.955  MAE:0.37ชม  sMAPE:31.6%  Acc:0.946  F1:0.947  conf:68.4%

🏠 SC350ชั้น3
   🧠 [1/3] LSTM (Primary) – SC350ชั้น3
      📈 LSTM training history: epochs=60 train_loss=0.9399 val_loss=1.0732 train_acc=0.7149 val_acc=0.6386
         ✅ success
   🌿 [2/3] LightGBM (Support)
   ⚡ [3/3] XGBoost (Support)
    🟢 LightGBM training: TrainLoss=0.3105 CalLoss=0.2777 TrainAcc=0.9547 CalAcc=0.9398
    ⚡ XGBoost training: TrainLoss=0.2638 CalLoss=0.3104 TrainAcc=0.9702 CalAcc=0.9277

  🎯 ENSEMBLE – SC350ชั้น3 [id=469]

  📊 Classification Metrics – SC350ชั้น3 [id=469]
  ──────────────────────────────────────────────────
  Accuracy  : 0.9398  (94.0%)
  F1 Score  : 0.9403  (weighted avg)
  Recall    : 0.9398  (weighted avg)
  Precision : 0.9429  (weighted avg)
  CE Loss   : 0.3332

  📋 Classification Report:
                   precision    recall  f1-score   support
     
              low       0.99      0.99      0.99        69
           medium       0.91      0.96      0.94        53
             high       0.62      0.71      0.67         7
           urgent       0.97      0.86      0.91        37
     
         accuracy                           0.94       166
        macro avg       0.87      0.88      0.88       166
     weighted avg       0.94      0.94      0.94       166
     
  ──────────────────────────────────────────────────
  📊 ENSEMBLE  : Accuracy= 97.6% | Loss=0.2308 | R²=0.9540 | MAE=0.3738
  📊 LIGHTGBM  : Accuracy= 96.4% | Loss=0.2649 | R²=0.9660 | MAE=0.3243
  📊 XGBOOST   : Accuracy= 94.6% | Loss=0.3161 | R²=0.9236 | MAE=0.4245
  📊 LSTM      : Accuracy= 81.9% | Loss=0.6745 | R²=0.5804 | MAE=1.0758
✅ SC350ชั้น3........ [ห้องเรียน/ประชุม] +LSTM✓  R²:0.954  MAE:0.37ชม  sMAPE:31.8%  Acc:0.940  F1:0.940  conf:68.2%

🏠 EN6206ปฏิบัติการคอมพิวเตอร์
   🧠 [1/3] LSTM (Primary) – EN6206ปฏิบัติการคอมพิวเตอร์
      📈 LSTM training history: epochs=60 train_loss=1.0129 val_loss=1.3151 train_acc=0.7342 val_acc=0.5939
         ✅ success
   🌿 [2/3] LightGBM (Support)
   ⚡ [3/3] XGBoost (Support)
    🟢 LightGBM training: TrainLoss=0.3553 CalLoss=0.3495 TrainAcc=0.9468 CalAcc=0.9152
    ⚡ XGBoost training: TrainLoss=0.2903 CalLoss=0.3364 TrainAcc=0.9741 CalAcc=0.8909

  🎯 ENSEMBLE – EN6206ปฏิบัติการคอมพิวเตอร์ [id=470]

  📊 Classification Metrics – EN6206ปฏิบัติการคอมพิวเตอร์ [id=470]
  ──────────────────────────────────────────────────
  Accuracy  : 0.9337  (93.4%)
  F1 Score  : 0.9335  (weighted avg)
  Recall    : 0.9337  (weighted avg)
  Precision : 0.9338  (weighted avg)
  CE Loss   : 0.3503

  📋 Classification Report:
                   precision    recall  f1-score   support
     
              low       0.99      0.99      0.99        69
           medium       0.93      0.96      0.95        57
             high       0.43      0.43      0.43         7
           urgent       0.94      0.88      0.91        33
     
         accuracy                           0.93       166
        macro avg       0.82      0.81      0.82       166
     weighted avg       0.93      0.93      0.93       166
     
  ──────────────────────────────────────────────────
  📊 ENSEMBLE  : Accuracy= 95.2% | Loss=0.2991 | R²=0.9636 | MAE=0.3762
  📊 LIGHTGBM  : Accuracy= 95.8% | Loss=0.2820 | R²=0.9640 | MAE=0.3705
  📊 XGBOOST   : Accuracy= 96.4% | Loss=0.2649 | R²=0.9630 | MAE=0.3825
  📊 LSTM      : Accuracy= 78.9% | Loss=0.7599 | R²=0.5856 | MAE=1.1814
✅ EN6206ปฏิบัติการคอมพิวเตอร์ [ห้องปฏิบัติการคอมพิวเตอร์] +LSTM✓  R²:0.964  MAE:0.38ชม  sMAPE:32.5%  Acc:0.934  F1:0.933  conf:67.5%

🏠 1C-MEETING
   🧠 [1/3] LSTM (Primary) – 1C-MEETING
      📈 LSTM training history: epochs=60 train_loss=0.2993 val_loss=0.1888 train_acc=0.9145 val_acc=0.9650
         ✅ success
   🌿 [2/3] LightGBM (Support)
   ⚡ [3/3] XGBoost (Support)
    🟢 LightGBM training: TrainLoss=0.0395 CalLoss=0.0161 TrainAcc=0.9955 CalAcc=0.9860
    ⚡ XGBoost training: TrainLoss=0.0327 CalLoss=0.0223 TrainAcc=0.9955 CalAcc=0.9860

  🎯 ENSEMBLE – 1C-MEETING [id=471]

  📊 Classification Metrics – 1C-MEETING [id=471]
  ──────────────────────────────────────────────────
  Accuracy  : 0.9931  (99.3%)
  F1 Score  : 0.9896  (weighted avg)
  Recall    : 0.9931  (weighted avg)
  Precision : 0.9862  (weighted avg)
  CE Loss   : 0.1822

  📋 Classification Report:
                   precision    recall  f1-score   support
     
              low       0.99      1.00      1.00       140
           medium       0.00      0.00      0.00         1
             high       0.00      0.00      0.00         0
           urgent       1.00      1.00      1.00         3
     
         accuracy                           0.99       144
        macro avg       0.50      0.50      0.50       144
     weighted avg       0.99      0.99      0.99       144
     
  ──────────────────────────────────────────────────
  📊 ENSEMBLE  : Accuracy=100.0% | Loss=0.1625 | R²=0.6974 | MAE=0.1276
  📊 LIGHTGBM  : Accuracy=100.0% | Loss=0.1625 | R²=0.9797 | MAE=0.0115
  📊 XGBOOST   : Accuracy=100.0% | Loss=0.1625 | R²=-0.6510 | MAE=0.2924
  📊 LSTM      : Accuracy= 98.6% | Loss=0.2019 | R²=-0.0415 | MAE=0.0938
✅ 1C-MEETING........ [ห้องประชุม] [no LSTM]  R²:0.697  MAE:0.13ชม  sMAPE:55.1%  Acc:0.993  F1:0.990  conf:44.9%

🏠 ลานกิจกรรมEN6ชั้น1ZONEB
   🧠 [1/3] LSTM (Primary) – ลานกิจกรรมEN6ชั้น1ZONEB
      📈 LSTM training history: epochs=60 train_loss=0.9186 val_loss=1.1087 train_acc=0.7360 val_acc=0.6205
         ✅ success
   🌿 [2/3] LightGBM (Support)
   ⚡ [3/3] XGBoost (Support)
    🟢 LightGBM training: TrainLoss=0.3105 CalLoss=0.2777 TrainAcc=0.9547 CalAcc=0.9398
    ⚡ XGBoost training: TrainLoss=0.2638 CalLoss=0.3104 TrainAcc=0.9702 CalAcc=0.9277

  🎯 ENSEMBLE – ลานกิจกรรมEN6ชั้น1ZONEB [id=472]

  📊 Classification Metrics – ลานกิจกรรมEN6ชั้น1ZONEB [id=472]
  ──────────────────────────────────────────────────
  Accuracy  : 0.9458  (94.6%)
  F1 Score  : 0.9457  (weighted avg)
  Recall    : 0.9458  (weighted avg)
  Precision : 0.9469  (weighted avg)
  CE Loss   : 0.3161

  📋 Classification Report:
                   precision    recall  f1-score   support
     
              low       0.99      0.99      0.99        69
           medium       0.91      0.96      0.94        53
             high       0.71      0.71      0.71         7
           urgent       0.97      0.89      0.93        37
     
         accuracy                           0.95       166
        macro avg       0.90      0.89      0.89       166
     weighted avg       0.95      0.95      0.95       166
     
  ──────────────────────────────────────────────────
  📊 ENSEMBLE  : Accuracy= 97.6% | Loss=0.2308 | R²=0.9547 | MAE=0.3709
  📊 LIGHTGBM  : Accuracy= 96.4% | Loss=0.2649 | R²=0.9660 | MAE=0.3243
  📊 XGBOOST   : Accuracy= 94.6% | Loss=0.3161 | R²=0.9236 | MAE=0.4245
  📊 LSTM      : Accuracy= 83.1% | Loss=0.6404 | R²=0.6201 | MAE=1.0426
✅ ลานกิจกรรมEN6ชั้น1ZONEB [ลานกิจกรรม] +LSTM✓  R²:0.955  MAE:0.37ชม  sMAPE:31.7%  Acc:0.946  F1:0.946  conf:68.3%

🏠 AGCOMPUTER1
   🧠 [1/3] LSTM (Primary) – AGCOMPUTER1
      📈 LSTM training history: epochs=60 train_loss=0.9902 val_loss=1.2240 train_acc=0.7440 val_acc=0.5879
         ✅ success
   🌿 [2/3] LightGBM (Support)
   ⚡ [3/3] XGBoost (Support)
    🟢 LightGBM training: TrainLoss=0.3553 CalLoss=0.3495 TrainAcc=0.9468 CalAcc=0.9152
    ⚡ XGBoost training: TrainLoss=0.2903 CalLoss=0.3364 TrainAcc=0.9741 CalAcc=0.8909

  🎯 ENSEMBLE – AGCOMPUTER1 [id=473]

  📊 Classification Metrics – AGCOMPUTER1 [id=473]
  ──────────────────────────────────────────────────
  Accuracy  : 0.9337  (93.4%)
  F1 Score  : 0.9337  (weighted avg)
  Recall    : 0.9337  (weighted avg)
  Precision : 0.9338  (weighted avg)
  CE Loss   : 0.3503

  📋 Classification Report:
                   precision    recall  f1-score   support
     
              low       0.99      0.99      0.99        69
           medium       0.93      0.95      0.94        57
             high       0.43      0.43      0.43         7
           urgent       0.94      0.91      0.92        33
     
         accuracy                           0.93       166
        macro avg       0.82      0.82      0.82       166
     weighted avg       0.93      0.93      0.93       166
     
  ──────────────────────────────────────────────────
  📊 ENSEMBLE  : Accuracy= 95.2% | Loss=0.2991 | R²=0.9631 | MAE=0.3798
  📊 LIGHTGBM  : Accuracy= 95.8% | Loss=0.2820 | R²=0.9640 | MAE=0.3705
  📊 XGBOOST   : Accuracy= 96.4% | Loss=0.2649 | R²=0.9630 | MAE=0.3825
  📊 LSTM      : Accuracy= 81.3% | Loss=0.6916 | R²=0.5772 | MAE=1.2018
✅ AGCOMPUTER1....... [ห้องปฏิบัติการคอมพิวเตอร์] +LSTM✓  R²:0.963  MAE:0.38ชม  sMAPE:32.7%  Acc:0.934  F1:0.934  conf:67.3%

🏠 AGCOMPUTER2
   🧠 [1/3] LSTM (Primary) – AGCOMPUTER2
      📈 LSTM training history: epochs=60 train_loss=0.9949 val_loss=1.2010 train_acc=0.7581 val_acc=0.6182
         ✅ success
   🌿 [2/3] LightGBM (Support)
   ⚡ [3/3] XGBoost (Support)
    🟢 LightGBM training: TrainLoss=0.3553 CalLoss=0.3495 TrainAcc=0.9468 CalAcc=0.9152
    ⚡ XGBoost training: TrainLoss=0.2903 CalLoss=0.3364 TrainAcc=0.9741 CalAcc=0.8909

  🎯 ENSEMBLE – AGCOMPUTER2 [id=474]

  📊 Classification Metrics – AGCOMPUTER2 [id=474]
  ──────────────────────────────────────────────────
  Accuracy  : 0.9398  (94.0%)
  F1 Score  : 0.9382  (weighted avg)
  Recall    : 0.9398  (weighted avg)
  Precision : 0.9372  (weighted avg)
  CE Loss   : 0.3332

  📋 Classification Report:
                   precision    recall  f1-score   support
     
              low       0.99      0.99      0.99        69
           medium       0.93      0.96      0.95        57
             high       0.50      0.43      0.46         7
           urgent       0.94      0.91      0.92        33
     
         accuracy                           0.94       166
        macro avg       0.84      0.82      0.83       166
     weighted avg       0.94      0.94      0.94       166
     
  ──────────────────────────────────────────────────
  📊 ENSEMBLE  : Accuracy= 95.8% | Loss=0.2820 | R²=0.9634 | MAE=0.3765
  📊 LIGHTGBM  : Accuracy= 95.8% | Loss=0.2820 | R²=0.9640 | MAE=0.3705
  📊 XGBOOST   : Accuracy= 96.4% | Loss=0.2649 | R²=0.9630 | MAE=0.3825
  📊 LSTM      : Accuracy= 81.9% | Loss=0.6745 | R²=0.6136 | MAE=1.1381
✅ AGCOMPUTER2....... [ห้องปฏิบัติการคอมพิวเตอร์] +LSTM✓  R²:0.963  MAE:0.38ชม  sMAPE:32.6%  Acc:0.940  F1:0.938  conf:67.4%

🏠 AGCOMPUTER3
   🧠 [1/3] LSTM (Primary) – AGCOMPUTER3
      📈 LSTM training history: epochs=60 train_loss=1.0192 val_loss=1.1586 train_acc=0.7243 val_acc=0.6303
         ✅ success
   🌿 [2/3] LightGBM (Support)
   ⚡ [3/3] XGBoost (Support)
    🟢 LightGBM training: TrainLoss=0.3553 CalLoss=0.3495 TrainAcc=0.9468 CalAcc=0.9152
    ⚡ XGBoost training: TrainLoss=0.2903 CalLoss=0.3364 TrainAcc=0.9741 CalAcc=0.8909

  🎯 ENSEMBLE – AGCOMPUTER3 [id=475]

  📊 Classification Metrics – AGCOMPUTER3 [id=475]
  ──────────────────────────────────────────────────
  Accuracy  : 0.9277  (92.8%)
  F1 Score  : 0.9288  (weighted avg)
  Recall    : 0.9277  (weighted avg)
  Precision : 0.9311  (weighted avg)
  CE Loss   : 0.3673

  📋 Classification Report:
                   precision    recall  f1-score   support
     
              low       0.99      0.99      0.99        69
           medium       0.93      0.96      0.95        57
             high       0.38      0.43      0.40         7
           urgent       0.93      0.85      0.89        33
     
         accuracy                           0.93       166
        macro avg       0.81      0.81      0.81       166
     weighted avg       0.93      0.93      0.93       166
     
  ──────────────────────────────────────────────────
  📊 ENSEMBLE  : Accuracy= 96.4% | Loss=0.2649 | R²=0.9630 | MAE=0.3798
  📊 LIGHTGBM  : Accuracy= 95.8% | Loss=0.2820 | R²=0.9640 | MAE=0.3705
  📊 XGBOOST   : Accuracy= 96.4% | Loss=0.2649 | R²=0.9630 | MAE=0.3825
  📊 LSTM      : Accuracy= 81.3% | Loss=0.6916 | R²=0.6141 | MAE=1.1525
✅ AGCOMPUTER3....... [ห้องปฏิบัติการคอมพิวเตอร์] +LSTM✓  R²:0.963  MAE:0.38ชม  sMAPE:32.7%  Acc:0.928  F1:0.929  conf:67.3%

🏠 CMP_101ออดิทอเรียม
   🧠 [1/3] LSTM (Primary) – CMP_101ออดิทอเรียม
      📈 LSTM training history: epochs=60 train_loss=0.8566 val_loss=1.1029 train_acc=0.7374 val_acc=0.6265
         ✅ success
   🌿 [2/3] LightGBM (Support)
   ⚡ [3/3] XGBoost (Support)
    🟢 LightGBM training: TrainLoss=0.3105 CalLoss=0.2777 TrainAcc=0.9547 CalAcc=0.9398
    ⚡ XGBoost training: TrainLoss=0.2638 CalLoss=0.3104 TrainAcc=0.9702 CalAcc=0.9277

  🎯 ENSEMBLE – CMP_101ออดิทอเรียม [id=476]

  📊 Classification Metrics – CMP_101ออดิทอเรียม [id=476]
  ──────────────────────────────────────────────────
  Accuracy  : 0.9398  (94.0%)
  F1 Score  : 0.9394  (weighted avg)
  Recall    : 0.9398  (weighted avg)
  Precision : 0.9403  (weighted avg)
  CE Loss   : 0.3332

  📋 Classification Report:
                   precision    recall  f1-score   support
     
              low       0.99      0.99      0.99        69
           medium       0.91      0.96      0.94        53
             high       0.71      0.71      0.71         7
           urgent       0.94      0.86      0.90        37
     
         accuracy                           0.94       166
        macro avg       0.89      0.88      0.88       166
     weighted avg       0.94      0.94      0.94       166
     
  ──────────────────────────────────────────────────
  📊 ENSEMBLE  : Accuracy= 96.4% | Loss=0.2649 | R²=0.9545 | MAE=0.3718
  📊 LIGHTGBM  : Accuracy= 96.4% | Loss=0.2649 | R²=0.9660 | MAE=0.3243
  📊 XGBOOST   : Accuracy= 94.6% | Loss=0.3161 | R²=0.9236 | MAE=0.4245
  📊 LSTM      : Accuracy= 81.3% | Loss=0.6916 | R²=0.5969 | MAE=1.0556
✅ CMP_101ออดิทอเรียม [auditorium] +LSTM✓  R²:0.955  MAE:0.37ชม  sMAPE:31.7%  Acc:0.940  F1:0.939  conf:68.3%

🏠 CMP_103ห้องบรรยาย
   🧠 [1/3] LSTM (Primary) – CMP_103ห้องบรรยาย
      📈 LSTM training history: epochs=60 train_loss=0.8879 val_loss=1.1136 train_acc=0.7360 val_acc=0.6265
         ✅ success
   🌿 [2/3] LightGBM (Support)
   ⚡ [3/3] XGBoost (Support)
    🟢 LightGBM training: TrainLoss=0.3105 CalLoss=0.2777 TrainAcc=0.9547 CalAcc=0.9398
    ⚡ XGBoost training: TrainLoss=0.2638 CalLoss=0.3104 TrainAcc=0.9702 CalAcc=0.9277

  🎯 ENSEMBLE – CMP_103ห้องบรรยาย [id=477]

  📊 Classification Metrics – CMP_103ห้องบรรยาย [id=477]
  ──────────────────────────────────────────────────
  Accuracy  : 0.9337  (93.4%)
  F1 Score  : 0.9334  (weighted avg)
  Recall    : 0.9337  (weighted avg)
  Precision : 0.9336  (weighted avg)
  CE Loss   : 0.3503

  📋 Classification Report:
                   precision    recall  f1-score   support
     
              low       0.99      0.99      0.99        69
           medium       0.93      0.96      0.94        53
             high       0.57      0.57      0.57         7
           urgent       0.91      0.86      0.89        37
     
         accuracy                           0.93       166
        macro avg       0.85      0.85      0.85       166
     weighted avg       0.93      0.93      0.93       166
     
  ──────────────────────────────────────────────────
  📊 ENSEMBLE  : Accuracy= 96.4% | Loss=0.2649 | R²=0.9542 | MAE=0.3741
  📊 LIGHTGBM  : Accuracy= 96.4% | Loss=0.2649 | R²=0.9660 | MAE=0.3243
  📊 XGBOOST   : Accuracy= 94.6% | Loss=0.3161 | R²=0.9236 | MAE=0.4245
  📊 LSTM      : Accuracy= 82.5% | Loss=0.6575 | R²=0.6073 | MAE=1.0488
✅ CMP_103ห้องบรรยาย. [ห้องบรรยาย] +LSTM✓  R²:0.954  MAE:0.37ชม  sMAPE:31.7%  Acc:0.934  F1:0.933  conf:68.3%

🏠 CMP_131SMARTCLASSROOM
   🧠 [1/3] LSTM (Primary) – CMP_131SMARTCLASSROOM
      📈 LSTM training history: epochs=60 train_loss=0.9472 val_loss=1.0546 train_acc=0.7275 val_acc=0.6386
         ✅ success
   🌿 [2/3] LightGBM (Support)
   ⚡ [3/3] XGBoost (Support)
    🟢 LightGBM training: TrainLoss=0.3105 CalLoss=0.2777 TrainAcc=0.9547 CalAcc=0.9398
    ⚡ XGBoost training: TrainLoss=0.2638 CalLoss=0.3104 TrainAcc=0.9702 CalAcc=0.9277

  🎯 ENSEMBLE – CMP_131SMARTCLASSROOM [id=478]

  📊 Classification Metrics – CMP_131SMARTCLASSROOM [id=478]
  ──────────────────────────────────────────────────
  Accuracy  : 0.9337  (93.4%)
  F1 Score  : 0.9336  (weighted avg)
  Recall    : 0.9337  (weighted avg)
  Precision : 0.9337  (weighted avg)
  CE Loss   : 0.3503

  📋 Classification Report:
                   precision    recall  f1-score   support
     
              low       0.99      0.99      0.99        69
           medium       0.93      0.94      0.93        53
             high       0.57      0.57      0.57         7
           urgent       0.92      0.89      0.90        37
     
         accuracy                           0.93       166
        macro avg       0.85      0.85      0.85       166
     weighted avg       0.93      0.93      0.93       166
     
  ──────────────────────────────────────────────────
  📊 ENSEMBLE  : Accuracy= 96.4% | Loss=0.2649 | R²=0.9545 | MAE=0.3734
  📊 LIGHTGBM  : Accuracy= 96.4% | Loss=0.2649 | R²=0.9660 | MAE=0.3243
  📊 XGBOOST   : Accuracy= 94.6% | Loss=0.3161 | R²=0.9236 | MAE=0.4245
  📊 LSTM      : Accuracy= 83.7% | Loss=0.6233 | R²=0.6333 | MAE=1.0092
✅ CMP_131SMARTCLASSROOM [smart classroom] +LSTM✓  R²:0.955  MAE:0.37ชม  sMAPE:31.8%  Acc:0.934  F1:0.934  conf:68.2%

🏠 CMP_201ห้องวิจัย
   🧠 [1/3] LSTM (Primary) – CMP_201ห้องวิจัย
      📈 LSTM training history: epochs=60 train_loss=0.9122 val_loss=1.0644 train_acc=0.7219 val_acc=0.6446
         ✅ success
   🌿 [2/3] LightGBM (Support)
   ⚡ [3/3] XGBoost (Support)
    🟢 LightGBM training: TrainLoss=0.3105 CalLoss=0.2777 TrainAcc=0.9547 CalAcc=0.9398
    ⚡ XGBoost training: TrainLoss=0.2638 CalLoss=0.3104 TrainAcc=0.9702 CalAcc=0.9277

  🎯 ENSEMBLE – CMP_201ห้องวิจัย [id=479]

  📊 Classification Metrics – CMP_201ห้องวิจัย [id=479]
  ──────────────────────────────────────────────────
  Accuracy  : 0.9458  (94.6%)
  F1 Score  : 0.9466  (weighted avg)
  Recall    : 0.9458  (weighted avg)
  Precision : 0.9499  (weighted avg)
  CE Loss   : 0.3161

  📋 Classification Report:
                   precision    recall  f1-score   support
     
              low       0.99      0.99      0.99        69
           medium       0.93      0.96      0.94        53
             high       0.67      0.86      0.75         7
           urgent       0.97      0.86      0.91        37
     
         accuracy                           0.95       166
        macro avg       0.89      0.92      0.90       166
     weighted avg       0.95      0.95      0.95       166
     
  ──────────────────────────────────────────────────
  📊 ENSEMBLE  : Accuracy= 97.0% | Loss=0.2479 | R²=0.9541 | MAE=0.3731
  📊 LIGHTGBM  : Accuracy= 96.4% | Loss=0.2649 | R²=0.9660 | MAE=0.3243
  📊 XGBOOST   : Accuracy= 94.6% | Loss=0.3161 | R²=0.9236 | MAE=0.4245
  📊 LSTM      : Accuracy= 80.7% | Loss=0.7087 | R²=0.5948 | MAE=1.0993
✅ CMP_201ห้องวิจัย.. [ห้องวิจัย ] +LSTM✓  R²:0.954  MAE:0.37ชม  sMAPE:31.7%  Acc:0.946  F1:0.947  conf:68.3%

🏠 CMP_211ปฏิบัติการชีวเคมีฯ
   🧠 [1/3] LSTM (Primary) – CMP_211ปฏิบัติการชีวเคมีฯ
      📈 LSTM training history: epochs=60 train_loss=0.9073 val_loss=1.0407 train_acc=0.7514 val_acc=0.6627
         ✅ success
   🌿 [2/3] LightGBM (Support)
   ⚡ [3/3] XGBoost (Support)
    🟢 LightGBM training: TrainLoss=0.3105 CalLoss=0.2777 TrainAcc=0.9547 CalAcc=0.9398
    ⚡ XGBoost training: TrainLoss=0.2638 CalLoss=0.3104 TrainAcc=0.9702 CalAcc=0.9277

  🎯 ENSEMBLE – CMP_211ปฏิบัติการชีวเคมีฯ [id=480]

  📊 Classification Metrics – CMP_211ปฏิบัติการชีวเคมีฯ [id=480]
  ──────────────────────────────────────────────────
  Accuracy  : 0.9398  (94.0%)
  F1 Score  : 0.9386  (weighted avg)
  Recall    : 0.9398  (weighted avg)
  Precision : 0.9381  (weighted avg)
  CE Loss   : 0.3332

  📋 Classification Report:
                   precision    recall  f1-score   support
     
              low       0.99      0.99      0.99        69
           medium       0.93      0.96      0.94        53
             high       0.67      0.57      0.62         7
           urgent       0.92      0.89      0.90        37
     
         accuracy                           0.94       166
        macro avg       0.87      0.85      0.86       166
     weighted avg       0.94      0.94      0.94       166
     
  ──────────────────────────────────────────────────
  📊 ENSEMBLE  : Accuracy= 96.4% | Loss=0.2649 | R²=0.9548 | MAE=0.3718
  📊 LIGHTGBM  : Accuracy= 96.4% | Loss=0.2649 | R²=0.9660 | MAE=0.3243
  📊 XGBOOST   : Accuracy= 94.6% | Loss=0.3161 | R²=0.9236 | MAE=0.4245
  📊 LSTM      : Accuracy= 82.5% | Loss=0.6575 | R²=0.6457 | MAE=0.9793
✅ CMP_211ปฏิบัติการชีวเคมีฯ [ห้องปฏิบัติการ] +LSTM✓  R²:0.955  MAE:0.37ชม  sMAPE:31.8%  Acc:0.940  F1:0.939  conf:68.2%

🏠 CMP_213ปฏิบัติการสรีรวิทยาฯ
   🧠 [1/3] LSTM (Primary) – CMP_213ปฏิบัติการสรีรวิทยาฯ
      📈 LSTM training history: epochs=60 train_loss=0.9610 val_loss=1.0860 train_acc=0.7107 val_acc=0.6687
         ✅ success
   🌿 [2/3] LightGBM (Support)
   ⚡ [3/3] XGBoost (Support)
    🟢 LightGBM training: TrainLoss=0.3105 CalLoss=0.2777 TrainAcc=0.9547 CalAcc=0.9398
    ⚡ XGBoost training: TrainLoss=0.2638 CalLoss=0.3104 TrainAcc=0.9702 CalAcc=0.9277

  🎯 ENSEMBLE – CMP_213ปฏิบัติการสรีรวิทยาฯ [id=481]

  📊 Classification Metrics – CMP_213ปฏิบัติการสรีรวิทยาฯ [id=481]
  ──────────────────────────────────────────────────
  Accuracy  : 0.9398  (94.0%)
  F1 Score  : 0.9403  (weighted avg)
  Recall    : 0.9398  (weighted avg)
  Precision : 0.9429  (weighted avg)
  CE Loss   : 0.3332

  📋 Classification Report:
                   precision    recall  f1-score   support
     
              low       0.99      0.99      0.99        69
           medium       0.91      0.96      0.94        53
             high       0.62      0.71      0.67         7
           urgent       0.97      0.86      0.91        37
     
         accuracy                           0.94       166
        macro avg       0.87      0.88      0.88       166
     weighted avg       0.94      0.94      0.94       166
     
  ──────────────────────────────────────────────────
  📊 ENSEMBLE  : Accuracy= 97.6% | Loss=0.2308 | R²=0.9539 | MAE=0.3728
  📊 LIGHTGBM  : Accuracy= 96.4% | Loss=0.2649 | R²=0.9660 | MAE=0.3243
  📊 XGBOOST   : Accuracy= 94.6% | Loss=0.3161 | R²=0.9236 | MAE=0.4245
  📊 LSTM      : Accuracy= 77.7% | Loss=0.7940 | R²=0.5600 | MAE=1.1194
✅ CMP_213ปฏิบัติการสรีรวิทยาฯ [ห้องปฏิบัติการ] +LSTM✓  R²:0.954  MAE:0.37ชม  sMAPE:31.7%  Acc:0.940  F1:0.940  conf:68.3%

🏠 1C-MEETING
   🧠 [1/3] LSTM (Primary) – 1C-MEETING
      📈 LSTM training history: epochs=60 train_loss=0.2998 val_loss=0.1893 train_acc=0.9145 val_acc=0.9650
         ✅ success
   🌿 [2/3] LightGBM (Support)
   ⚡ [3/3] XGBoost (Support)
    🟢 LightGBM training: TrainLoss=0.0395 CalLoss=0.0161 TrainAcc=0.9955 CalAcc=0.9860
    ⚡ XGBoost training: TrainLoss=0.0327 CalLoss=0.0223 TrainAcc=0.9955 CalAcc=0.9860

  🎯 ENSEMBLE – 1C-MEETING [id=482]

  📊 Classification Metrics – 1C-MEETING [id=482]
  ──────────────────────────────────────────────────
  Accuracy  : 0.9931  (99.3%)
  F1 Score  : 0.9896  (weighted avg)
  Recall    : 0.9931  (weighted avg)
  Precision : 0.9862  (weighted avg)
  CE Loss   : 0.1822

  📋 Classification Report:
                   precision    recall  f1-score   support
     
              low       0.99      1.00      1.00       140
           medium       0.00      0.00      0.00         1
             high       0.00      0.00      0.00         0
           urgent       1.00      1.00      1.00         3
     
         accuracy                           0.99       144
        macro avg       0.50      0.50      0.50       144
     weighted avg       0.99      0.99      0.99       144
     
  ──────────────────────────────────────────────────
  📊 ENSEMBLE  : Accuracy=100.0% | Loss=0.1625 | R²=0.6974 | MAE=0.1276
  📊 LIGHTGBM  : Accuracy=100.0% | Loss=0.1625 | R²=0.9797 | MAE=0.0115
  📊 XGBOOST   : Accuracy=100.0% | Loss=0.1625 | R²=-0.6510 | MAE=0.2924
  📊 LSTM      : Accuracy= 98.6% | Loss=0.2019 | R²=-0.0410 | MAE=0.0943
✅ 1C-MEETING........ [ห้องประชุม] [no LSTM]  R²:0.697  MAE:0.13ชม  sMAPE:55.1%  Acc:0.993  F1:0.990  conf:44.9%

🏠 NTC_313ห้องเรียน
   🧠 [1/3] LSTM (Primary) – NTC_313ห้องเรียน
      📈 LSTM training history: epochs=60 train_loss=0.8835 val_loss=1.0799 train_acc=0.7528 val_acc=0.6386
         ✅ success
   🌿 [2/3] LightGBM (Support)
   ⚡ [3/3] XGBoost (Support)
    🟢 LightGBM training: TrainLoss=0.3105 CalLoss=0.2777 TrainAcc=0.9547 CalAcc=0.9398
    ⚡ XGBoost training: TrainLoss=0.2638 CalLoss=0.3104 TrainAcc=0.9702 CalAcc=0.9277

  🎯 ENSEMBLE – NTC_313ห้องเรียน [id=483]

  📊 Classification Metrics – NTC_313ห้องเรียน [id=483]
  ──────────────────────────────────────────────────
  Accuracy  : 0.9458  (94.6%)
  F1 Score  : 0.9453  (weighted avg)
  Recall    : 0.9458  (weighted avg)
  Precision : 0.9468  (weighted avg)
  CE Loss   : 0.3161

  📋 Classification Report:
                   precision    recall  f1-score   support
     
              low       0.99      0.99      0.99        69
           medium       0.89      0.96      0.93        53
             high       0.83      0.71      0.77         7
           urgent       0.97      0.89      0.93        37
     
         accuracy                           0.95       166
        macro avg       0.92      0.89      0.90       166
     weighted avg       0.95      0.95      0.95       166
     
  ──────────────────────────────────────────────────
  📊 ENSEMBLE  : Accuracy= 96.4% | Loss=0.2649 | R²=0.9537 | MAE=0.3746
  📊 LIGHTGBM  : Accuracy= 96.4% | Loss=0.2649 | R²=0.9660 | MAE=0.3243
  📊 XGBOOST   : Accuracy= 94.6% | Loss=0.3161 | R²=0.9236 | MAE=0.4245
  📊 LSTM      : Accuracy= 82.5% | Loss=0.6575 | R²=0.5790 | MAE=1.1063
✅ NTC_313ห้องเรียน.. [ห้องเรียน ] +LSTM✓  R²:0.954  MAE:0.37ชม  sMAPE:31.7%  Acc:0.946  F1:0.945  conf:68.3%

🏠 NTC_409ห้องเรียน
   🧠 [1/3] LSTM (Primary) – NTC_409ห้องเรียน
      📈 LSTM training history: epochs=60 train_loss=0.9207 val_loss=1.0882 train_acc=0.7374 val_acc=0.6386
         ✅ success
   🌿 [2/3] LightGBM (Support)
   ⚡ [3/3] XGBoost (Support)
    🟢 LightGBM training: TrainLoss=0.3105 CalLoss=0.2777 TrainAcc=0.9547 CalAcc=0.9398
    ⚡ XGBoost training: TrainLoss=0.2638 CalLoss=0.3104 TrainAcc=0.9702 CalAcc=0.9277

  🎯 ENSEMBLE – NTC_409ห้องเรียน [id=484]

  📊 Classification Metrics – NTC_409ห้องเรียน [id=484]
  ──────────────────────────────────────────────────
  Accuracy  : 0.9458  (94.6%)
  F1 Score  : 0.9456  (weighted avg)
  Recall    : 0.9458  (weighted avg)
  Precision : 0.9460  (weighted avg)
  CE Loss   : 0.3161

  📋 Classification Report:
                   precision    recall  f1-score   support
     
              low       0.99      0.99      0.99        69
           medium       0.93      0.96      0.94        53
             high       0.71      0.71      0.71         7
           urgent       0.94      0.89      0.92        37
     
         accuracy                           0.95       166
        macro avg       0.89      0.89      0.89       166
     weighted avg       0.95      0.95      0.95       166
     
  ──────────────────────────────────────────────────
  📊 ENSEMBLE  : Accuracy= 97.0% | Loss=0.2479 | R²=0.9544 | MAE=0.3730
  📊 LIGHTGBM  : Accuracy= 96.4% | Loss=0.2649 | R²=0.9660 | MAE=0.3243
  📊 XGBOOST   : Accuracy= 94.6% | Loss=0.3161 | R²=0.9236 | MAE=0.4245
  📊 LSTM      : Accuracy= 81.3% | Loss=0.6916 | R²=0.6275 | MAE=1.0554
✅ NTC_409ห้องเรียน.. [ห้องเรียน ] +LSTM✓  R²:0.954  MAE:0.37ชม  sMAPE:31.7%  Acc:0.946  F1:0.946  conf:68.3%

🏠 ห้องโถงกิจกรรมชั้น1
   🧠 [1/3] LSTM (Primary) – ห้องโถงกิจกรรมชั้น1
      📈 LSTM training history: epochs=60 train_loss=0.9201 val_loss=1.0909 train_acc=0.7346 val_acc=0.6446
         ✅ success
   🌿 [2/3] LightGBM (Support)
   ⚡ [3/3] XGBoost (Support)
    🟢 LightGBM training: TrainLoss=0.3105 CalLoss=0.2777 TrainAcc=0.9547 CalAcc=0.9398
    ⚡ XGBoost training: TrainLoss=0.2638 CalLoss=0.3104 TrainAcc=0.9702 CalAcc=0.9277

  🎯 ENSEMBLE – ห้องโถงกิจกรรมชั้น1 [id=485]

  📊 Classification Metrics – ห้องโถงกิจกรรมชั้น1 [id=485]
  ──────────────────────────────────────────────────
  Accuracy  : 0.9398  (94.0%)
  F1 Score  : 0.9387  (weighted avg)
  Recall    : 0.9398  (weighted avg)
  Precision : 0.9387  (weighted avg)
  CE Loss   : 0.3332

  📋 Classification Report:
                   precision    recall  f1-score   support
     
              low       0.99      0.99      0.99        69
           medium       0.91      0.96      0.94        53
             high       0.67      0.57      0.62         7
           urgent       0.94      0.89      0.92        37
     
         accuracy                           0.94       166
        macro avg       0.88      0.85      0.86       166
     weighted avg       0.94      0.94      0.94       166
     
  ──────────────────────────────────────────────────
  📊 ENSEMBLE  : Accuracy= 97.6% | Loss=0.2308 | R²=0.9546 | MAE=0.3722
  📊 LIGHTGBM  : Accuracy= 96.4% | Loss=0.2649 | R²=0.9660 | MAE=0.3243
  📊 XGBOOST   : Accuracy= 94.6% | Loss=0.3161 | R²=0.9236 | MAE=0.4245
  📊 LSTM      : Accuracy= 80.1% | Loss=0.7257 | R²=0.6063 | MAE=1.0302
✅ ห้องโถงกิจกรรมชั้น1 [โถง/ห้องกิจกรรม] +LSTM✓  R²:0.955  MAE:0.37ชม  sMAPE:31.7%  Acc:0.940  F1:0.939  conf:68.3%
   🔢 Augment: 1 → 139 วัน (synthetic=138) – ข้อมูลใกล้เคียง

🏠 1C-MEETING
   🧠 [1/3] LSTM (Primary) – 1C-MEETING
      📈 LSTM training history: epochs=60 train_loss=0.1219 val_loss=0.1195 train_acc=0.5946 val_acc=0.7143
         ✅ success
   🌿 [2/3] LightGBM (Support)
   ⚡ [3/3] XGBoost (Support)
    🟢 LightGBM training: TrainLoss=0.0415 CalLoss=0.0752 TrainAcc=0.8866 CalAcc=0.8571
    ⚡ XGBoost training: TrainLoss=0.0286 CalLoss=0.0762 TrainAcc=0.9485 CalAcc=0.8095

  🎯 ENSEMBLE – 1C-MEETING [id=486]

  📊 Classification Metrics – 1C-MEETING [id=486]
  ──────────────────────────────────────────────────
  Accuracy  : 0.7143  (71.4%)
  F1 Score  : 0.7583  (weighted avg)
  Recall    : 0.7143  (weighted avg)
  Precision : 0.8512  (weighted avg)
  CE Loss   : 0.9720

  📋 Classification Report:
                   precision    recall  f1-score   support
     
              low       1.00      0.33      0.50         3
           medium       0.00      0.00      0.00         0
             high       0.00      0.00      0.00         1
           urgent       0.88      0.82      0.85        17
     
         accuracy                           0.71        21
        macro avg       0.47      0.29      0.34        21
     weighted avg       0.85      0.71      0.76        21
     
  ──────────────────────────────────────────────────
  📊 ENSEMBLE  : Accuracy=100.0% | Loss=0.1625 | R²=0.5237 | MAE=0.0803
  📊 LIGHTGBM  : Accuracy=100.0% | Loss=0.1625 | R²=0.5279 | MAE=0.0809
  📊 XGBOOST   : Accuracy=100.0% | Loss=0.1625 | R²=0.5144 | MAE=0.0803
  📊 LSTM      : Accuracy=100.0% | Loss=0.1625 | R²=-0.6354 | MAE=0.1509
✅ 1C-MEETING........ [ห้องประชุม] [no LSTM]  R²:0.524  MAE:0.08ชม  sMAPE:7.7%  Acc:0.714  F1:0.758  conf:92.3%

🏠 1C-MEETING
   🧠 [1/3] LSTM (Primary) – 1C-MEETING
      📈 LSTM training history: epochs=60 train_loss=0.2999 val_loss=0.1889 train_acc=0.9143 val_acc=0.9650
         ✅ success
   🌿 [2/3] LightGBM (Support)
   ⚡ [3/3] XGBoost (Support)
    🟢 LightGBM training: TrainLoss=0.0379 CalLoss=0.0166 TrainAcc=0.9940 CalAcc=0.9930
    ⚡ XGBoost training: TrainLoss=0.0289 CalLoss=0.0234 TrainAcc=0.9970 CalAcc=0.9860

  🎯 ENSEMBLE – 1C-MEETING [id=487]

  📊 Classification Metrics – 1C-MEETING [id=487]
  ──────────────────────────────────────────────────
  Accuracy  : 0.9931  (99.3%)
  F1 Score  : 0.9896  (weighted avg)
  Recall    : 0.9931  (weighted avg)
  Precision : 0.9862  (weighted avg)
  CE Loss   : 0.1822

  📋 Classification Report:
                   precision    recall  f1-score   support
     
              low       0.99      1.00      1.00       140
           medium       0.00      0.00      0.00         1
             high       0.00      0.00      0.00         0
           urgent       1.00      1.00      1.00         3
     
         accuracy                           0.99       144
        macro avg       0.50      0.50      0.50       144
     weighted avg       0.99      0.99      0.99       144
     
  ──────────────────────────────────────────────────
  📊 ENSEMBLE  : Accuracy=100.0% | Loss=0.1625 | R²=0.7170 | MAE=0.1221
  📊 LIGHTGBM  : Accuracy=100.0% | Loss=0.1625 | R²=0.9728 | MAE=0.0120
  📊 XGBOOST   : Accuracy=100.0% | Loss=0.1625 | R²=-0.5208 | MAE=0.2772
  📊 LSTM      : Accuracy= 98.6% | Loss=0.2019 | R²=-0.0365 | MAE=0.0869
✅ 1C-MEETING........ [ห้องประชุม] [no LSTM]  R²:0.717  MAE:0.12ชม  sMAPE:64.2%  Acc:0.993  F1:0.990  conf:35.8%

🏠 CLB4100บันทึกวีดิโอ
   🧠 [1/3] LSTM (Primary) – CLB4100บันทึกวีดิโอ
      📈 LSTM training history: epochs=60 train_loss=0.9106 val_loss=1.0873 train_acc=0.7331 val_acc=0.6084
         ✅ success
   🌿 [2/3] LightGBM (Support)
   ⚡ [3/3] XGBoost (Support)
    🟢 LightGBM training: TrainLoss=0.3105 CalLoss=0.2777 TrainAcc=0.9547 CalAcc=0.9398
    ⚡ XGBoost training: TrainLoss=0.2638 CalLoss=0.3104 TrainAcc=0.9702 CalAcc=0.9277

  🎯 ENSEMBLE – CLB4100บันทึกวีดิโอ [id=488]

  📊 Classification Metrics – CLB4100บันทึกวีดิโอ [id=488]
  ──────────────────────────────────────────────────
  Accuracy  : 0.9458  (94.6%)
  F1 Score  : 0.9466  (weighted avg)
  Recall    : 0.9458  (weighted avg)
  Precision : 0.9499  (weighted avg)
  CE Loss   : 0.3161

  📋 Classification Report:
                   precision    recall  f1-score   support
     
              low       0.99      0.99      0.99        69
           medium       0.93      0.96      0.94        53
             high       0.67      0.86      0.75         7
           urgent       0.97      0.86      0.91        37
     
         accuracy                           0.95       166
        macro avg       0.89      0.92      0.90       166
     weighted avg       0.95      0.95      0.95       166
     
  ──────────────────────────────────────────────────
  📊 ENSEMBLE  : Accuracy= 95.8% | Loss=0.2820 | R²=0.9541 | MAE=0.3754
  📊 LIGHTGBM  : Accuracy= 96.4% | Loss=0.2649 | R²=0.9660 | MAE=0.3243
  📊 XGBOOST   : Accuracy= 94.6% | Loss=0.3161 | R²=0.9236 | MAE=0.4245
  📊 LSTM      : Accuracy= 82.5% | Loss=0.6575 | R²=0.6122 | MAE=1.0647
✅ CLB4100บันทึกวีดิโอ [ห้อง vdo recording] +LSTM✓  R²:0.954  MAE:0.38ชม  sMAPE:31.8%  Acc:0.946  F1:0.947  conf:68.2%
   🔢 Augment: 1 → 139 วัน (synthetic=138) – ข้อมูลใกล้เคียง

🏠 CLB4104LIVEONLINE
   🧠 [1/3] LSTM (Primary) – CLB4104LIVEONLINE
      📈 LSTM training history: epochs=60 train_loss=0.1986 val_loss=0.2354 train_acc=0.6216 val_acc=0.8095
         ✅ success
   🌿 [2/3] LightGBM (Support)
   ⚡ [3/3] XGBoost (Support)
    🟢 LightGBM training: TrainLoss=0.0773 CalLoss=0.1449 TrainAcc=0.9072 CalAcc=0.8571
    ⚡ XGBoost training: TrainLoss=0.0563 CalLoss=0.1710 TrainAcc=1.0000 CalAcc=0.8571

  🎯 ENSEMBLE – CLB4104LIVEONLINE [id=489]

  📊 Classification Metrics – CLB4104LIVEONLINE [id=489]
  ──────────────────────────────────────────────────
  Accuracy  : 0.7143  (71.4%)
  F1 Score  : 0.7468  (weighted avg)
  Recall    : 0.7143  (weighted avg)
  Precision : 0.8197  (weighted avg)
  CE Loss   : 0.9720

  📋 Classification Report:
                   precision    recall  f1-score   support
     
              low       1.00      0.57      0.73         7
           medium       0.00      0.00      0.00         1
             high       0.00      0.00      0.00         0
           urgent       0.79      0.85      0.81        13
     
         accuracy                           0.71        21
        macro avg       0.45      0.35      0.39        21
     weighted avg       0.82      0.71      0.75        21
     
  ──────────────────────────────────────────────────
  📊 ENSEMBLE  : Accuracy=100.0% | Loss=0.1625 | R²=0.7069 | MAE=0.1115
  📊 LIGHTGBM  : Accuracy=100.0% | Loss=0.1625 | R²=0.7084 | MAE=0.1096
  📊 XGBOOST   : Accuracy=100.0% | Loss=0.1625 | R²=0.6859 | MAE=0.1153
  📊 LSTM      : Accuracy=100.0% | Loss=0.1625 | R²=-0.0717 | MAE=0.2387
✅ CLB4104LIVEONLINE. [ห้อง live/self-record] +LSTM✓  R²:0.707  MAE:0.11ชม  sMAPE:5.9%  Acc:0.714  F1:0.747  conf:94.1%

🏠 CLB4201SMARTCLASSROOM
   🧠 [1/3] LSTM (Primary) – CLB4201SMARTCLASSROOM
      📈 LSTM training history: epochs=60 train_loss=0.9388 val_loss=1.0576 train_acc=0.7303 val_acc=0.6627
         ✅ success
   🌿 [2/3] LightGBM (Support)
   ⚡ [3/3] XGBoost (Support)
    🟢 LightGBM training: TrainLoss=0.3105 CalLoss=0.2777 TrainAcc=0.9547 CalAcc=0.9398
    ⚡ XGBoost training: TrainLoss=0.2638 CalLoss=0.3104 TrainAcc=0.9702 CalAcc=0.9277

  🎯 ENSEMBLE – CLB4201SMARTCLASSROOM [id=490]

  📊 Classification Metrics – CLB4201SMARTCLASSROOM [id=490]
  ──────────────────────────────────────────────────
  Accuracy  : 0.9337  (93.4%)
  F1 Score  : 0.9325  (weighted avg)
  Recall    : 0.9337  (weighted avg)
  Precision : 0.9323  (weighted avg)
  CE Loss   : 0.3503

  📋 Classification Report:
                   precision    recall  f1-score   support
     
              low       0.99      0.99      0.99        69
           medium       0.91      0.96      0.94        53
             high       0.67      0.57      0.62         7
           urgent       0.91      0.86      0.89        37
     
         accuracy                           0.93       166
        macro avg       0.87      0.85      0.86       166
     weighted avg       0.93      0.93      0.93       166
     
  ──────────────────────────────────────────────────
  📊 ENSEMBLE  : Accuracy= 97.0% | Loss=0.2479 | R²=0.9532 | MAE=0.3772
  📊 LIGHTGBM  : Accuracy= 96.4% | Loss=0.2649 | R²=0.9660 | MAE=0.3243
  📊 XGBOOST   : Accuracy= 94.6% | Loss=0.3161 | R²=0.9236 | MAE=0.4245
  📊 LSTM      : Accuracy= 81.3% | Loss=0.6916 | R²=0.5167 | MAE=1.1525
✅ CLB4201SMARTCLASSROOM [smart classroom vdo] +LSTM✓  R²:0.953  MAE:0.38ชม  sMAPE:31.8%  Acc:0.934  F1:0.932  conf:68.2%

🏠 CLB4202SMARTCLASSROOM
   🧠 [1/3] LSTM (Primary) – CLB4202SMARTCLASSROOM
      📈 LSTM training history: epochs=60 train_loss=0.9348 val_loss=1.0995 train_acc=0.7275 val_acc=0.5723
         ✅ success
   🌿 [2/3] LightGBM (Support)
   ⚡ [3/3] XGBoost (Support)
    🟢 LightGBM training: TrainLoss=0.3105 CalLoss=0.2777 TrainAcc=0.9547 CalAcc=0.9398
    ⚡ XGBoost training: TrainLoss=0.2638 CalLoss=0.3104 TrainAcc=0.9702 CalAcc=0.9277

  🎯 ENSEMBLE – CLB4202SMARTCLASSROOM [id=491]

  📊 Classification Metrics – CLB4202SMARTCLASSROOM [id=491]
  ──────────────────────────────────────────────────
  Accuracy  : 0.9458  (94.6%)
  F1 Score  : 0.9456  (weighted avg)
  Recall    : 0.9458  (weighted avg)
  Precision : 0.9460  (weighted avg)
  CE Loss   : 0.3161

  📋 Classification Report:
                   precision    recall  f1-score   support
     
              low       0.99      0.99      0.99        69
           medium       0.93      0.96      0.94        53
             high       0.71      0.71      0.71         7
           urgent       0.94      0.89      0.92        37
     
         accuracy                           0.95       166
        macro avg       0.89      0.89      0.89       166
     weighted avg       0.95      0.95      0.95       166
     
  ──────────────────────────────────────────────────
  📊 ENSEMBLE  : Accuracy= 97.0% | Loss=0.2479 | R²=0.9550 | MAE=0.3694
  📊 LIGHTGBM  : Accuracy= 96.4% | Loss=0.2649 | R²=0.9660 | MAE=0.3243
  📊 XGBOOST   : Accuracy= 94.6% | Loss=0.3161 | R²=0.9236 | MAE=0.4245
  📊 LSTM      : Accuracy= 83.7% | Loss=0.6233 | R²=0.6462 | MAE=0.9687
✅ CLB4202SMARTCLASSROOM [smart classroom vdo] +LSTM✓  R²:0.955  MAE:0.37ชม  sMAPE:31.7%  Acc:0.946  F1:0.946  conf:68.3%

🏠 CLB4203SMARTCLASSROOM
   🧠 [1/3] LSTM (Primary) – CLB4203SMARTCLASSROOM
      📈 LSTM training history: epochs=60 train_loss=0.9211 val_loss=1.0748 train_acc=0.7458 val_acc=0.6084
         ✅ success
   🌿 [2/3] LightGBM (Support)
   ⚡ [3/3] XGBoost (Support)
    🟢 LightGBM training: TrainLoss=0.3105 CalLoss=0.2777 TrainAcc=0.9547 CalAcc=0.9398
    ⚡ XGBoost training: TrainLoss=0.2638 CalLoss=0.3104 TrainAcc=0.9702 CalAcc=0.9277

  🎯 ENSEMBLE – CLB4203SMARTCLASSROOM [id=492]

  📊 Classification Metrics – CLB4203SMARTCLASSROOM [id=492]
  ──────────────────────────────────────────────────
  Accuracy  : 0.9518  (95.2%)
  F1 Score  : 0.9521  (weighted avg)
  Recall    : 0.9518  (weighted avg)
  Precision : 0.9537  (weighted avg)
  CE Loss   : 0.2991

  📋 Classification Report:
                   precision    recall  f1-score   support
     
              low       0.99      0.99      0.99        69
           medium       0.93      0.96      0.94        53
             high       0.75      0.86      0.80         7
           urgent       0.97      0.89      0.93        37
     
         accuracy                           0.95       166
        macro avg       0.91      0.92      0.91       166
     weighted avg       0.95      0.95      0.95       166
     
  ──────────────────────────────────────────────────
  📊 ENSEMBLE  : Accuracy= 97.0% | Loss=0.2479 | R²=0.9544 | MAE=0.3719
  📊 LIGHTGBM  : Accuracy= 96.4% | Loss=0.2649 | R²=0.9660 | MAE=0.3243
  📊 XGBOOST   : Accuracy= 94.6% | Loss=0.3161 | R²=0.9236 | MAE=0.4245
  📊 LSTM      : Accuracy= 83.1% | Loss=0.6404 | R²=0.6110 | MAE=1.0373
✅ CLB4203SMARTCLASSROOM [smart classroom vdo] +LSTM✓  R²:0.954  MAE:0.37ชม  sMAPE:31.7%  Acc:0.952  F1:0.952  conf:68.3%

🏠 OARทองกวาวVDOSTUDIO
   🧠 [1/3] LSTM (Primary) – OARทองกวาวVDOSTUDIO
      📈 LSTM training history: epochs=60 train_loss=0.8943 val_loss=1.1133 train_acc=0.7430 val_acc=0.6205
         ✅ success
   🌿 [2/3] LightGBM (Support)
   ⚡ [3/3] XGBoost (Support)
    🟢 LightGBM training: TrainLoss=0.3105 CalLoss=0.2777 TrainAcc=0.9547 CalAcc=0.9398
    ⚡ XGBoost training: TrainLoss=0.2638 CalLoss=0.3104 TrainAcc=0.9702 CalAcc=0.9277

  🎯 ENSEMBLE – OARทองกวาวVDOSTUDIO [id=493]

  📊 Classification Metrics – OARทองกวาวVDOSTUDIO [id=493]
  ──────────────────────────────────────────────────
  Accuracy  : 0.9458  (94.6%)
  F1 Score  : 0.9466  (weighted avg)
  Recall    : 0.9458  (weighted avg)
  Precision : 0.9499  (weighted avg)
  CE Loss   : 0.3161

  📋 Classification Report:
                   precision    recall  f1-score   support
     
              low       0.99      0.99      0.99        69
           medium       0.93      0.96      0.94        53
             high       0.67      0.86      0.75         7
           urgent       0.97      0.86      0.91        37
     
         accuracy                           0.95       166
        macro avg       0.89      0.92      0.90       166
     weighted avg       0.95      0.95      0.95       166
     
  ──────────────────────────────────────────────────
  📊 ENSEMBLE  : Accuracy= 96.4% | Loss=0.2649 | R²=0.9541 | MAE=0.3735
  📊 LIGHTGBM  : Accuracy= 96.4% | Loss=0.2649 | R²=0.9660 | MAE=0.3243
  📊 XGBOOST   : Accuracy= 94.6% | Loss=0.3161 | R²=0.9236 | MAE=0.4245
  📊 LSTM      : Accuracy= 80.7% | Loss=0.7087 | R²=0.6094 | MAE=1.0611
✅ OARทองกวาวVDOSTUDIO [vdo studio] +LSTM✓  R²:0.954  MAE:0.37ชม  sMAPE:31.7%  Acc:0.946  F1:0.947  conf:68.3%

🏠 OARยางนาOBSSTUDIO
   🧠 [1/3] LSTM (Primary) – OARยางนาOBSSTUDIO
      📈 LSTM training history: epochs=60 train_loss=0.9040 val_loss=1.1515 train_acc=0.7303 val_acc=0.5542
         ✅ success
   🌿 [2/3] LightGBM (Support)
   ⚡ [3/3] XGBoost (Support)
    🟢 LightGBM training: TrainLoss=0.3105 CalLoss=0.2777 TrainAcc=0.9547 CalAcc=0.9398
    ⚡ XGBoost training: TrainLoss=0.2638 CalLoss=0.3104 TrainAcc=0.9702 CalAcc=0.9277

  🎯 ENSEMBLE – OARยางนาOBSSTUDIO [id=494]

  📊 Classification Metrics – OARยางนาOBSSTUDIO [id=494]
  ──────────────────────────────────────────────────
  Accuracy  : 0.9458  (94.6%)
  F1 Score  : 0.9457  (weighted avg)
  Recall    : 0.9458  (weighted avg)
  Precision : 0.9469  (weighted avg)
  CE Loss   : 0.3161

  📋 Classification Report:
                   precision    recall  f1-score   support
     
              low       0.99      0.99      0.99        69
           medium       0.91      0.96      0.94        53
             high       0.71      0.71      0.71         7
           urgent       0.97      0.89      0.93        37
     
         accuracy                           0.95       166
        macro avg       0.90      0.89      0.89       166
     weighted avg       0.95      0.95      0.95       166
     
  ──────────────────────────────────────────────────
  📊 ENSEMBLE  : Accuracy= 97.0% | Loss=0.2479 | R²=0.9545 | MAE=0.3728
  📊 LIGHTGBM  : Accuracy= 96.4% | Loss=0.2649 | R²=0.9660 | MAE=0.3243
  📊 XGBOOST   : Accuracy= 94.6% | Loss=0.3161 | R²=0.9236 | MAE=0.4245
  📊 LSTM      : Accuracy= 81.3% | Loss=0.6916 | R²=0.6008 | MAE=1.0404
✅ OARยางนาOBSSTUDIO. [obs studio] +LSTM✓  R²:0.954  MAE:0.37ชม  sMAPE:31.8%  Acc:0.946  F1:0.946  conf:68.2%

🏠 บัวบา1
   🧠 [1/3] LSTM (Primary) – บัวบา1
      📈 LSTM training history: epochs=60 train_loss=0.9428 val_loss=1.0673 train_acc=0.7205 val_acc=0.6566
         ✅ success
   🌿 [2/3] LightGBM (Support)
   ⚡ [3/3] XGBoost (Support)
    🟢 LightGBM training: TrainLoss=0.3105 CalLoss=0.2777 TrainAcc=0.9547 CalAcc=0.9398
    ⚡ XGBoost training: TrainLoss=0.2638 CalLoss=0.3104 TrainAcc=0.9702 CalAcc=0.9277

  🎯 ENSEMBLE – บัวบา1 [id=495]

  📊 Classification Metrics – บัวบา1 [id=495]
  ──────────────────────────────────────────────────
  Accuracy  : 0.9398  (94.0%)
  F1 Score  : 0.9403  (weighted avg)
  Recall    : 0.9398  (weighted avg)
  Precision : 0.9429  (weighted avg)
  CE Loss   : 0.3332

  📋 Classification Report:
                   precision    recall  f1-score   support
     
              low       0.99      0.99      0.99        69
           medium       0.91      0.96      0.94        53
             high       0.62      0.71      0.67         7
           urgent       0.97      0.86      0.91        37
     
         accuracy                           0.94       166
        macro avg       0.87      0.88      0.88       166
     weighted avg       0.94      0.94      0.94       166
     
  ──────────────────────────────────────────────────
  📊 ENSEMBLE  : Accuracy= 97.0% | Loss=0.2479 | R²=0.9540 | MAE=0.3740
  📊 LIGHTGBM  : Accuracy= 96.4% | Loss=0.2649 | R²=0.9660 | MAE=0.3243
  📊 XGBOOST   : Accuracy= 94.6% | Loss=0.3161 | R²=0.9236 | MAE=0.4245
  📊 LSTM      : Accuracy= 80.7% | Loss=0.7087 | R²=0.5698 | MAE=1.0632
✅ บัวบา1............ [ห้องกลุ่มย่อย] +LSTM✓  R²:0.954  MAE:0.37ชม  sMAPE:31.8%  Acc:0.940  F1:0.940  conf:68.2%

🏠 บัวบา2
   🧠 [1/3] LSTM (Primary) – บัวบา2
      📈 LSTM training history: epochs=60 train_loss=0.8947 val_loss=1.0595 train_acc=0.7346 val_acc=0.6325
         ✅ success
   🌿 [2/3] LightGBM (Support)
   ⚡ [3/3] XGBoost (Support)
    🟢 LightGBM training: TrainLoss=0.3105 CalLoss=0.2777 TrainAcc=0.9547 CalAcc=0.9398
    ⚡ XGBoost training: TrainLoss=0.2638 CalLoss=0.3104 TrainAcc=0.9702 CalAcc=0.9277

  🎯 ENSEMBLE – บัวบา2 [id=496]

  📊 Classification Metrics – บัวบา2 [id=496]
  ──────────────────────────────────────────────────
  Accuracy  : 0.9458  (94.6%)
  F1 Score  : 0.9456  (weighted avg)
  Recall    : 0.9458  (weighted avg)
  Precision : 0.9460  (weighted avg)
  CE Loss   : 0.3161

  📋 Classification Report:
                   precision    recall  f1-score   support
     
              low       0.99      0.99      0.99        69
           medium       0.93      0.96      0.94        53
             high       0.71      0.71      0.71         7
           urgent       0.94      0.89      0.92        37
     
         accuracy                           0.95       166
        macro avg       0.89      0.89      0.89       166
     weighted avg       0.95      0.95      0.95       166
     
  ──────────────────────────────────────────────────
  📊 ENSEMBLE  : Accuracy= 97.0% | Loss=0.2479 | R²=0.9546 | MAE=0.3714
  📊 LIGHTGBM  : Accuracy= 96.4% | Loss=0.2649 | R²=0.9660 | MAE=0.3243
  📊 XGBOOST   : Accuracy= 94.6% | Loss=0.3161 | R²=0.9236 | MAE=0.4245
  📊 LSTM      : Accuracy= 83.7% | Loss=0.6233 | R²=0.6325 | MAE=1.0041
✅ บัวบา2............ [ห้องกลุ่มย่อย] +LSTM✓  R²:0.955  MAE:0.37ชม  sMAPE:31.7%  Acc:0.946  F1:0.946  conf:68.3%

🏠 บัวบา4
   🧠 [1/3] LSTM (Primary) – บัวบา4
      📈 LSTM training history: epochs=60 train_loss=0.9092 val_loss=1.0955 train_acc=0.7289 val_acc=0.6627
         ✅ success
   🌿 [2/3] LightGBM (Support)
   ⚡ [3/3] XGBoost (Support)
    🟢 LightGBM training: TrainLoss=0.3105 CalLoss=0.2777 TrainAcc=0.9547 CalAcc=0.9398
    ⚡ XGBoost training: TrainLoss=0.2638 CalLoss=0.3104 TrainAcc=0.9702 CalAcc=0.9277

  🎯 ENSEMBLE – บัวบา4 [id=497]

  📊 Classification Metrics – บัวบา4 [id=497]
  ──────────────────────────────────────────────────
  Accuracy  : 0.9398  (94.0%)
  F1 Score  : 0.9387  (weighted avg)
  Recall    : 0.9398  (weighted avg)
  Precision : 0.9387  (weighted avg)
  CE Loss   : 0.3332

  📋 Classification Report:
                   precision    recall  f1-score   support
     
              low       0.99      0.99      0.99        69
           medium       0.91      0.96      0.94        53
             high       0.67      0.57      0.62         7
           urgent       0.94      0.89      0.92        37
     
         accuracy                           0.94       166
        macro avg       0.88      0.85      0.86       166
     weighted avg       0.94      0.94      0.94       166
     
  ──────────────────────────────────────────────────
  📊 ENSEMBLE  : Accuracy= 96.4% | Loss=0.2649 | R²=0.9536 | MAE=0.3763
  📊 LIGHTGBM  : Accuracy= 96.4% | Loss=0.2649 | R²=0.9660 | MAE=0.3243
  📊 XGBOOST   : Accuracy= 94.6% | Loss=0.3161 | R²=0.9236 | MAE=0.4245
  📊 LSTM      : Accuracy= 83.1% | Loss=0.6404 | R²=0.5919 | MAE=1.0739
✅ บัวบา4............ [ห้องกลุ่มย่อย] +LSTM✓  R²:0.954  MAE:0.38ชม  sMAPE:31.8%  Acc:0.940  F1:0.939  conf:68.2%

🏠 บัวบา6
   🧠 [1/3] LSTM (Primary) – บัวบา6
      📈 LSTM training history: epochs=60 train_loss=0.9553 val_loss=1.1042 train_acc=0.7303 val_acc=0.6265
         ✅ success
   🌿 [2/3] LightGBM (Support)
   ⚡ [3/3] XGBoost (Support)
    🟢 LightGBM training: TrainLoss=0.3105 CalLoss=0.2777 TrainAcc=0.9547 CalAcc=0.9398
    ⚡ XGBoost training: TrainLoss=0.2638 CalLoss=0.3104 TrainAcc=0.9702 CalAcc=0.9277

  🎯 ENSEMBLE – บัวบา6 [id=498]

  📊 Classification Metrics – บัวบา6 [id=498]
  ──────────────────────────────────────────────────
  Accuracy  : 0.9337  (93.4%)
  F1 Score  : 0.9334  (weighted avg)
  Recall    : 0.9337  (weighted avg)
  Precision : 0.9336  (weighted avg)
  CE Loss   : 0.3503

  📋 Classification Report:
                   precision    recall  f1-score   support
     
              low       0.99      0.99      0.99        69
           medium       0.93      0.96      0.94        53
             high       0.57      0.57      0.57         7
           urgent       0.91      0.86      0.89        37
     
         accuracy                           0.93       166
        macro avg       0.85      0.85      0.85       166
     weighted avg       0.93      0.93      0.93       166
     
  ──────────────────────────────────────────────────
  📊 ENSEMBLE  : Accuracy= 96.4% | Loss=0.2649 | R²=0.9538 | MAE=0.3761
  📊 LIGHTGBM  : Accuracy= 96.4% | Loss=0.2649 | R²=0.9660 | MAE=0.3243
  📊 XGBOOST   : Accuracy= 94.6% | Loss=0.3161 | R²=0.9236 | MAE=0.4245
  📊 LSTM      : Accuracy= 81.9% | Loss=0.6745 | R²=0.6238 | MAE=1.0742
✅ บัวบา6............ [ห้องกลุ่มย่อย] +LSTM✓  R²:0.954  MAE:0.38ชม  sMAPE:31.8%  Acc:0.934  F1:0.933  conf:68.2%

🏠 บัวบา7
   🧠 [1/3] LSTM (Primary) – บัวบา7
      📈 LSTM training history: epochs=60 train_loss=0.9088 val_loss=1.0964 train_acc=0.7360 val_acc=0.6024
         ✅ success
   🌿 [2/3] LightGBM (Support)
   ⚡ [3/3] XGBoost (Support)
    🟢 LightGBM training: TrainLoss=0.3105 CalLoss=0.2777 TrainAcc=0.9547 CalAcc=0.9398
    ⚡ XGBoost training: TrainLoss=0.2638 CalLoss=0.3104 TrainAcc=0.9702 CalAcc=0.9277

  🎯 ENSEMBLE – บัวบา7 [id=499]

  📊 Classification Metrics – บัวบา7 [id=499]
  ──────────────────────────────────────────────────
  Accuracy  : 0.9518  (95.2%)
  F1 Score  : 0.9521  (weighted avg)
  Recall    : 0.9518  (weighted avg)
  Precision : 0.9537  (weighted avg)
  CE Loss   : 0.2991

  📋 Classification Report:
                   precision    recall  f1-score   support
     
              low       0.99      0.99      0.99        69
           medium       0.93      0.96      0.94        53
             high       0.75      0.86      0.80         7
           urgent       0.97      0.89      0.93        37
     
         accuracy                           0.95       166
        macro avg       0.91      0.92      0.91       166
     weighted avg       0.95      0.95      0.95       166
     
  ──────────────────────────────────────────────────
  📊 ENSEMBLE  : Accuracy= 96.4% | Loss=0.2649 | R²=0.9538 | MAE=0.3741
  📊 LIGHTGBM  : Accuracy= 96.4% | Loss=0.2649 | R²=0.9660 | MAE=0.3243
  📊 XGBOOST   : Accuracy= 94.6% | Loss=0.3161 | R²=0.9236 | MAE=0.4245
  📊 LSTM      : Accuracy= 83.1% | Loss=0.6404 | R²=0.5826 | MAE=1.0678
✅ บัวบา7............ [ห้องกลุ่มย่อย] +LSTM✓  R²:0.954  MAE:0.37ชม  sMAPE:31.8%  Acc:0.952  F1:0.952  conf:68.2%

🏠 บัวบา9
   🧠 [1/3] LSTM (Primary) – บัวบา9
      📈 LSTM training history: epochs=60 train_loss=0.8952 val_loss=1.0507 train_acc=0.7163 val_acc=0.6566
         ✅ success
   🌿 [2/3] LightGBM (Support)
   ⚡ [3/3] XGBoost (Support)
    🟢 LightGBM training: TrainLoss=0.3105 CalLoss=0.2777 TrainAcc=0.9547 CalAcc=0.9398
    ⚡ XGBoost training: TrainLoss=0.2638 CalLoss=0.3104 TrainAcc=0.9702 CalAcc=0.9277

  🎯 ENSEMBLE – บัวบา9 [id=500]

  📊 Classification Metrics – บัวบา9 [id=500]
  ──────────────────────────────────────────────────
  Accuracy  : 0.9458  (94.6%)
  F1 Score  : 0.9453  (weighted avg)
  Recall    : 0.9458  (weighted avg)
  Precision : 0.9468  (weighted avg)
  CE Loss   : 0.3161

  📋 Classification Report:
                   precision    recall  f1-score   support
     
              low       0.99      0.99      0.99        69
           medium       0.89      0.96      0.93        53
             high       0.83      0.71      0.77         7
           urgent       0.97      0.89      0.93        37
     
         accuracy                           0.95       166
        macro avg       0.92      0.89      0.90       166
     weighted avg       0.95      0.95      0.95       166
     
  ──────────────────────────────────────────────────
  📊 ENSEMBLE  : Accuracy= 97.6% | Loss=0.2308 | R²=0.9543 | MAE=0.3731
  📊 LIGHTGBM  : Accuracy= 96.4% | Loss=0.2649 | R²=0.9660 | MAE=0.3243
  📊 XGBOOST   : Accuracy= 94.6% | Loss=0.3161 | R²=0.9236 | MAE=0.4245
  📊 LSTM      : Accuracy= 81.9% | Loss=0.6745 | R²=0.6227 | MAE=1.0673
✅ บัวบา9............ [ห้องกลุ่มย่อย] +LSTM✓  R²:0.954  MAE:0.37ชม  sMAPE:31.7%  Acc:0.946  F1:0.945  conf:68.3%

🏠 ห้องบัวหลวง
   🧠 [1/3] LSTM (Primary) – ห้องบัวหลวง
      📈 LSTM training history: epochs=60 train_loss=0.2994 val_loss=0.1888 train_acc=0.9145 val_acc=0.9650
         ✅ success
   🌿 [2/3] LightGBM (Support)
   ⚡ [3/3] XGBoost (Support)
    🟢 LightGBM training: TrainLoss=0.0395 CalLoss=0.0161 TrainAcc=0.9955 CalAcc=0.9860
    ⚡ XGBoost training: TrainLoss=0.0327 CalLoss=0.0223 TrainAcc=0.9955 CalAcc=0.9860

  🎯 ENSEMBLE – ห้องบัวหลวง [id=501]

  📊 Classification Metrics – ห้องบัวหลวง [id=501]
  ──────────────────────────────────────────────────
  Accuracy  : 0.9931  (99.3%)
  F1 Score  : 0.9896  (weighted avg)
  Recall    : 0.9931  (weighted avg)
  Precision : 0.9862  (weighted avg)
  CE Loss   : 0.1822

  📋 Classification Report:
                   precision    recall  f1-score   support
     
              low       0.99      1.00      1.00       140
           medium       0.00      0.00      0.00         1
             high       0.00      0.00      0.00         0
           urgent       1.00      1.00      1.00         3
     
         accuracy                           0.99       144
        macro avg       0.50      0.50      0.50       144
     weighted avg       0.99      0.99      0.99       144
     
  ──────────────────────────────────────────────────
  📊 ENSEMBLE  : Accuracy=100.0% | Loss=0.1625 | R²=0.6974 | MAE=0.1276
  📊 LIGHTGBM  : Accuracy=100.0% | Loss=0.1625 | R²=0.9797 | MAE=0.0115
  📊 XGBOOST   : Accuracy=100.0% | Loss=0.1625 | R²=-0.6510 | MAE=0.2924
  📊 LSTM      : Accuracy= 98.6% | Loss=0.2019 | R²=-0.0415 | MAE=0.0938
✅ ห้องบัวหลวง....... [ห้องประชุม] [no LSTM]  R²:0.697  MAE:0.13ชม  sMAPE:55.1%  Acc:0.993  F1:0.990  conf:44.9%

🏠 ห้องESANZONE
   🧠 [1/3] LSTM (Primary) – ห้องESANZONE
      📈 LSTM training history: epochs=60 train_loss=0.9297 val_loss=1.1279 train_acc=0.7346 val_acc=0.6205
         ✅ success
   🌿 [2/3] LightGBM (Support)
   ⚡ [3/3] XGBoost (Support)
    🟢 LightGBM training: TrainLoss=0.3105 CalLoss=0.2777 TrainAcc=0.9547 CalAcc=0.9398
    ⚡ XGBoost training: TrainLoss=0.2638 CalLoss=0.3104 TrainAcc=0.9702 CalAcc=0.9277

  🎯 ENSEMBLE – ห้องESANZONE [id=502]

  📊 Classification Metrics – ห้องESANZONE [id=502]
  ──────────────────────────────────────────────────
  Accuracy  : 0.9458  (94.6%)
  F1 Score  : 0.9456  (weighted avg)
  Recall    : 0.9458  (weighted avg)
  Precision : 0.9460  (weighted avg)
  CE Loss   : 0.3161

  📋 Classification Report:
                   precision    recall  f1-score   support
     
              low       0.99      0.99      0.99        69
           medium       0.93      0.96      0.94        53
             high       0.71      0.71      0.71         7
           urgent       0.94      0.89      0.92        37
     
         accuracy                           0.95       166
        macro avg       0.89      0.89      0.89       166
     weighted avg       0.95      0.95      0.95       166
     
  ──────────────────────────────────────────────────
  📊 ENSEMBLE  : Accuracy= 97.0% | Loss=0.2479 | R²=0.9548 | MAE=0.3701
  📊 LIGHTGBM  : Accuracy= 96.4% | Loss=0.2649 | R²=0.9660 | MAE=0.3243
  📊 XGBOOST   : Accuracy= 94.6% | Loss=0.3161 | R²=0.9236 | MAE=0.4245
  📊 LSTM      : Accuracy= 81.3% | Loss=0.6916 | R²=0.6626 | MAE=0.9803
✅ ห้องESANZONE...... [ห้องกิจกรรม] +LSTM✓  R²:0.955  MAE:0.37ชม  sMAPE:31.6%  Acc:0.946  F1:0.946  conf:68.4%

🏠 LOCKARD
   🧠 [1/3] LSTM (Primary) – LOCKARD
      📈 LSTM training history: epochs=60 train_loss=0.9053 val_loss=1.0527 train_acc=0.7331 val_acc=0.6386
         ✅ success
   🌿 [2/3] LightGBM (Support)
   ⚡ [3/3] XGBoost (Support)
    🟢 LightGBM training: TrainLoss=0.3105 CalLoss=0.2777 TrainAcc=0.9547 CalAcc=0.9398
    ⚡ XGBoost training: TrainLoss=0.2638 CalLoss=0.3104 TrainAcc=0.9702 CalAcc=0.9277

  🎯 ENSEMBLE – LOCKARD [id=503]

  📊 Classification Metrics – LOCKARD [id=503]
  ──────────────────────────────────────────────────
  Accuracy  : 0.9337  (93.4%)
  F1 Score  : 0.9310  (weighted avg)
  Recall    : 0.9337  (weighted avg)
  Precision : 0.9300  (weighted avg)
  CE Loss   : 0.3503

  📋 Classification Report:
                   precision    recall  f1-score   support
     
              low       0.99      0.99      0.99        69
           medium       0.91      0.96      0.94        53
             high       0.60      0.43      0.50         7
           urgent       0.92      0.89      0.90        37
     
         accuracy                           0.93       166
        macro avg       0.85      0.82      0.83       166
     weighted avg       0.93      0.93      0.93       166
     
  ──────────────────────────────────────────────────
  📊 ENSEMBLE  : Accuracy= 96.4% | Loss=0.2649 | R²=0.9537 | MAE=0.3761
  📊 LIGHTGBM  : Accuracy= 96.4% | Loss=0.2649 | R²=0.9660 | MAE=0.3243
  📊 XGBOOST   : Accuracy= 94.6% | Loss=0.3161 | R²=0.9236 | MAE=0.4245
  📊 LSTM      : Accuracy= 83.7% | Loss=0.6233 | R²=0.5872 | MAE=1.0989
✅ LOCKARD........... [ห้องเรียน ] +LSTM✓  R²:0.954  MAE:0.38ชม  sMAPE:31.8%  Acc:0.934  F1:0.931  conf:68.2%

🏠 ห้องยางนา
   🧠 [1/3] LSTM (Primary) – ห้องยางนา
      📈 LSTM training history: epochs=60 train_loss=0.2994 val_loss=0.1889 train_acc=0.9145 val_acc=0.9650
         ✅ success
   🌿 [2/3] LightGBM (Support)
   ⚡ [3/3] XGBoost (Support)
    🟢 LightGBM training: TrainLoss=0.0395 CalLoss=0.0161 TrainAcc=0.9955 CalAcc=0.9860
    ⚡ XGBoost training: TrainLoss=0.0327 CalLoss=0.0223 TrainAcc=0.9955 CalAcc=0.9860

  🎯 ENSEMBLE – ห้องยางนา [id=504]

  📊 Classification Metrics – ห้องยางนา [id=504]
  ──────────────────────────────────────────────────
  Accuracy  : 0.9931  (99.3%)
  F1 Score  : 0.9896  (weighted avg)
  Recall    : 0.9931  (weighted avg)
  Precision : 0.9862  (weighted avg)
  CE Loss   : 0.1822

  📋 Classification Report:
                   precision    recall  f1-score   support
     
              low       0.99      1.00      1.00       140
           medium       0.00      0.00      0.00         1
             high       0.00      0.00      0.00         0
           urgent       1.00      1.00      1.00         3
     
         accuracy                           0.99       144
        macro avg       0.50      0.50      0.50       144
     weighted avg       0.99      0.99      0.99       144
     
  ──────────────────────────────────────────────────
  📊 ENSEMBLE  : Accuracy=100.0% | Loss=0.1625 | R²=0.6974 | MAE=0.1276
  📊 LIGHTGBM  : Accuracy=100.0% | Loss=0.1625 | R²=0.9797 | MAE=0.0115
  📊 XGBOOST   : Accuracy=100.0% | Loss=0.1625 | R²=-0.6510 | MAE=0.2924
  📊 LSTM      : Accuracy= 98.6% | Loss=0.2019 | R²=-0.0414 | MAE=0.0939
✅ ห้องยางนา......... [ห้องประชุม] [no LSTM]  R²:0.697  MAE:0.13ชม  sMAPE:55.1%  Acc:0.993  F1:0.990  conf:44.9%

🏠 3C16-17
   🧠 [1/3] LSTM (Primary) – 3C16-17
      📈 LSTM training history: epochs=60 train_loss=1.4832 val_loss=2.4707 train_acc=0.7235 val_acc=0.6074
         ✅ success
   🌿 [2/3] LightGBM (Support)
   ⚡ [3/3] XGBoost (Support)
    🟢 LightGBM training: TrainLoss=0.4951 CalLoss=0.5323 TrainAcc=0.9815 CalAcc=0.8896
    ⚡ XGBoost training: TrainLoss=0.4689 CalLoss=0.6809 TrainAcc=0.9934 CalAcc=0.8528

  🎯 ENSEMBLE – 3C16-17 [id=505]

  📊 Classification Metrics – 3C16-17 [id=505]
  ──────────────────────────────────────────────────
  Accuracy  : 0.9877  (98.8%)
  F1 Score  : 0.9938  (weighted avg)
  Recall    : 0.9877  (weighted avg)
  Precision : 1.0000  (weighted avg)
  CE Loss   : 0.1973

  📋 Classification Report:
                   precision    recall  f1-score   support
     
              low       1.00      1.00      1.00        63
           medium       1.00      1.00      1.00         8
             high       0.00      0.00      0.00         0
           urgent       1.00      0.98      0.99        92
     
         accuracy                           0.99       163
        macro avg       0.75      0.74      0.75       163
     weighted avg       1.00      0.99      0.99       163
     
  ──────────────────────────────────────────────────
  📊 ENSEMBLE  : Accuracy=100.0% | Loss=0.1625 | R²=0.9817 | MAE=0.5031
  📊 LIGHTGBM  : Accuracy=100.0% | Loss=0.1625 | R²=0.9845 | MAE=0.4738
  📊 XGBOOST   : Accuracy=100.0% | Loss=0.1625 | R²=0.9780 | MAE=0.5372
  📊 LSTM      : Accuracy= 92.6% | Loss=0.3711 | R²=0.6983 | MAE=1.6684
✅ 3C16-17........... [ห้องปฏิบัติการคอมพิวเตอร์] +LSTM✓  R²:0.982  MAE:0.50ชม  sMAPE:38.2%  Acc:0.988  F1:0.994  conf:61.8%

🏠 4C05
   🧠 [1/3] LSTM (Primary) – 4C05
      📈 LSTM training history: epochs=60 train_loss=0.9312 val_loss=1.0244 train_acc=0.7872 val_acc=0.7683
         ✅ success
   🌿 [2/3] LightGBM (Support)
   ⚡ [3/3] XGBoost (Support)
    🟢 LightGBM training: TrainLoss=0.1379 CalLoss=0.1878 TrainAcc=0.9660 CalAcc=0.9451
    ⚡ XGBoost training: TrainLoss=0.1366 CalLoss=0.1882 TrainAcc=0.9621 CalAcc=0.9329

  🎯 ENSEMBLE – 4C05 [id=506]

  📊 Classification Metrics – 4C05 [id=506]
  ──────────────────────────────────────────────────
  Accuracy  : 0.9756  (97.6%)
  F1 Score  : 0.9749  (weighted avg)
  Recall    : 0.9756  (weighted avg)
  Precision : 0.9758  (weighted avg)
  CE Loss   : 0.2316

  📋 Classification Report:
                   precision    recall  f1-score   support
     
              low       0.98      1.00      0.99       129
           medium       0.91      0.91      0.91        22
             high       1.00      0.67      0.80         3
           urgent       1.00      0.90      0.95        10
     
         accuracy                           0.98       164
        macro avg       0.97      0.87      0.91       164
     weighted avg       0.98      0.98      0.97       164
     
  ──────────────────────────────────────────────────
  📊 ENSEMBLE  : Accuracy= 97.6% | Loss=0.2316 | R²=0.9642 | MAE=0.1138
  📊 LIGHTGBM  : Accuracy= 97.6% | Loss=0.2316 | R²=0.9610 | MAE=0.1160
  📊 XGBOOST   : Accuracy= 98.8% | Loss=0.1971 | R²=0.9651 | MAE=0.1155
  📊 LSTM      : Accuracy= 92.1% | Loss=0.3871 | R²=-0.3019 | MAE=0.8476
✅ 4C05.............. [ห้องปฏิบัติการคอมพิวเตอร์] [no LSTM]  R²:0.964  MAE:0.11ชม  sMAPE:47.5%  Acc:0.976  F1:0.975  conf:52.5%

📊 ── สรุปผลการเทรนทั้งหมด ──
   LSTM (Primary)  : 59/69 ห้อง
Room                 Type          LSTM     R²     MAE   sMAPE    Acc     F1    Loss   Conf
----------------------------------------------------------------------------------------------------
  ห้องกันเกรา        ประชุม/จัดเลี้ยง/นิทรรศการ     ✓  0.955   0.37ชม   31.7%  0.952  0.952  0.2991  68.3%
  ห้องประดู่1–6      ประชุม/จัดกิจกรรม     ✓  0.954   0.37ชม   31.8%  0.940  0.939  0.3332  68.2%
  ห้องพวงพยอม        ประชุม           ✓  0.954   0.37ชม   31.7%  0.946  0.946  0.3161  68.3%
  ห้องชัยพฤกษ์       ประชุม/จัดเลี้ยง/นิทรรศการ     ✓  0.953   0.38ชม   31.8%  0.940  0.940  0.3332  68.2%
  1C-MEETING         ห้องประชุม       ✗  0.697   0.13ชม   55.1%  0.993  0.990  0.1822  44.9%
  2C05-06            ห้องปฏิบัติการคอมพิวเตอร์     ✓  0.974   0.44ชม   39.1%  0.866  0.861  0.5426  60.9%
  2C07               ห้องปฏิบัติการ imac     ✓  0.955   0.37ชม   31.7%  0.940  0.940  0.3332  68.3%
  2C09               ห้องปฏิบัติการคอมพิวเตอร์     ✓  0.968   0.18ชม   48.0%  0.945  0.932  0.3180  52.0%
  2C10-11            ห้องปฏิบัติการคอมพิวเตอร์     ✓  0.949   0.53ชม   42.2%  0.908  0.906  0.4217  57.8%
  2C16-17            ห้องปฏิบัติการคอมพิวเตอร์     ✓  0.968   0.48ชม   53.3%  0.866  0.857  0.5426  46.7%
  3C05-06            ห้องปฏิบัติการคอมพิวเตอร์     ✓  0.939   0.71ชม   41.5%  0.865  0.858  0.5449  58.5%
  3C10-11(SMARTCLASSROOM) smart classroom     ✓  0.954   0.38ชม   31.8%  0.940  0.940  0.3332  68.2%
  3C12               ห้องประชุม/สัมมนา     ✓  0.954   0.37ชม   31.8%  0.934  0.933  0.3503  68.2%
  3C15-16            ห้องปฏิบัติการคอมพิวเตอร์     ✓  0.963   0.38ชม   32.6%  0.934  0.930  0.3503  67.4%
  4C05(VDOCONFERENCE) ห้องประชุม/vdo conference     ✓  0.954   0.37ชม   31.7%  0.952  0.952  0.2991  68.3%
  ห้องบรรยาย2110     ห้องบรรยาย       ✓  0.955   0.37ชม   31.7%  0.946  0.946  0.3161  68.3%
  ห้องบรรยาย2201     ห้องบรรยาย       ✓  0.954   0.37ชม   31.7%  0.934  0.933  0.3503  68.3%
  ห้องบรรยาย2203     ห้องบรรยาย       ✓  0.955   0.37ชม   31.7%  0.934  0.934  0.3503  68.3%
  ห้องบรรยาย2205     ห้องบรรยาย       ✓  0.954   0.37ชม   31.7%  0.940  0.940  0.3332  68.3%
  ห้องบรรยาย2209     ห้องบรรยาย       ✓  0.954   0.37ชม   31.8%  0.952  0.952  0.2991  68.2%
  ห้องบรรยาย2305     ห้องบรรยาย       ✓  0.955   0.37ชม   31.6%  0.952  0.952  0.2991  68.4%
  1C-MEETING         ห้องประชุม       ✗  0.697   0.13ชม   55.1%  0.993  0.990  0.1822  44.9%
  POL123(สำนักงานชั้น1) ห้องประชุม       ✗  0.697   0.13ชม   55.1%  0.993  0.990  0.1822  44.9%
  POL228ห้องเรียนชั้น2 ห้องเรียน        ✓  0.955   0.37ชม   31.8%  0.934  0.934  0.3503  68.2%
  POLSMARTCLASSROOM(C) smart classroom     ✓  0.954   0.37ชม   31.7%  0.940  0.940  0.3332  68.3%
  BIOACTIVELEARNING(บรรยาย5ชั้น1) ห้องเรียน/active learning     ✓  0.954   0.37ชม   31.7%  0.946  0.946  0.3161  68.3%
  BIO1ห้องบรรยาย1ชั้น1 ห้องบรรยาย       ✓  0.954   0.37ชม   31.8%  0.946  0.946  0.3161  68.2%
  BIO3ห้องบรรยาย3ชั้น3 ห้องบรรยาย       ✓  0.954   0.37ชม   31.8%  0.946  0.946  0.3161  68.2%
  BIO4ห้องบรรยาย4ชั้น1 ห้องบรรยาย       ✓  0.954   0.38ชม   31.8%  0.934  0.933  0.3503  68.2%
  SC302ชั้น3         ห้องเรียน/ประชุม     ✓  0.954   0.37ชม   31.7%  0.940  0.940  0.3332  68.3%
  SC349ชั้น3         ห้องเรียน/ประชุม     ✓  0.955   0.37ชม   31.6%  0.946  0.947  0.3161  68.4%
  SC350ชั้น3         ห้องเรียน/ประชุม     ✓  0.954   0.37ชม   31.8%  0.940  0.940  0.3332  68.2%
  EN6206ปฏิบัติการคอมพิวเตอร์ ห้องปฏิบัติการคอมพิวเตอร์     ✓  0.964   0.38ชม   32.5%  0.934  0.933  0.3503  67.5%
  1C-MEETING         ห้องประชุม       ✗  0.697   0.13ชม   55.1%  0.993  0.990  0.1822  44.9%
  ลานกิจกรรมEN6ชั้น1ZONEB ลานกิจกรรม       ✓  0.955   0.37ชม   31.7%  0.946  0.946  0.3161  68.3%
  AGCOMPUTER1        ห้องปฏิบัติการคอมพิวเตอร์     ✓  0.963   0.38ชม   32.7%  0.934  0.934  0.3503  67.3%
  AGCOMPUTER2        ห้องปฏิบัติการคอมพิวเตอร์     ✓  0.963   0.38ชม   32.6%  0.940  0.938  0.3332  67.4%
  AGCOMPUTER3        ห้องปฏิบัติการคอมพิวเตอร์     ✓  0.963   0.38ชม   32.7%  0.928  0.929  0.3673  67.3%
  CMP_101ออดิทอเรียม auditorium       ✓  0.955   0.37ชม   31.7%  0.940  0.939  0.3332  68.3%
  CMP_103ห้องบรรยาย  ห้องบรรยาย       ✓  0.954   0.37ชม   31.7%  0.934  0.933  0.3503  68.3%
  CMP_131SMARTCLASSROOM smart classroom     ✓  0.955   0.37ชม   31.8%  0.934  0.934  0.3503  68.2%
  CMP_201ห้องวิจัย   ห้องวิจัย        ✓  0.954   0.37ชม   31.7%  0.946  0.947  0.3161  68.3%
  CMP_211ปฏิบัติการชีวเคมีฯ ห้องปฏิบัติการ     ✓  0.955   0.37ชม   31.8%  0.940  0.939  0.3332  68.2%
  CMP_213ปฏิบัติการสรีรวิทยาฯ ห้องปฏิบัติการ     ✓  0.954   0.37ชม   31.7%  0.940  0.940  0.3332  68.3%
  1C-MEETING         ห้องประชุม       ✗  0.697   0.13ชม   55.1%  0.993  0.990  0.1822  44.9%
  NTC_313ห้องเรียน   ห้องเรียน        ✓  0.954   0.37ชม   31.7%  0.946  0.945  0.3161  68.3%
  NTC_409ห้องเรียน   ห้องเรียน        ✓  0.954   0.37ชม   31.7%  0.946  0.946  0.3161  68.3%
  ห้องโถงกิจกรรมชั้น1 โถง/ห้องกิจกรรม     ✓  0.955   0.37ชม   31.7%  0.940  0.939  0.3332  68.3%
  1C-MEETING         ห้องประชุม       ✗  0.524   0.08ชม    7.7%  0.714  0.758  0.9720  92.3%
  1C-MEETING         ห้องประชุม       ✗  0.717   0.12ชม   64.2%  0.993  0.990  0.1822  35.8%
  CLB4100บันทึกวีดิโอ ห้อง vdo recording     ✓  0.954   0.38ชม   31.8%  0.946  0.947  0.3161  68.2%
  CLB4104LIVEONLINE  ห้อง live/self-record     ✓  0.707   0.11ชม    5.9%  0.714  0.747  0.9720  94.1%
  CLB4201SMARTCLASSROOM smart classroom vdo     ✓  0.953   0.38ชม   31.8%  0.934  0.932  0.3503  68.2%
  CLB4202SMARTCLASSROOM smart classroom vdo     ✓  0.955   0.37ชม   31.7%  0.946  0.946  0.3161  68.3%
  CLB4203SMARTCLASSROOM smart classroom vdo     ✓  0.954   0.37ชม   31.7%  0.952  0.952  0.2991  68.3%
  OARทองกวาวVDOSTUDIO vdo studio       ✓  0.954   0.37ชม   31.7%  0.946  0.947  0.3161  68.3%
  OARยางนาOBSSTUDIO  obs studio       ✓  0.954   0.37ชม   31.8%  0.946  0.946  0.3161  68.2%
  บัวบา1             ห้องกลุ่มย่อย     ✓  0.954   0.37ชม   31.8%  0.940  0.940  0.3332  68.2%
  บัวบา2             ห้องกลุ่มย่อย     ✓  0.955   0.37ชม   31.7%  0.946  0.946  0.3161  68.3%
  บัวบา4             ห้องกลุ่มย่อย     ✓  0.954   0.38ชม   31.8%  0.940  0.939  0.3332  68.2%
  บัวบา6             ห้องกลุ่มย่อย     ✓  0.954   0.38ชม   31.8%  0.934  0.933  0.3503  68.2%
  บัวบา7             ห้องกลุ่มย่อย     ✓  0.954   0.37ชม   31.8%  0.952  0.952  0.2991  68.2%
  บัวบา9             ห้องกลุ่มย่อย     ✓  0.954   0.37ชม   31.7%  0.946  0.945  0.3161  68.3%
  ห้องบัวหลวง        ห้องประชุม       ✗  0.697   0.13ชม   55.1%  0.993  0.990  0.1822  44.9%
  ห้องESANZONE       ห้องกิจกรรม      ✓  0.955   0.37ชม   31.6%  0.946  0.946  0.3161  68.4%
  LOCKARD            ห้องเรียน        ✓  0.954   0.38ชม   31.8%  0.934  0.931  0.3503  68.2%
  ห้องยางนา          ห้องประชุม       ✗  0.697   0.13ชม   55.1%  0.993  0.990  0.1822  44.9%
  3C16-17            ห้องปฏิบัติการคอมพิวเตอร์     ✓  0.982   0.50ชม   38.2%  0.988  0.994  0.1973  61.8%
  4C05               ห้องปฏิบัติการคอมพิวเตอร์     ✗  0.964   0.11ชม   47.5%  0.976  0.975  0.2316  52.5%
----------------------------------------------------------------------------------------------------
  เฉลี่ย                                 0.917   0.34ชม   35.2%  0.938  0.938  0.3375  64.8%

🖼️  Run: python ml/saved/generate_plots.py to create training-curve PNGs.

── จำนวน Record ต่อระดับ ──
  urgent  : 1,208
  high    : 7,291
  medium  : 7,084
  low     : 22,631
============================================================
--- [23:52:06] Set C training finished, archiving ---
--- [23:52:13] Set C archived to saved_models_C_new / saved_meta_C_new ---
=== ABCDE experiment finished at Sat Aug  8 23:52:13 +07 2026 ===
Live saved_models/ and saved_meta/ now hold Set C (trained last, current data).
Fresh archives (current data, same room population across all 5 sets):
  saved_models_A_new / saved_meta_A_new
  saved_models_B_new / saved_meta_B_new
  saved_models_D_new / saved_meta_D_new
  saved_models_E_new / saved_meta_E_new
  saved_models_C_new / saved_meta_C_new
